edges,edge_labels,query_edge,query_label,story_id
"[(0, 0), (1, 1), (2, 2), (3, 3), (4, 4), (0, 3), (0, 4), (1, 4), (2, 4), (2, 2), (3, 3), (3, 3), (2, 2), (1, 1), (0, 0), (1, 2), (2, 2)]","['is_person', 'is_person', 'is_person', 'is_person', 'is_place', 'living_in_same_place', 'living_in', 'living_in', 'living_in', 'no_sisters', 'no_sons', 'is_underage', 'is_underage', 'is_female', 'is_underage', 'living_in_same_place', 'is_female']","(2, 1)",['living_in_same_place'],0
"[(0, 0), (1, 1), (2, 2), (3, 3), (4, 4), (0, 3), (0, 4), (1, 4), (2, 4), (2, 2), (3, 3), (3, 3), (2, 2), (1, 1), (0, 0), (1, 2), (2, 2)]","['is_person', 'is_person', 'is_person', 'is_person', 'is_place', 'living_in_same_place', 'living_in', 'living_in', 'living_in', 'no_sisters', 'no_sons', 'is_underage', 'is_underage', 'is_female', 'is_underage', 'living_in_same_place', 'is_female']","(3, 4)",['living_in'],0
"[(0, 0), (1, 1), (2, 2), (3, 3), (4, 4), (0, 3), (0, 4), (1, 4), (2, 4), (2, 2), (3, 3), (3, 3), (2, 2), (1, 1), (0, 0), (1, 2), (2, 2)]","['is_person', 'is_person', 'is_person', 'is_person', 'is_place', 'living_in_same_place', 'living_in', 'living_in', 'living_in', 'no_sisters', 'no_sons', 'is_underage', 'is_underage', 'is_female', 'is_underage', 'living_in_same_place', 'is_female']","(3, 0)",['living_in_same_place'],0
"[(0, 0), (1, 1), (2, 2), (3, 3), (4, 4), (5, 5), (0, 5), (4, 4), (1, 5), (0, 0), (2, 2), (3, 3), (3, 4), (1, 1), (1, 2), (4, 4), (0, 0), (4, 4), (0, 1), (3, 2), (4, 2), (2, 5)]","['is_person', 'is_person', 'is_person', 'is_person', 'is_person', 'is_place', 'living_in', 'is_female', 'living_in', 'is_female', 'no_brothers', 'no_sons', 'living_in_same_place', 'is_underage', 'living_in_same_place', 'no_sons', 'is_underage', 'is_underage', 'niece_of', 'living_in_same_place', 'living_in_same_place', 'paternal_uncle_of']","(4, 3)",['living_in_same_place'],1
"[(0, 0), (1, 1), (2, 2), (3, 3), (4, 4), (5, 5), (0, 5), (4, 4), (1, 5), (0, 0), (2, 2), (3, 3), (3, 4), (1, 1), (1, 2), (4, 4), (0, 0), (4, 4), (0, 1), (3, 2), (4, 2), (2, 5)]","['is_person', 'is_person', 'is_person', 'is_person', 'is_person', 'is_place', 'living_in', 'is_female', 'living_in', 'is_female', 'no_brothers', 'no_sons', 'living_in_same_place', 'is_underage', 'living_in_same_place', 'no_sons', 'is_underage', 'is_underage', 'niece_of', 'living_in_same_place', 'living_in_same_place', 'paternal_uncle_of']","(2, 5)","['paternal_uncle_of', 'living_in']",1
"[(0, 0), (1, 1), (2, 2), (3, 3), (4, 4), (5, 5), (0, 5), (4, 4), (1, 5), (0, 0), (2, 2), (3, 3), (3, 4), (1, 1), (1, 2), (4, 4), (0, 0), (4, 4), (0, 1), (3, 2), (4, 2), (2, 5)]","['is_person', 'is_person', 'is_person', 'is_person', 'is_person', 'is_place', 'living_in', 'is_female', 'living_in', 'is_female', 'no_brothers', 'no_sons', 'living_in_same_place', 'is_underage', 'living_in_same_place', 'no_sons', 'is_underage', 'is_underage', 'niece_of', 'living_in_same_place', 'living_in_same_place', 'paternal_uncle_of']","(2, 1)",['living_in_same_place'],1
"[(0, 0), (1, 1), (2, 2), (3, 3), (4, 4), (5, 5), (0, 5), (4, 4), (1, 5), (0, 0), (2, 2), (3, 3), (3, 4), (1, 1), (1, 2), (4, 4), (0, 0), (4, 4), (0, 1), (3, 2), (4, 2), (2, 5)]","['is_person', 'is_person', 'is_person', 'is_person', 'is_person', 'is_place', 'living_in', 'is_female', 'living_in', 'is_female', 'no_brothers', 'no_sons', 'living_in_same_place', 'is_underage', 'living_in_same_place', 'no_sons', 'is_underage', 'is_underage', 'niece_of', 'living_in_same_place', 'living_in_same_place', 'paternal_uncle_of']","(0, 1)","['niece_of', 'nibling_of']",1
"[(0, 0), (1, 1), (2, 2), (3, 3), (4, 4), (5, 5), (0, 5), (4, 4), (1, 5), (0, 0), (2, 2), (3, 3), (3, 4), (1, 1), (1, 2), (4, 4), (0, 0), (4, 4), (0, 1), (3, 2), (4, 2), (2, 5)]","['is_person', 'is_person', 'is_person', 'is_person', 'is_person', 'is_place', 'living_in', 'is_female', 'living_in', 'is_female', 'no_brothers', 'no_sons', 'living_in_same_place', 'is_underage', 'living_in_same_place', 'no_sons', 'is_underage', 'is_underage', 'niece_of', 'living_in_same_place', 'living_in_same_place', 'paternal_uncle_of']","(1, 3)",['living_in_same_place'],1
"[(0, 0), (1, 1), (2, 2), (3, 3), (4, 4), (5, 5), (0, 5), (4, 4), (1, 5), (0, 0), (2, 2), (3, 3), (3, 4), (1, 1), (1, 2), (4, 4), (0, 0), (4, 4), (0, 1), (3, 2), (4, 2), (2, 5)]","['is_person', 'is_person', 'is_person', 'is_person', 'is_person', 'is_place', 'living_in', 'is_female', 'living_in', 'is_female', 'no_brothers', 'no_sons', 'living_in_same_place', 'is_underage', 'living_in_same_place', 'no_sons', 'is_underage', 'is_underage', 'niece_of', 'living_in_same_place', 'living_in_same_place', 'paternal_uncle_of']","(2, 3)",['living_in_same_place'],1
"[(0, 0), (1, 1), (2, 2), (3, 3), (4, 4), (5, 5), (0, 5), (4, 4), (1, 5), (0, 0), (2, 2), (3, 3), (3, 4), (1, 1), (1, 2), (4, 4), (0, 0), (4, 4), (0, 1), (3, 2), (4, 2), (2, 5)]","['is_person', 'is_person', 'is_person', 'is_person', 'is_person', 'is_place', 'living_in', 'is_female', 'living_in', 'is_female', 'no_brothers', 'no_sons', 'living_in_same_place', 'is_underage', 'living_in_same_place', 'no_sons', 'is_underage', 'is_underage', 'niece_of', 'living_in_same_place', 'living_in_same_place', 'paternal_uncle_of']","(1, 4)",['living_in_same_place'],1
"[(0, 0), (1, 1), (2, 2), (3, 3), (4, 4), (5, 5), (0, 5), (4, 4), (1, 5), (0, 0), (2, 2), (3, 3), (3, 4), (1, 1), (1, 2), (4, 4), (0, 0), (4, 4), (0, 1), (3, 2), (4, 2), (2, 5)]","['is_person', 'is_person', 'is_person', 'is_person', 'is_person', 'is_place', 'living_in', 'is_female', 'living_in', 'is_female', 'no_brothers', 'no_sons', 'living_in_same_place', 'is_underage', 'living_in_same_place', 'no_sons', 'is_underage', 'is_underage', 'niece_of', 'living_in_same_place', 'living_in_same_place', 'paternal_uncle_of']","(4, 5)",['living_in'],1
"[(0, 0), (1, 1), (2, 2), (3, 3), (4, 4), (5, 5), (0, 5), (4, 4), (1, 5), (0, 0), (2, 2), (3, 3), (3, 4), (1, 1), (1, 2), (4, 4), (0, 0), (4, 4), (0, 1), (3, 2), (4, 2), (2, 5)]","['is_person', 'is_person', 'is_person', 'is_person', 'is_person', 'is_place', 'living_in', 'is_female', 'living_in', 'is_female', 'no_brothers', 'no_sons', 'living_in_same_place', 'is_underage', 'living_in_same_place', 'no_sons', 'is_underage', 'is_underage', 'niece_of', 'living_in_same_place', 'living_in_same_place', 'paternal_uncle_of']","(1, 0)",['aunt_or_uncle_of'],1
"[(0, 0), (1, 1), (2, 2), (3, 3), (4, 4), (5, 5), (0, 5), (4, 4), (1, 5), (0, 0), (2, 2), (3, 3), (3, 4), (1, 1), (1, 2), (4, 4), (0, 0), (4, 4), (0, 1), (3, 2), (4, 2), (2, 5)]","['is_person', 'is_person', 'is_person', 'is_person', 'is_person', 'is_place', 'living_in', 'is_female', 'living_in', 'is_female', 'no_brothers', 'no_sons', 'living_in_same_place', 'is_underage', 'living_in_same_place', 'no_sons', 'is_underage', 'is_underage', 'niece_of', 'living_in_same_place', 'living_in_same_place', 'paternal_uncle_of']","(3, 1)",['living_in_same_place'],1
"[(0, 0), (1, 1), (2, 2), (3, 3), (4, 4), (5, 5), (0, 5), (4, 4), (1, 5), (0, 0), (2, 2), (3, 3), (3, 4), (1, 1), (1, 2), (4, 4), (0, 0), (4, 4), (0, 1), (3, 2), (4, 2), (2, 5)]","['is_person', 'is_person', 'is_person', 'is_person', 'is_person', 'is_place', 'living_in', 'is_female', 'living_in', 'is_female', 'no_brothers', 'no_sons', 'living_in_same_place', 'is_underage', 'living_in_same_place', 'no_sons', 'is_underage', 'is_underage', 'niece_of', 'living_in_same_place', 'living_in_same_place', 'paternal_uncle_of']","(3, 5)",['living_in'],1
"[(0, 0), (1, 1), (2, 2), (3, 3), (4, 4), (5, 5), (0, 5), (4, 4), (1, 5), (0, 0), (2, 2), (3, 3), (3, 4), (1, 1), (1, 2), (4, 4), (0, 0), (4, 4), (0, 1), (3, 2), (4, 2), (2, 5)]","['is_person', 'is_person', 'is_person', 'is_person', 'is_person', 'is_place', 'living_in', 'is_female', 'living_in', 'is_female', 'no_brothers', 'no_sons', 'living_in_same_place', 'is_underage', 'living_in_same_place', 'no_sons', 'is_underage', 'is_underage', 'niece_of', 'living_in_same_place', 'living_in_same_place', 'paternal_uncle_of']","(2, 4)",['living_in_same_place'],1
"[(0, 0), (1, 1), (2, 2), (3, 3), (4, 4), (5, 5), (0, 5), (4, 4), (1, 5), (0, 0), (2, 2), (3, 3), (3, 4), (1, 1), (1, 2), (4, 4), (0, 0), (4, 4), (0, 1), (3, 2), (4, 2), (2, 5)]","['is_person', 'is_person', 'is_person', 'is_person', 'is_person', 'is_place', 'living_in', 'is_female', 'living_in', 'is_female', 'no_brothers', 'no_sons', 'living_in_same_place', 'is_underage', 'living_in_same_place', 'no_sons', 'is_underage', 'is_underage', 'niece_of', 'living_in_same_place', 'living_in_same_place', 'paternal_uncle_of']","(4, 1)",['living_in_same_place'],1
"[(0, 0), (1, 1), (2, 2), (3, 3), (4, 4), (5, 5), (0, 2), (0, 5), (3, 5), (0, 0), (2, 5), (1, 1), (1, 5), (1, 4), (4, 5), (3, 3), (1, 1), (5, 2), (0, 0), (0, 2), (3, 3), (4, 4)]","['is_person', 'is_person', 'is_person', 'is_person', 'is_person', 'is_place', 'aunt_or_uncle_of', 'living_in', 'living_in', 'is_male', 'living_in', 'is_underage', 'living_in', 'living_in_same_place', 'living_in', 'no_brothers', 'no_sisters', 'paternal_grandparent_of', 'is_underage', 'maternal_uncle_of', 'is_male', 'is_underage']","(2, 0)",['nibling_of'],2
"[(0, 0), (1, 1), (2, 2), (3, 3), (4, 4), (5, 5), (0, 2), (0, 5), (3, 5), (0, 0), (2, 5), (1, 1), (1, 5), (1, 4), (4, 5), (3, 3), (1, 1), (5, 2), (0, 0), (0, 2), (3, 3), (4, 4)]","['is_person', 'is_person', 'is_person', 'is_person', 'is_person', 'is_place', 'aunt_or_uncle_of', 'living_in', 'living_in', 'is_male', 'living_in', 'is_underage', 'living_in', 'living_in_same_place', 'living_in', 'no_brothers', 'no_sisters', 'paternal_grandparent_of', 'is_underage', 'maternal_uncle_of', 'is_male', 'is_underage']","(0, 2)","['aunt_or_uncle_of', 'maternal_uncle_of', 'uncle_of']",2
"[(0, 0), (1, 1), (2, 2), (3, 3), (4, 4), (5, 5), (0, 2), (0, 5), (3, 5), (0, 0), (2, 5), (1, 1), (1, 5), (1, 4), (4, 5), (3, 3), (1, 1), (5, 2), (0, 0), (0, 2), (3, 3), (4, 4)]","['is_person', 'is_person', 'is_person', 'is_person', 'is_person', 'is_place', 'aunt_or_uncle_of', 'living_in', 'living_in', 'is_male', 'living_in', 'is_underage', 'living_in', 'living_in_same_place', 'living_in', 'no_brothers', 'no_sisters', 'paternal_grandparent_of', 'is_underage', 'maternal_uncle_of', 'is_male', 'is_underage']","(4, 1)",['living_in_same_place'],2
"[(0, 0), (1, 1), (2, 2), (3, 3), (4, 4), (5, 5), (0, 5), (4, 0), (4, 5), (3, 0), (4, 4), (1, 5), (3, 1), (1, 1), (0, 0), (1, 1), (4, 4), (3, 5), (0, 0), (2, 2), (0, 0), (0, 3), (0, 2), (4, 4)]","['is_person', 'is_person', 'is_person', 'is_person', 'is_person', 'is_place', 'living_in', 'nibling_of', 'living_in', 'living_in_same_place', 'is_female', 'living_in', 'son_in_law_of', 'is_underage', 'is_underage', 'no_sons', 'is_underage', 'living_in', 'is_female', 'is_underage', 'no_daughters', 'sister_in_law_of', 'school_mates_with', 'no_daughters']","(0, 4)","['aunt_or_uncle_of', 'aunt_of']",3
"[(0, 0), (1, 1), (2, 2), (3, 3), (4, 4), (5, 5), (0, 5), (4, 0), (4, 5), (3, 0), (4, 4), (1, 5), (3, 1), (1, 1), (0, 0), (1, 1), (4, 4), (3, 5), (0, 0), (2, 2), (0, 0), (0, 3), (0, 2), (4, 4)]","['is_person', 'is_person', 'is_person', 'is_person', 'is_person', 'is_place', 'living_in', 'nibling_of', 'living_in', 'living_in_same_place', 'is_female', 'living_in', 'son_in_law_of', 'is_underage', 'is_underage', 'no_sons', 'is_underage', 'living_in', 'is_female', 'is_underage', 'no_daughters', 'sister_in_law_of', 'school_mates_with', 'no_daughters']","(2, 0)","['school_mates_with', 'living_in_same_place']",3
"[(0, 0), (1, 1), (2, 2), (3, 3), (4, 4), (5, 5), (0, 5), (4, 0), (4, 5), (3, 0), (4, 4), (1, 5), (3, 1), (1, 1), (0, 0), (1, 1), (4, 4), (3, 5), (0, 0), (2, 2), (0, 0), (0, 3), (0, 2), (4, 4)]","['is_person', 'is_person', 'is_person', 'is_person', 'is_person', 'is_place', 'living_in', 'nibling_of', 'living_in', 'living_in_same_place', 'is_female', 'living_in', 'son_in_law_of', 'is_underage', 'is_underage', 'no_sons', 'is_underage', 'living_in', 'is_female', 'is_underage', 'no_daughters', 'sister_in_law_of', 'school_mates_with', 'no_daughters']","(3, 2)",['living_in_same_place'],3
"[(0, 0), (1, 1), (2, 2), (3, 3), (4, 4), (5, 5), (0, 5), (4, 0), (4, 5), (3, 0), (4, 4), (1, 5), (3, 1), (1, 1), (0, 0), (1, 1), (4, 4), (3, 5), (0, 0), (2, 2), (0, 0), (0, 3), (0, 2), (4, 4)]","['is_person', 'is_person', 'is_person', 'is_person', 'is_person', 'is_place', 'living_in', 'nibling_of', 'living_in', 'living_in_same_place', 'is_female', 'living_in', 'son_in_law_of', 'is_underage', 'is_underage', 'no_sons', 'is_underage', 'living_in', 'is_female', 'is_underage', 'no_daughters', 'sister_in_law_of', 'school_mates_with', 'no_daughters']","(2, 5)",['living_in'],3
"[(0, 0), (1, 1), (2, 2), (3, 3), (4, 4), (5, 5), (0, 5), (4, 0), (4, 5), (3, 0), (4, 4), (1, 5), (3, 1), (1, 1), (0, 0), (1, 1), (4, 4), (3, 5), (0, 0), (2, 2), (0, 0), (0, 3), (0, 2), (4, 4)]","['is_person', 'is_person', 'is_person', 'is_person', 'is_person', 'is_place', 'living_in', 'nibling_of', 'living_in', 'living_in_same_place', 'is_female', 'living_in', 'son_in_law_of', 'is_underage', 'is_underage', 'no_sons', 'is_underage', 'living_in', 'is_female', 'is_underage', 'no_daughters', 'sister_in_law_of', 'school_mates_with', 'no_daughters']","(1, 3)",['parent_in_law_of'],3
"[(0, 0), (1, 1), (2, 2), (3, 3), (4, 4), (5, 5), (0, 5), (4, 0), (4, 5), (3, 0), (4, 4), (1, 5), (3, 1), (1, 1), (0, 0), (1, 1), (4, 4), (3, 5), (0, 0), (2, 2), (0, 0), (0, 3), (0, 2), (4, 4)]","['is_person', 'is_person', 'is_person', 'is_person', 'is_person', 'is_place', 'living_in', 'nibling_of', 'living_in', 'living_in_same_place', 'is_female', 'living_in', 'son_in_law_of', 'is_underage', 'is_underage', 'no_sons', 'is_underage', 'living_in', 'is_female', 'is_underage', 'no_daughters', 'sister_in_law_of', 'school_mates_with', 'no_daughters']","(0, 2)","['school_mates_with', 'living_in_same_place']",3
"[(0, 0), (1, 1), (2, 2), (3, 3), (4, 4), (5, 5), (0, 5), (4, 0), (4, 5), (3, 0), (4, 4), (1, 5), (3, 1), (1, 1), (0, 0), (1, 1), (4, 4), (3, 5), (0, 0), (2, 2), (0, 0), (0, 3), (0, 2), (4, 4)]","['is_person', 'is_person', 'is_person', 'is_person', 'is_person', 'is_place', 'living_in', 'nibling_of', 'living_in', 'living_in_same_place', 'is_female', 'living_in', 'son_in_law_of', 'is_underage', 'is_underage', 'no_sons', 'is_underage', 'living_in', 'is_female', 'is_underage', 'no_daughters', 'sister_in_law_of', 'school_mates_with', 'no_daughters']","(3, 1)","['son_in_law_of', 'child_in_law_of']",3
"[(0, 0), (1, 1), (2, 2), (3, 3), (4, 4), (5, 5), (0, 5), (4, 0), (4, 5), (3, 0), (4, 4), (1, 5), (3, 1), (1, 1), (0, 0), (1, 1), (4, 4), (3, 5), (0, 0), (2, 2), (0, 0), (0, 3), (0, 2), (4, 4)]","['is_person', 'is_person', 'is_person', 'is_person', 'is_person', 'is_place', 'living_in', 'nibling_of', 'living_in', 'living_in_same_place', 'is_female', 'living_in', 'son_in_law_of', 'is_underage', 'is_underage', 'no_sons', 'is_underage', 'living_in', 'is_female', 'is_underage', 'no_daughters', 'sister_in_law_of', 'school_mates_with', 'no_daughters']","(3, 3)",['is_male'],3
"[(0, 0), (1, 1), (2, 2), (3, 3), (4, 4), (5, 5), (0, 5), (4, 0), (4, 5), (3, 0), (4, 4), (1, 5), (3, 1), (1, 1), (0, 0), (1, 1), (4, 4), (3, 5), (0, 0), (2, 2), (0, 0), (0, 3), (0, 2), (4, 4)]","['is_person', 'is_person', 'is_person', 'is_person', 'is_person', 'is_place', 'living_in', 'nibling_of', 'living_in', 'living_in_same_place', 'is_female', 'living_in', 'son_in_law_of', 'is_underage', 'is_underage', 'no_sons', 'is_underage', 'living_in', 'is_female', 'is_underage', 'no_daughters', 'sister_in_law_of', 'school_mates_with', 'no_daughters']","(3, 0)","['living_in_same_place', 'sibling_in_law_of', 'brother_in_law_of']",3
"[(0, 0), (1, 1), (2, 2), (3, 3), (4, 4), (5, 5), (0, 5), (4, 0), (4, 5), (3, 0), (4, 4), (1, 5), (3, 1), (1, 1), (0, 0), (1, 1), (4, 4), (3, 5), (0, 0), (2, 2), (0, 0), (0, 3), (0, 2), (4, 4)]","['is_person', 'is_person', 'is_person', 'is_person', 'is_person', 'is_place', 'living_in', 'nibling_of', 'living_in', 'living_in_same_place', 'is_female', 'living_in', 'son_in_law_of', 'is_underage', 'is_underage', 'no_sons', 'is_underage', 'living_in', 'is_female', 'is_underage', 'no_daughters', 'sister_in_law_of', 'school_mates_with', 'no_daughters']","(2, 3)",['living_in_same_place'],3
"[(0, 0), (1, 1), (2, 2), (3, 3), (4, 4), (5, 5), (0, 5), (4, 0), (4, 5), (3, 0), (4, 4), (1, 5), (3, 1), (1, 1), (0, 0), (1, 1), (4, 4), (3, 5), (0, 0), (2, 2), (0, 0), (0, 3), (0, 2), (4, 4)]","['is_person', 'is_person', 'is_person', 'is_person', 'is_person', 'is_place', 'living_in', 'nibling_of', 'living_in', 'living_in_same_place', 'is_female', 'living_in', 'son_in_law_of', 'is_underage', 'is_underage', 'no_sons', 'is_underage', 'living_in', 'is_female', 'is_underage', 'no_daughters', 'sister_in_law_of', 'school_mates_with', 'no_daughters']","(4, 0)","['nibling_of', 'niece_of']",3
"[(0, 0), (1, 1), (2, 2), (3, 3), (4, 4), (5, 5), (0, 5), (4, 0), (4, 5), (3, 0), (4, 4), (1, 5), (3, 1), (1, 1), (0, 0), (1, 1), (4, 4), (3, 5), (0, 0), (2, 2), (0, 0), (0, 3), (0, 2), (4, 4)]","['is_person', 'is_person', 'is_person', 'is_person', 'is_person', 'is_place', 'living_in', 'nibling_of', 'living_in', 'living_in_same_place', 'is_female', 'living_in', 'son_in_law_of', 'is_underage', 'is_underage', 'no_sons', 'is_underage', 'living_in', 'is_female', 'is_underage', 'no_daughters', 'sister_in_law_of', 'school_mates_with', 'no_daughters']","(0, 3)","['sister_in_law_of', 'living_in_same_place', 'sibling_in_law_of']",3
"[(0, 0), (1, 1), (2, 2), (3, 3), (4, 4), (5, 5), (6, 6), (7, 7), (2, 7), (2, 6), (3, 3), (0, 7), (4, 4), (0, 0), (4, 4), (1, 1), (1, 7), (6, 6), (2, 2), (6, 6), (0, 0), (5, 5), (1, 2), (5, 7), (0, 4), (5, 5), (3, 3), (4, 3), (0, 5), (5, 6)]","['is_person', 'is_person', 'is_person', 'is_person', 'is_person', 'is_person', 'is_person', 'is_place', 'living_in', 'living_in_same_place', 'no_sisters', 'living_in', 'is_underage', 'is_underage', 'no_sisters', 'is_male', 'living_in', 'is_underage', 'is_underage', 'no_sons', 'no_sons', 'no_brothers', 'living_in_same_place', 'living_in', 'living_in_same_place', 'is_underage', 'is_underage', 'living_in_same_place', 'living_in_same_place', 'living_in_same_place']","(4, 2)",['living_in_same_place'],4
"[(0, 0), (1, 1), (2, 2), (3, 3), (4, 4), (5, 5), (6, 6), (7, 7), (2, 7), (2, 6), (3, 3), (0, 7), (4, 4), (0, 0), (4, 4), (1, 1), (1, 7), (6, 6), (2, 2), (6, 6), (0, 0), (5, 5), (1, 2), (5, 7), (0, 4), (5, 5), (3, 3), (4, 3), (0, 5), (5, 6)]","['is_person', 'is_person', 'is_person', 'is_person', 'is_person', 'is_person', 'is_person', 'is_place', 'living_in', 'living_in_same_place', 'no_sisters', 'living_in', 'is_underage', 'is_underage', 'no_sisters', 'is_male', 'living_in', 'is_underage', 'is_underage', 'no_sons', 'no_sons', 'no_brothers', 'living_in_same_place', 'living_in', 'living_in_same_place', 'is_underage', 'is_underage', 'living_in_same_place', 'living_in_same_place', 'living_in_same_place']","(4, 5)",['living_in_same_place'],4
"[(0, 0), (1, 1), (2, 2), (3, 3), (4, 4), (5, 5), (6, 6), (7, 7), (2, 7), (2, 6), (3, 3), (0, 7), (4, 4), (0, 0), (4, 4), (1, 1), (1, 7), (6, 6), (2, 2), (6, 6), (0, 0), (5, 5), (1, 2), (5, 7), (0, 4), (5, 5), (3, 3), (4, 3), (0, 5), (5, 6)]","['is_person', 'is_person', 'is_person', 'is_person', 'is_person', 'is_person', 'is_person', 'is_place', 'living_in', 'living_in_same_place', 'no_sisters', 'living_in', 'is_underage', 'is_underage', 'no_sisters', 'is_male', 'living_in', 'is_underage', 'is_underage', 'no_sons', 'no_sons', 'no_brothers', 'living_in_same_place', 'living_in', 'living_in_same_place', 'is_underage', 'is_underage', 'living_in_same_place', 'living_in_same_place', 'living_in_same_place']","(3, 2)",['living_in_same_place'],4
"[(0, 0), (1, 1), (2, 2), (3, 3), (4, 4), (5, 5), (6, 6), (7, 7), (2, 7), (2, 6), (3, 3), (0, 7), (4, 4), (0, 0), (4, 4), (1, 1), (1, 7), (6, 6), (2, 2), (6, 6), (0, 0), (5, 5), (1, 2), (5, 7), (0, 4), (5, 5), (3, 3), (4, 3), (0, 5), (5, 6)]","['is_person', 'is_person', 'is_person', 'is_person', 'is_person', 'is_person', 'is_person', 'is_place', 'living_in', 'living_in_same_place', 'no_sisters', 'living_in', 'is_underage', 'is_underage', 'no_sisters', 'is_male', 'living_in', 'is_underage', 'is_underage', 'no_sons', 'no_sons', 'no_brothers', 'living_in_same_place', 'living_in', 'living_in_same_place', 'is_underage', 'is_underage', 'living_in_same_place', 'living_in_same_place', 'living_in_same_place']","(6, 4)",['living_in_same_place'],4
"[(0, 0), (1, 1), (2, 2), (3, 3), (4, 4), (5, 5), (6, 6), (7, 7), (2, 7), (2, 6), (3, 3), (0, 7), (4, 4), (0, 0), (4, 4), (1, 1), (1, 7), (6, 6), (2, 2), (6, 6), (0, 0), (5, 5), (1, 2), (5, 7), (0, 4), (5, 5), (3, 3), (4, 3), (0, 5), (5, 6)]","['is_person', 'is_person', 'is_person', 'is_person', 'is_person', 'is_person', 'is_person', 'is_place', 'living_in', 'living_in_same_place', 'no_sisters', 'living_in', 'is_underage', 'is_underage', 'no_sisters', 'is_male', 'living_in', 'is_underage', 'is_underage', 'no_sons', 'no_sons', 'no_brothers', 'living_in_same_place', 'living_in', 'living_in_same_place', 'is_underage', 'is_underage', 'living_in_same_place', 'living_in_same_place', 'living_in_same_place']","(5, 0)",['living_in_same_place'],4
"[(0, 0), (1, 1), (2, 2), (3, 3), (4, 4), (5, 5), (6, 6), (7, 7), (2, 7), (2, 6), (3, 3), (0, 7), (4, 4), (0, 0), (4, 4), (1, 1), (1, 7), (6, 6), (2, 2), (6, 6), (0, 0), (5, 5), (1, 2), (5, 7), (0, 4), (5, 5), (3, 3), (4, 3), (0, 5), (5, 6)]","['is_person', 'is_person', 'is_person', 'is_person', 'is_person', 'is_person', 'is_person', 'is_place', 'living_in', 'living_in_same_place', 'no_sisters', 'living_in', 'is_underage', 'is_underage', 'no_sisters', 'is_male', 'living_in', 'is_underage', 'is_underage', 'no_sons', 'no_sons', 'no_brothers', 'living_in_same_place', 'living_in', 'living_in_same_place', 'is_underage', 'is_underage', 'living_in_same_place', 'living_in_same_place', 'living_in_same_place']","(6, 5)",['living_in_same_place'],4
"[(0, 0), (1, 1), (2, 2), (3, 3), (4, 4), (5, 5), (6, 6), (7, 7), (2, 7), (2, 6), (3, 3), (0, 7), (4, 4), (0, 0), (4, 4), (1, 1), (1, 7), (6, 6), (2, 2), (6, 6), (0, 0), (5, 5), (1, 2), (5, 7), (0, 4), (5, 5), (3, 3), (4, 3), (0, 5), (5, 6)]","['is_person', 'is_person', 'is_person', 'is_person', 'is_person', 'is_person', 'is_person', 'is_place', 'living_in', 'living_in_same_place', 'no_sisters', 'living_in', 'is_underage', 'is_underage', 'no_sisters', 'is_male', 'living_in', 'is_underage', 'is_underage', 'no_sons', 'no_sons', 'no_brothers', 'living_in_same_place', 'living_in', 'living_in_same_place', 'is_underage', 'is_underage', 'living_in_same_place', 'living_in_same_place', 'living_in_same_place']","(1, 4)",['living_in_same_place'],4
"[(0, 0), (1, 1), (2, 2), (3, 3), (4, 4), (5, 5), (6, 6), (7, 7), (2, 7), (2, 6), (3, 3), (0, 7), (4, 4), (0, 0), (4, 4), (1, 1), (1, 7), (6, 6), (2, 2), (6, 6), (0, 0), (5, 5), (1, 2), (5, 7), (0, 4), (5, 5), (3, 3), (4, 3), (0, 5), (5, 6)]","['is_person', 'is_person', 'is_person', 'is_person', 'is_person', 'is_person', 'is_person', 'is_place', 'living_in', 'living_in_same_place', 'no_sisters', 'living_in', 'is_underage', 'is_underage', 'no_sisters', 'is_male', 'living_in', 'is_underage', 'is_underage', 'no_sons', 'no_sons', 'no_brothers', 'living_in_same_place', 'living_in', 'living_in_same_place', 'is_underage', 'is_underage', 'living_in_same_place', 'living_in_same_place', 'living_in_same_place']","(3, 5)",['living_in_same_place'],4
"[(0, 0), (1, 1), (2, 2), (3, 3), (4, 4), (5, 5), (6, 6), (7, 7), (2, 7), (2, 6), (3, 3), (0, 7), (4, 4), (0, 0), (4, 4), (1, 1), (1, 7), (6, 6), (2, 2), (6, 6), (0, 0), (5, 5), (1, 2), (5, 7), (0, 4), (5, 5), (3, 3), (4, 3), (0, 5), (5, 6)]","['is_person', 'is_person', 'is_person', 'is_person', 'is_person', 'is_person', 'is_person', 'is_place', 'living_in', 'living_in_same_place', 'no_sisters', 'living_in', 'is_underage', 'is_underage', 'no_sisters', 'is_male', 'living_in', 'is_underage', 'is_underage', 'no_sons', 'no_sons', 'no_brothers', 'living_in_same_place', 'living_in', 'living_in_same_place', 'is_underage', 'is_underage', 'living_in_same_place', 'living_in_same_place', 'living_in_same_place']","(2, 5)",['living_in_same_place'],4
"[(0, 0), (1, 1), (2, 2), (3, 3), (4, 4), (5, 5), (6, 6), (7, 7), (2, 7), (2, 6), (3, 3), (0, 7), (4, 4), (0, 0), (4, 4), (1, 1), (1, 7), (6, 6), (2, 2), (6, 6), (0, 0), (5, 5), (1, 2), (5, 7), (0, 4), (5, 5), (3, 3), (4, 3), (0, 5), (5, 6)]","['is_person', 'is_person', 'is_person', 'is_person', 'is_person', 'is_person', 'is_person', 'is_place', 'living_in', 'living_in_same_place', 'no_sisters', 'living_in', 'is_underage', 'is_underage', 'no_sisters', 'is_male', 'living_in', 'is_underage', 'is_underage', 'no_sons', 'no_sons', 'no_brothers', 'living_in_same_place', 'living_in', 'living_in_same_place', 'is_underage', 'is_underage', 'living_in_same_place', 'living_in_same_place', 'living_in_same_place']","(5, 4)",['living_in_same_place'],4
"[(0, 0), (1, 1), (2, 2), (3, 3), (4, 4), (5, 5), (6, 6), (7, 7), (2, 7), (2, 6), (3, 3), (0, 7), (4, 4), (0, 0), (4, 4), (1, 1), (1, 7), (6, 6), (2, 2), (6, 6), (0, 0), (5, 5), (1, 2), (5, 7), (0, 4), (5, 5), (3, 3), (4, 3), (0, 5), (5, 6)]","['is_person', 'is_person', 'is_person', 'is_person', 'is_person', 'is_person', 'is_person', 'is_place', 'living_in', 'living_in_same_place', 'no_sisters', 'living_in', 'is_underage', 'is_underage', 'no_sisters', 'is_male', 'living_in', 'is_underage', 'is_underage', 'no_sons', 'no_sons', 'no_brothers', 'living_in_same_place', 'living_in', 'living_in_same_place', 'is_underage', 'is_underage', 'living_in_same_place', 'living_in_same_place', 'living_in_same_place']","(5, 3)",['living_in_same_place'],4
"[(0, 0), (1, 1), (2, 2), (3, 3), (4, 4), (5, 5), (6, 6), (7, 7), (2, 7), (2, 6), (3, 3), (0, 7), (4, 4), (0, 0), (4, 4), (1, 1), (1, 7), (6, 6), (2, 2), (6, 6), (0, 0), (5, 5), (1, 2), (5, 7), (0, 4), (5, 5), (3, 3), (4, 3), (0, 5), (5, 6)]","['is_person', 'is_person', 'is_person', 'is_person', 'is_person', 'is_person', 'is_person', 'is_place', 'living_in', 'living_in_same_place', 'no_sisters', 'living_in', 'is_underage', 'is_underage', 'no_sisters', 'is_male', 'living_in', 'is_underage', 'is_underage', 'no_sons', 'no_sons', 'no_brothers', 'living_in_same_place', 'living_in', 'living_in_same_place', 'is_underage', 'is_underage', 'living_in_same_place', 'living_in_same_place', 'living_in_same_place']","(6, 1)",['living_in_same_place'],4
"[(0, 0), (1, 1), (2, 2), (3, 3), (4, 4), (5, 5), (6, 6), (7, 7), (2, 7), (2, 6), (3, 3), (0, 7), (4, 4), (0, 0), (4, 4), (1, 1), (1, 7), (6, 6), (2, 2), (6, 6), (0, 0), (5, 5), (1, 2), (5, 7), (0, 4), (5, 5), (3, 3), (4, 3), (0, 5), (5, 6)]","['is_person', 'is_person', 'is_person', 'is_person', 'is_person', 'is_person', 'is_person', 'is_place', 'living_in', 'living_in_same_place', 'no_sisters', 'living_in', 'is_underage', 'is_underage', 'no_sisters', 'is_male', 'living_in', 'is_underage', 'is_underage', 'no_sons', 'no_sons', 'no_brothers', 'living_in_same_place', 'living_in', 'living_in_same_place', 'is_underage', 'is_underage', 'living_in_same_place', 'living_in_same_place', 'living_in_same_place']","(0, 2)",['living_in_same_place'],4
"[(0, 0), (1, 1), (2, 2), (3, 3), (4, 4), (5, 5), (6, 6), (7, 7), (2, 7), (2, 6), (3, 3), (0, 7), (4, 4), (0, 0), (4, 4), (1, 1), (1, 7), (6, 6), (2, 2), (6, 6), (0, 0), (5, 5), (1, 2), (5, 7), (0, 4), (5, 5), (3, 3), (4, 3), (0, 5), (5, 6)]","['is_person', 'is_person', 'is_person', 'is_person', 'is_person', 'is_person', 'is_person', 'is_place', 'living_in', 'living_in_same_place', 'no_sisters', 'living_in', 'is_underage', 'is_underage', 'no_sisters', 'is_male', 'living_in', 'is_underage', 'is_underage', 'no_sons', 'no_sons', 'no_brothers', 'living_in_same_place', 'living_in', 'living_in_same_place', 'is_underage', 'is_underage', 'living_in_same_place', 'living_in_same_place', 'living_in_same_place']","(6, 2)",['living_in_same_place'],4
"[(0, 0), (1, 1), (2, 2), (3, 3), (4, 4), (5, 5), (6, 6), (7, 7), (2, 7), (2, 6), (3, 3), (0, 7), (4, 4), (0, 0), (4, 4), (1, 1), (1, 7), (6, 6), (2, 2), (6, 6), (0, 0), (5, 5), (1, 2), (5, 7), (0, 4), (5, 5), (3, 3), (4, 3), (0, 5), (5, 6)]","['is_person', 'is_person', 'is_person', 'is_person', 'is_person', 'is_person', 'is_person', 'is_place', 'living_in', 'living_in_same_place', 'no_sisters', 'living_in', 'is_underage', 'is_underage', 'no_sisters', 'is_male', 'living_in', 'is_underage', 'is_underage', 'no_sons', 'no_sons', 'no_brothers', 'living_in_same_place', 'living_in', 'living_in_same_place', 'is_underage', 'is_underage', 'living_in_same_place', 'living_in_same_place', 'living_in_same_place']","(4, 7)",['living_in'],4
"[(0, 0), (1, 1), (2, 2), (3, 3), (4, 4), (5, 5), (6, 6), (7, 7), (2, 7), (2, 6), (3, 3), (0, 7), (4, 4), (0, 0), (4, 4), (1, 1), (1, 7), (6, 6), (2, 2), (6, 6), (0, 0), (5, 5), (1, 2), (5, 7), (0, 4), (5, 5), (3, 3), (4, 3), (0, 5), (5, 6)]","['is_person', 'is_person', 'is_person', 'is_person', 'is_person', 'is_person', 'is_person', 'is_place', 'living_in', 'living_in_same_place', 'no_sisters', 'living_in', 'is_underage', 'is_underage', 'no_sisters', 'is_male', 'living_in', 'is_underage', 'is_underage', 'no_sons', 'no_sons', 'no_brothers', 'living_in_same_place', 'living_in', 'living_in_same_place', 'is_underage', 'is_underage', 'living_in_same_place', 'living_in_same_place', 'living_in_same_place']","(3, 4)",['living_in_same_place'],4
"[(0, 0), (1, 1), (2, 2), (3, 3), (4, 4), (5, 5), (6, 6), (7, 7), (2, 7), (2, 6), (3, 3), (0, 7), (4, 4), (0, 0), (4, 4), (1, 1), (1, 7), (6, 6), (2, 2), (6, 6), (0, 0), (5, 5), (1, 2), (5, 7), (0, 4), (5, 5), (3, 3), (4, 3), (0, 5), (5, 6)]","['is_person', 'is_person', 'is_person', 'is_person', 'is_person', 'is_person', 'is_person', 'is_place', 'living_in', 'living_in_same_place', 'no_sisters', 'living_in', 'is_underage', 'is_underage', 'no_sisters', 'is_male', 'living_in', 'is_underage', 'is_underage', 'no_sons', 'no_sons', 'no_brothers', 'living_in_same_place', 'living_in', 'living_in_same_place', 'is_underage', 'is_underage', 'living_in_same_place', 'living_in_same_place', 'living_in_same_place']","(4, 6)",['living_in_same_place'],4
"[(0, 0), (1, 1), (2, 2), (3, 3), (4, 4), (5, 5), (6, 6), (7, 7), (2, 7), (2, 6), (3, 3), (0, 7), (4, 4), (0, 0), (4, 4), (1, 1), (1, 7), (6, 6), (2, 2), (6, 6), (0, 0), (5, 5), (1, 2), (5, 7), (0, 4), (5, 5), (3, 3), (4, 3), (0, 5), (5, 6)]","['is_person', 'is_person', 'is_person', 'is_person', 'is_person', 'is_person', 'is_person', 'is_place', 'living_in', 'living_in_same_place', 'no_sisters', 'living_in', 'is_underage', 'is_underage', 'no_sisters', 'is_male', 'living_in', 'is_underage', 'is_underage', 'no_sons', 'no_sons', 'no_brothers', 'living_in_same_place', 'living_in', 'living_in_same_place', 'is_underage', 'is_underage', 'living_in_same_place', 'living_in_same_place', 'living_in_same_place']","(0, 3)",['living_in_same_place'],4
"[(0, 0), (1, 1), (2, 2), (3, 3), (4, 4), (5, 5), (6, 6), (7, 7), (2, 7), (2, 6), (3, 3), (0, 7), (4, 4), (0, 0), (4, 4), (1, 1), (1, 7), (6, 6), (2, 2), (6, 6), (0, 0), (5, 5), (1, 2), (5, 7), (0, 4), (5, 5), (3, 3), (4, 3), (0, 5), (5, 6)]","['is_person', 'is_person', 'is_person', 'is_person', 'is_person', 'is_person', 'is_person', 'is_place', 'living_in', 'living_in_same_place', 'no_sisters', 'living_in', 'is_underage', 'is_underage', 'no_sisters', 'is_male', 'living_in', 'is_underage', 'is_underage', 'no_sons', 'no_sons', 'no_brothers', 'living_in_same_place', 'living_in', 'living_in_same_place', 'is_underage', 'is_underage', 'living_in_same_place', 'living_in_same_place', 'living_in_same_place']","(3, 1)",['living_in_same_place'],4
"[(0, 0), (1, 1), (2, 2), (3, 3), (4, 4), (5, 5), (6, 6), (7, 7), (2, 7), (2, 6), (3, 3), (0, 7), (4, 4), (0, 0), (4, 4), (1, 1), (1, 7), (6, 6), (2, 2), (6, 6), (0, 0), (5, 5), (1, 2), (5, 7), (0, 4), (5, 5), (3, 3), (4, 3), (0, 5), (5, 6)]","['is_person', 'is_person', 'is_person', 'is_person', 'is_person', 'is_person', 'is_person', 'is_place', 'living_in', 'living_in_same_place', 'no_sisters', 'living_in', 'is_underage', 'is_underage', 'no_sisters', 'is_male', 'living_in', 'is_underage', 'is_underage', 'no_sons', 'no_sons', 'no_brothers', 'living_in_same_place', 'living_in', 'living_in_same_place', 'is_underage', 'is_underage', 'living_in_same_place', 'living_in_same_place', 'living_in_same_place']","(0, 1)",['living_in_same_place'],4
"[(0, 0), (1, 1), (2, 2), (3, 3), (4, 4), (5, 5), (6, 6), (7, 7), (2, 7), (2, 6), (3, 3), (0, 7), (4, 4), (0, 0), (4, 4), (1, 1), (1, 7), (6, 6), (2, 2), (6, 6), (0, 0), (5, 5), (1, 2), (5, 7), (0, 4), (5, 5), (3, 3), (4, 3), (0, 5), (5, 6)]","['is_person', 'is_person', 'is_person', 'is_person', 'is_person', 'is_person', 'is_person', 'is_place', 'living_in', 'living_in_same_place', 'no_sisters', 'living_in', 'is_underage', 'is_underage', 'no_sisters', 'is_male', 'living_in', 'is_underage', 'is_underage', 'no_sons', 'no_sons', 'no_brothers', 'living_in_same_place', 'living_in', 'living_in_same_place', 'is_underage', 'is_underage', 'living_in_same_place', 'living_in_same_place', 'living_in_same_place']","(0, 6)",['living_in_same_place'],4
"[(0, 0), (1, 1), (2, 2), (3, 3), (4, 4), (5, 5), (6, 6), (7, 7), (2, 7), (2, 6), (3, 3), (0, 7), (4, 4), (0, 0), (4, 4), (1, 1), (1, 7), (6, 6), (2, 2), (6, 6), (0, 0), (5, 5), (1, 2), (5, 7), (0, 4), (5, 5), (3, 3), (4, 3), (0, 5), (5, 6)]","['is_person', 'is_person', 'is_person', 'is_person', 'is_person', 'is_person', 'is_person', 'is_place', 'living_in', 'living_in_same_place', 'no_sisters', 'living_in', 'is_underage', 'is_underage', 'no_sisters', 'is_male', 'living_in', 'is_underage', 'is_underage', 'no_sons', 'no_sons', 'no_brothers', 'living_in_same_place', 'living_in', 'living_in_same_place', 'is_underage', 'is_underage', 'living_in_same_place', 'living_in_same_place', 'living_in_same_place']","(1, 5)",['living_in_same_place'],4
"[(0, 0), (1, 1), (2, 2), (3, 3), (4, 4), (5, 5), (6, 6), (7, 7), (2, 7), (2, 6), (3, 3), (0, 7), (4, 4), (0, 0), (4, 4), (1, 1), (1, 7), (6, 6), (2, 2), (6, 6), (0, 0), (5, 5), (1, 2), (5, 7), (0, 4), (5, 5), (3, 3), (4, 3), (0, 5), (5, 6)]","['is_person', 'is_person', 'is_person', 'is_person', 'is_person', 'is_person', 'is_person', 'is_place', 'living_in', 'living_in_same_place', 'no_sisters', 'living_in', 'is_underage', 'is_underage', 'no_sisters', 'is_male', 'living_in', 'is_underage', 'is_underage', 'no_sons', 'no_sons', 'no_brothers', 'living_in_same_place', 'living_in', 'living_in_same_place', 'is_underage', 'is_underage', 'living_in_same_place', 'living_in_same_place', 'living_in_same_place']","(2, 1)",['living_in_same_place'],4
"[(0, 0), (1, 1), (2, 2), (3, 3), (4, 4), (5, 5), (6, 6), (7, 7), (2, 7), (2, 6), (3, 3), (0, 7), (4, 4), (0, 0), (4, 4), (1, 1), (1, 7), (6, 6), (2, 2), (6, 6), (0, 0), (5, 5), (1, 2), (5, 7), (0, 4), (5, 5), (3, 3), (4, 3), (0, 5), (5, 6)]","['is_person', 'is_person', 'is_person', 'is_person', 'is_person', 'is_person', 'is_person', 'is_place', 'living_in', 'living_in_same_place', 'no_sisters', 'living_in', 'is_underage', 'is_underage', 'no_sisters', 'is_male', 'living_in', 'is_underage', 'is_underage', 'no_sons', 'no_sons', 'no_brothers', 'living_in_same_place', 'living_in', 'living_in_same_place', 'is_underage', 'is_underage', 'living_in_same_place', 'living_in_same_place', 'living_in_same_place']","(1, 3)",['living_in_same_place'],4
"[(0, 0), (1, 1), (2, 2), (3, 3), (4, 4), (5, 5), (6, 6), (7, 7), (2, 7), (2, 6), (3, 3), (0, 7), (4, 4), (0, 0), (4, 4), (1, 1), (1, 7), (6, 6), (2, 2), (6, 6), (0, 0), (5, 5), (1, 2), (5, 7), (0, 4), (5, 5), (3, 3), (4, 3), (0, 5), (5, 6)]","['is_person', 'is_person', 'is_person', 'is_person', 'is_person', 'is_person', 'is_person', 'is_place', 'living_in', 'living_in_same_place', 'no_sisters', 'living_in', 'is_underage', 'is_underage', 'no_sisters', 'is_male', 'living_in', 'is_underage', 'is_underage', 'no_sons', 'no_sons', 'no_brothers', 'living_in_same_place', 'living_in', 'living_in_same_place', 'is_underage', 'is_underage', 'living_in_same_place', 'living_in_same_place', 'living_in_same_place']","(6, 0)",['living_in_same_place'],4
"[(0, 0), (1, 1), (2, 2), (3, 3), (4, 4), (5, 5), (6, 6), (7, 7), (2, 7), (2, 6), (3, 3), (0, 7), (4, 4), (0, 0), (4, 4), (1, 1), (1, 7), (6, 6), (2, 2), (6, 6), (0, 0), (5, 5), (1, 2), (5, 7), (0, 4), (5, 5), (3, 3), (4, 3), (0, 5), (5, 6)]","['is_person', 'is_person', 'is_person', 'is_person', 'is_person', 'is_person', 'is_person', 'is_place', 'living_in', 'living_in_same_place', 'no_sisters', 'living_in', 'is_underage', 'is_underage', 'no_sisters', 'is_male', 'living_in', 'is_underage', 'is_underage', 'no_sons', 'no_sons', 'no_brothers', 'living_in_same_place', 'living_in', 'living_in_same_place', 'is_underage', 'is_underage', 'living_in_same_place', 'living_in_same_place', 'living_in_same_place']","(3, 7)",['living_in'],4
"[(0, 0), (1, 1), (2, 2), (3, 3), (4, 4), (5, 5), (6, 6), (7, 7), (2, 7), (2, 6), (3, 3), (0, 7), (4, 4), (0, 0), (4, 4), (1, 1), (1, 7), (6, 6), (2, 2), (6, 6), (0, 0), (5, 5), (1, 2), (5, 7), (0, 4), (5, 5), (3, 3), (4, 3), (0, 5), (5, 6)]","['is_person', 'is_person', 'is_person', 'is_person', 'is_person', 'is_person', 'is_person', 'is_place', 'living_in', 'living_in_same_place', 'no_sisters', 'living_in', 'is_underage', 'is_underage', 'no_sisters', 'is_male', 'living_in', 'is_underage', 'is_underage', 'no_sons', 'no_sons', 'no_brothers', 'living_in_same_place', 'living_in', 'living_in_same_place', 'is_underage', 'is_underage', 'living_in_same_place', 'living_in_same_place', 'living_in_same_place']","(5, 2)",['living_in_same_place'],4
"[(0, 0), (1, 1), (2, 2), (3, 3), (4, 4), (5, 5), (6, 6), (7, 7), (2, 7), (2, 6), (3, 3), (0, 7), (4, 4), (0, 0), (4, 4), (1, 1), (1, 7), (6, 6), (2, 2), (6, 6), (0, 0), (5, 5), (1, 2), (5, 7), (0, 4), (5, 5), (3, 3), (4, 3), (0, 5), (5, 6)]","['is_person', 'is_person', 'is_person', 'is_person', 'is_person', 'is_person', 'is_person', 'is_place', 'living_in', 'living_in_same_place', 'no_sisters', 'living_in', 'is_underage', 'is_underage', 'no_sisters', 'is_male', 'living_in', 'is_underage', 'is_underage', 'no_sons', 'no_sons', 'no_brothers', 'living_in_same_place', 'living_in', 'living_in_same_place', 'is_underage', 'is_underage', 'living_in_same_place', 'living_in_same_place', 'living_in_same_place']","(4, 0)",['living_in_same_place'],4
"[(0, 0), (1, 1), (2, 2), (3, 3), (4, 4), (5, 5), (6, 6), (7, 7), (2, 7), (2, 6), (3, 3), (0, 7), (4, 4), (0, 0), (4, 4), (1, 1), (1, 7), (6, 6), (2, 2), (6, 6), (0, 0), (5, 5), (1, 2), (5, 7), (0, 4), (5, 5), (3, 3), (4, 3), (0, 5), (5, 6)]","['is_person', 'is_person', 'is_person', 'is_person', 'is_person', 'is_person', 'is_person', 'is_place', 'living_in', 'living_in_same_place', 'no_sisters', 'living_in', 'is_underage', 'is_underage', 'no_sisters', 'is_male', 'living_in', 'is_underage', 'is_underage', 'no_sons', 'no_sons', 'no_brothers', 'living_in_same_place', 'living_in', 'living_in_same_place', 'is_underage', 'is_underage', 'living_in_same_place', 'living_in_same_place', 'living_in_same_place']","(3, 6)",['living_in_same_place'],4
"[(0, 0), (1, 1), (2, 2), (3, 3), (4, 4), (5, 5), (6, 6), (7, 7), (2, 7), (2, 6), (3, 3), (0, 7), (4, 4), (0, 0), (4, 4), (1, 1), (1, 7), (6, 6), (2, 2), (6, 6), (0, 0), (5, 5), (1, 2), (5, 7), (0, 4), (5, 5), (3, 3), (4, 3), (0, 5), (5, 6)]","['is_person', 'is_person', 'is_person', 'is_person', 'is_person', 'is_person', 'is_person', 'is_place', 'living_in', 'living_in_same_place', 'no_sisters', 'living_in', 'is_underage', 'is_underage', 'no_sisters', 'is_male', 'living_in', 'is_underage', 'is_underage', 'no_sons', 'no_sons', 'no_brothers', 'living_in_same_place', 'living_in', 'living_in_same_place', 'is_underage', 'is_underage', 'living_in_same_place', 'living_in_same_place', 'living_in_same_place']","(1, 0)",['living_in_same_place'],4
"[(0, 0), (1, 1), (2, 2), (3, 3), (4, 4), (5, 5), (6, 6), (7, 7), (2, 7), (2, 6), (3, 3), (0, 7), (4, 4), (0, 0), (4, 4), (1, 1), (1, 7), (6, 6), (2, 2), (6, 6), (0, 0), (5, 5), (1, 2), (5, 7), (0, 4), (5, 5), (3, 3), (4, 3), (0, 5), (5, 6)]","['is_person', 'is_person', 'is_person', 'is_person', 'is_person', 'is_person', 'is_person', 'is_place', 'living_in', 'living_in_same_place', 'no_sisters', 'living_in', 'is_underage', 'is_underage', 'no_sisters', 'is_male', 'living_in', 'is_underage', 'is_underage', 'no_sons', 'no_sons', 'no_brothers', 'living_in_same_place', 'living_in', 'living_in_same_place', 'is_underage', 'is_underage', 'living_in_same_place', 'living_in_same_place', 'living_in_same_place']","(5, 1)",['living_in_same_place'],4
"[(0, 0), (1, 1), (2, 2), (3, 3), (4, 4), (5, 5), (6, 6), (7, 7), (2, 7), (2, 6), (3, 3), (0, 7), (4, 4), (0, 0), (4, 4), (1, 1), (1, 7), (6, 6), (2, 2), (6, 6), (0, 0), (5, 5), (1, 2), (5, 7), (0, 4), (5, 5), (3, 3), (4, 3), (0, 5), (5, 6)]","['is_person', 'is_person', 'is_person', 'is_person', 'is_person', 'is_person', 'is_person', 'is_place', 'living_in', 'living_in_same_place', 'no_sisters', 'living_in', 'is_underage', 'is_underage', 'no_sisters', 'is_male', 'living_in', 'is_underage', 'is_underage', 'no_sons', 'no_sons', 'no_brothers', 'living_in_same_place', 'living_in', 'living_in_same_place', 'is_underage', 'is_underage', 'living_in_same_place', 'living_in_same_place', 'living_in_same_place']","(6, 7)",['living_in'],4
"[(0, 0), (1, 1), (2, 2), (3, 3), (4, 4), (5, 5), (6, 6), (7, 7), (2, 7), (2, 6), (3, 3), (0, 7), (4, 4), (0, 0), (4, 4), (1, 1), (1, 7), (6, 6), (2, 2), (6, 6), (0, 0), (5, 5), (1, 2), (5, 7), (0, 4), (5, 5), (3, 3), (4, 3), (0, 5), (5, 6)]","['is_person', 'is_person', 'is_person', 'is_person', 'is_person', 'is_person', 'is_person', 'is_place', 'living_in', 'living_in_same_place', 'no_sisters', 'living_in', 'is_underage', 'is_underage', 'no_sisters', 'is_male', 'living_in', 'is_underage', 'is_underage', 'no_sons', 'no_sons', 'no_brothers', 'living_in_same_place', 'living_in', 'living_in_same_place', 'is_underage', 'is_underage', 'living_in_same_place', 'living_in_same_place', 'living_in_same_place']","(6, 3)",['living_in_same_place'],4
"[(0, 0), (1, 1), (2, 2), (3, 3), (4, 4), (5, 5), (6, 6), (7, 7), (2, 7), (2, 6), (3, 3), (0, 7), (4, 4), (0, 0), (4, 4), (1, 1), (1, 7), (6, 6), (2, 2), (6, 6), (0, 0), (5, 5), (1, 2), (5, 7), (0, 4), (5, 5), (3, 3), (4, 3), (0, 5), (5, 6)]","['is_person', 'is_person', 'is_person', 'is_person', 'is_person', 'is_person', 'is_person', 'is_place', 'living_in', 'living_in_same_place', 'no_sisters', 'living_in', 'is_underage', 'is_underage', 'no_sisters', 'is_male', 'living_in', 'is_underage', 'is_underage', 'no_sons', 'no_sons', 'no_brothers', 'living_in_same_place', 'living_in', 'living_in_same_place', 'is_underage', 'is_underage', 'living_in_same_place', 'living_in_same_place', 'living_in_same_place']","(2, 3)",['living_in_same_place'],4
"[(0, 0), (1, 1), (2, 2), (3, 3), (4, 4), (5, 5), (6, 6), (7, 7), (2, 7), (2, 6), (3, 3), (0, 7), (4, 4), (0, 0), (4, 4), (1, 1), (1, 7), (6, 6), (2, 2), (6, 6), (0, 0), (5, 5), (1, 2), (5, 7), (0, 4), (5, 5), (3, 3), (4, 3), (0, 5), (5, 6)]","['is_person', 'is_person', 'is_person', 'is_person', 'is_person', 'is_person', 'is_person', 'is_place', 'living_in', 'living_in_same_place', 'no_sisters', 'living_in', 'is_underage', 'is_underage', 'no_sisters', 'is_male', 'living_in', 'is_underage', 'is_underage', 'no_sons', 'no_sons', 'no_brothers', 'living_in_same_place', 'living_in', 'living_in_same_place', 'is_underage', 'is_underage', 'living_in_same_place', 'living_in_same_place', 'living_in_same_place']","(2, 0)",['living_in_same_place'],4
"[(0, 0), (1, 1), (2, 2), (3, 3), (4, 4), (5, 5), (6, 6), (7, 7), (2, 7), (2, 6), (3, 3), (0, 7), (4, 4), (0, 0), (4, 4), (1, 1), (1, 7), (6, 6), (2, 2), (6, 6), (0, 0), (5, 5), (1, 2), (5, 7), (0, 4), (5, 5), (3, 3), (4, 3), (0, 5), (5, 6)]","['is_person', 'is_person', 'is_person', 'is_person', 'is_person', 'is_person', 'is_person', 'is_place', 'living_in', 'living_in_same_place', 'no_sisters', 'living_in', 'is_underage', 'is_underage', 'no_sisters', 'is_male', 'living_in', 'is_underage', 'is_underage', 'no_sons', 'no_sons', 'no_brothers', 'living_in_same_place', 'living_in', 'living_in_same_place', 'is_underage', 'is_underage', 'living_in_same_place', 'living_in_same_place', 'living_in_same_place']","(2, 4)",['living_in_same_place'],4
"[(0, 0), (1, 1), (2, 2), (3, 3), (4, 4), (5, 5), (6, 6), (7, 7), (2, 7), (2, 6), (3, 3), (0, 7), (4, 4), (0, 0), (4, 4), (1, 1), (1, 7), (6, 6), (2, 2), (6, 6), (0, 0), (5, 5), (1, 2), (5, 7), (0, 4), (5, 5), (3, 3), (4, 3), (0, 5), (5, 6)]","['is_person', 'is_person', 'is_person', 'is_person', 'is_person', 'is_person', 'is_person', 'is_place', 'living_in', 'living_in_same_place', 'no_sisters', 'living_in', 'is_underage', 'is_underage', 'no_sisters', 'is_male', 'living_in', 'is_underage', 'is_underage', 'no_sons', 'no_sons', 'no_brothers', 'living_in_same_place', 'living_in', 'living_in_same_place', 'is_underage', 'is_underage', 'living_in_same_place', 'living_in_same_place', 'living_in_same_place']","(1, 6)",['living_in_same_place'],4
"[(0, 0), (1, 1), (2, 2), (3, 3), (4, 4), (5, 5), (6, 6), (7, 7), (2, 7), (2, 6), (3, 3), (0, 7), (4, 4), (0, 0), (4, 4), (1, 1), (1, 7), (6, 6), (2, 2), (6, 6), (0, 0), (5, 5), (1, 2), (5, 7), (0, 4), (5, 5), (3, 3), (4, 3), (0, 5), (5, 6)]","['is_person', 'is_person', 'is_person', 'is_person', 'is_person', 'is_person', 'is_person', 'is_place', 'living_in', 'living_in_same_place', 'no_sisters', 'living_in', 'is_underage', 'is_underage', 'no_sisters', 'is_male', 'living_in', 'is_underage', 'is_underage', 'no_sons', 'no_sons', 'no_brothers', 'living_in_same_place', 'living_in', 'living_in_same_place', 'is_underage', 'is_underage', 'living_in_same_place', 'living_in_same_place', 'living_in_same_place']","(3, 0)",['living_in_same_place'],4
"[(0, 0), (1, 1), (2, 2), (3, 3), (4, 4), (5, 5), (6, 6), (7, 7), (2, 7), (2, 6), (3, 3), (0, 7), (4, 4), (0, 0), (4, 4), (1, 1), (1, 7), (6, 6), (2, 2), (6, 6), (0, 0), (5, 5), (1, 2), (5, 7), (0, 4), (5, 5), (3, 3), (4, 3), (0, 5), (5, 6)]","['is_person', 'is_person', 'is_person', 'is_person', 'is_person', 'is_person', 'is_person', 'is_place', 'living_in', 'living_in_same_place', 'no_sisters', 'living_in', 'is_underage', 'is_underage', 'no_sisters', 'is_male', 'living_in', 'is_underage', 'is_underage', 'no_sons', 'no_sons', 'no_brothers', 'living_in_same_place', 'living_in', 'living_in_same_place', 'is_underage', 'is_underage', 'living_in_same_place', 'living_in_same_place', 'living_in_same_place']","(4, 1)",['living_in_same_place'],4
"[(0, 0), (1, 1), (2, 2), (3, 3), (4, 4), (5, 5), (6, 6), (3, 6), (5, 4), (2, 2), (6, 5), (4, 6), (1, 1), (0, 6), (5, 6), (0, 3), (1, 6), (1, 1), (2, 6), (4, 4), (1, 3), (0, 0), (3, 3), (3, 3), (5, 5)]","['is_person', 'is_person', 'is_person', 'is_person', 'is_person', 'is_person', 'is_place', 'living_in', 'living_in_same_place', 'is_male', 'maternal_grandfather_of', 'living_in', 'no_brothers', 'living_in', 'living_in', 'aunt_or_uncle_of', 'living_in', 'is_underage', 'living_in', 'no_brothers', 'paternal_grandfather_of', 'is_underage', 'is_underage', 'is_male', 'no_daughters']","(3, 0)","['nephew_of', 'nibling_of']",5
"[(0, 0), (1, 1), (2, 2), (3, 3), (4, 4), (5, 5), (6, 6), (3, 6), (5, 4), (2, 2), (6, 5), (4, 6), (1, 1), (0, 6), (5, 6), (0, 3), (1, 6), (1, 1), (2, 6), (4, 4), (1, 3), (0, 0), (3, 3), (3, 3), (5, 5)]","['is_person', 'is_person', 'is_person', 'is_person', 'is_person', 'is_person', 'is_place', 'living_in', 'living_in_same_place', 'is_male', 'maternal_grandfather_of', 'living_in', 'no_brothers', 'living_in', 'living_in', 'aunt_or_uncle_of', 'living_in', 'is_underage', 'living_in', 'no_brothers', 'paternal_grandfather_of', 'is_underage', 'is_underage', 'is_male', 'no_daughters']","(4, 5)",['living_in_same_place'],5
"[(0, 0), (1, 1), (2, 2), (3, 3), (4, 4), (5, 5), (6, 6), (7, 7), (5, 5), (4, 6), (2, 2), (4, 4), (0, 0), (6, 6), (3, 3), (3, 1), (5, 5), (3, 3), (1, 1), (1, 1), (0, 7), (6, 7), (2, 7), (2, 2), (4, 4), (6, 6), (4, 7), (1, 1), (6, 6), (1, 7), (3, 7)]","['is_person', 'is_person', 'is_person', 'is_person', 'is_person', 'is_person', 'is_person', 'is_place', 'no_brothers', 'living_in_same_place', 'no_sisters', 'is_female', 'is_female', 'is_underage', 'is_female', 'living_in_same_place', 'no_sons', 'is_underage', 'is_underage', 'is_female', 'living_in', 'living_in', 'living_in', 'is_female', 'is_underage', 'no_brothers', 'living_in', 'no_sisters', 'is_female', 'living_in', 'living_in']","(6, 4)",['living_in_same_place'],6
"[(0, 0), (1, 1), (2, 2), (3, 3), (4, 4), (5, 5), (6, 6), (7, 7), (5, 5), (4, 6), (2, 2), (4, 4), (0, 0), (6, 6), (3, 3), (3, 1), (5, 5), (3, 3), (1, 1), (1, 1), (0, 7), (6, 7), (2, 7), (2, 2), (4, 4), (6, 6), (4, 7), (1, 1), (6, 6), (1, 7), (3, 7)]","['is_person', 'is_person', 'is_person', 'is_person', 'is_person', 'is_person', 'is_person', 'is_place', 'no_brothers', 'living_in_same_place', 'no_sisters', 'is_female', 'is_female', 'is_underage', 'is_female', 'living_in_same_place', 'no_sons', 'is_underage', 'is_underage', 'is_female', 'living_in', 'living_in', 'living_in', 'is_female', 'is_underage', 'no_brothers', 'living_in', 'no_sisters', 'is_female', 'living_in', 'living_in']","(1, 3)",['living_in_same_place'],6
"[(0, 0), (1, 1), (2, 2), (3, 3), (4, 4), (5, 5), (6, 6), (7, 7), (5, 2), (5, 7), (4, 4), (6, 6), (3, 5), (3, 3), (4, 7), (5, 0), (0, 0), (6, 7), (3, 7), (1, 1), (3, 6), (3, 3), (6, 6), (4, 3), (3, 3), (0, 7), (2, 7), (4, 4)]","['is_person', 'is_person', 'is_person', 'is_person', 'is_person', 'is_person', 'is_person', 'is_place', 'living_in_same_place', 'living_in', 'is_underage', 'is_underage', 'daughter_in_law_of', 'no_sisters', 'living_in', 'living_in_same_place', 'is_male', 'living_in', 'living_in', 'is_male', 'living_in_same_place', 'is_underage', 'is_male', 'living_in_same_place', 'no_brothers', 'living_in', 'living_in', 'no_brothers']","(3, 3)","['no_sisters', 'is_underage', 'no_brothers', 'is_female', 'no_siblings']",7
"[(0, 0), (1, 1), (2, 2), (3, 3), (4, 4), (5, 5), (6, 6), (7, 7), (5, 2), (5, 7), (4, 4), (6, 6), (3, 5), (3, 3), (4, 7), (5, 0), (0, 0), (6, 7), (3, 7), (1, 1), (3, 6), (3, 3), (6, 6), (4, 3), (3, 3), (0, 7), (2, 7), (4, 4)]","['is_person', 'is_person', 'is_person', 'is_person', 'is_person', 'is_person', 'is_person', 'is_place', 'living_in_same_place', 'living_in', 'is_underage', 'is_underage', 'daughter_in_law_of', 'no_sisters', 'living_in', 'living_in_same_place', 'is_male', 'living_in', 'living_in', 'is_male', 'living_in_same_place', 'is_underage', 'is_male', 'living_in_same_place', 'no_brothers', 'living_in', 'living_in', 'no_brothers']","(6, 4)",['living_in_same_place'],7
"[(0, 0), (1, 1), (2, 2), (3, 3), (4, 4), (5, 5), (6, 6), (7, 7), (5, 2), (5, 7), (4, 4), (6, 6), (3, 5), (3, 3), (4, 7), (5, 0), (0, 0), (6, 7), (3, 7), (1, 1), (3, 6), (3, 3), (6, 6), (4, 3), (3, 3), (0, 7), (2, 7), (4, 4)]","['is_person', 'is_person', 'is_person', 'is_person', 'is_person', 'is_person', 'is_person', 'is_place', 'living_in_same_place', 'living_in', 'is_underage', 'is_underage', 'daughter_in_law_of', 'no_sisters', 'living_in', 'living_in_same_place', 'is_male', 'living_in', 'living_in', 'is_male', 'living_in_same_place', 'is_underage', 'is_male', 'living_in_same_place', 'no_brothers', 'living_in', 'living_in', 'no_brothers']","(0, 2)",['living_in_same_place'],7
"[(0, 0), (1, 1), (2, 2), (3, 3), (4, 4), (5, 5), (6, 6), (7, 7), (5, 2), (5, 7), (4, 4), (6, 6), (3, 5), (3, 3), (4, 7), (5, 0), (0, 0), (6, 7), (3, 7), (1, 1), (3, 6), (3, 3), (6, 6), (4, 3), (3, 3), (0, 7), (2, 7), (4, 4)]","['is_person', 'is_person', 'is_person', 'is_person', 'is_person', 'is_person', 'is_person', 'is_place', 'living_in_same_place', 'living_in', 'is_underage', 'is_underage', 'daughter_in_law_of', 'no_sisters', 'living_in', 'living_in_same_place', 'is_male', 'living_in', 'living_in', 'is_male', 'living_in_same_place', 'is_underage', 'is_male', 'living_in_same_place', 'no_brothers', 'living_in', 'living_in', 'no_brothers']","(6, 3)",['living_in_same_place'],7
"[(0, 0), (1, 1), (2, 2), (3, 3), (4, 4), (5, 5), (6, 6), (7, 7), (5, 2), (5, 7), (4, 4), (6, 6), (3, 5), (3, 3), (4, 7), (5, 0), (0, 0), (6, 7), (3, 7), (1, 1), (3, 6), (3, 3), (6, 6), (4, 3), (3, 3), (0, 7), (2, 7), (4, 4)]","['is_person', 'is_person', 'is_person', 'is_person', 'is_person', 'is_person', 'is_person', 'is_place', 'living_in_same_place', 'living_in', 'is_underage', 'is_underage', 'daughter_in_law_of', 'no_sisters', 'living_in', 'living_in_same_place', 'is_male', 'living_in', 'living_in', 'is_male', 'living_in_same_place', 'is_underage', 'is_male', 'living_in_same_place', 'no_brothers', 'living_in', 'living_in', 'no_brothers']","(4, 6)",['living_in_same_place'],7
"[(0, 0), (1, 1), (2, 2), (3, 3), (4, 4), (5, 5), (6, 6), (7, 7), (5, 2), (5, 7), (4, 4), (6, 6), (3, 5), (3, 3), (4, 7), (5, 0), (0, 0), (6, 7), (3, 7), (1, 1), (3, 6), (3, 3), (6, 6), (4, 3), (3, 3), (0, 7), (2, 7), (4, 4)]","['is_person', 'is_person', 'is_person', 'is_person', 'is_person', 'is_person', 'is_person', 'is_place', 'living_in_same_place', 'living_in', 'is_underage', 'is_underage', 'daughter_in_law_of', 'no_sisters', 'living_in', 'living_in_same_place', 'is_male', 'living_in', 'living_in', 'is_male', 'living_in_same_place', 'is_underage', 'is_male', 'living_in_same_place', 'no_brothers', 'living_in', 'living_in', 'no_brothers']","(3, 4)",['living_in_same_place'],7
"[(0, 0), (1, 1), (2, 2), (3, 3), (4, 4), (5, 5), (6, 6), (7, 7), (5, 2), (5, 7), (4, 4), (6, 6), (3, 5), (3, 3), (4, 7), (5, 0), (0, 0), (6, 7), (3, 7), (1, 1), (3, 6), (3, 3), (6, 6), (4, 3), (3, 3), (0, 7), (2, 7), (4, 4)]","['is_person', 'is_person', 'is_person', 'is_person', 'is_person', 'is_person', 'is_person', 'is_place', 'living_in_same_place', 'living_in', 'is_underage', 'is_underage', 'daughter_in_law_of', 'no_sisters', 'living_in', 'living_in_same_place', 'is_male', 'living_in', 'living_in', 'is_male', 'living_in_same_place', 'is_underage', 'is_male', 'living_in_same_place', 'no_brothers', 'living_in', 'living_in', 'no_brothers']","(2, 5)",['living_in_same_place'],7
"[(0, 0), (1, 1), (2, 2), (3, 3), (4, 4), (5, 5), (6, 6), (7, 7), (5, 2), (5, 7), (4, 4), (6, 6), (3, 5), (3, 3), (4, 7), (5, 0), (0, 0), (6, 7), (3, 7), (1, 1), (3, 6), (3, 3), (6, 6), (4, 3), (3, 3), (0, 7), (2, 7), (4, 4)]","['is_person', 'is_person', 'is_person', 'is_person', 'is_person', 'is_person', 'is_person', 'is_place', 'living_in_same_place', 'living_in', 'is_underage', 'is_underage', 'daughter_in_law_of', 'no_sisters', 'living_in', 'living_in_same_place', 'is_male', 'living_in', 'living_in', 'is_male', 'living_in_same_place', 'is_underage', 'is_male', 'living_in_same_place', 'no_brothers', 'living_in', 'living_in', 'no_brothers']","(0, 5)",['living_in_same_place'],7
"[(0, 0), (1, 1), (2, 2), (3, 3), (4, 4), (5, 5), (6, 6), (7, 7), (5, 2), (5, 7), (4, 4), (6, 6), (3, 5), (3, 3), (4, 7), (5, 0), (0, 0), (6, 7), (3, 7), (1, 1), (3, 6), (3, 3), (6, 6), (4, 3), (3, 3), (0, 7), (2, 7), (4, 4)]","['is_person', 'is_person', 'is_person', 'is_person', 'is_person', 'is_person', 'is_person', 'is_place', 'living_in_same_place', 'living_in', 'is_underage', 'is_underage', 'daughter_in_law_of', 'no_sisters', 'living_in', 'living_in_same_place', 'is_male', 'living_in', 'living_in', 'is_male', 'living_in_same_place', 'is_underage', 'is_male', 'living_in_same_place', 'no_brothers', 'living_in', 'living_in', 'no_brothers']","(3, 5)","['daughter_in_law_of', 'child_in_law_of']",7
"[(0, 0), (1, 1), (2, 2), (3, 3), (4, 4), (5, 5), (6, 6), (7, 7), (5, 2), (5, 7), (4, 4), (6, 6), (3, 5), (3, 3), (4, 7), (5, 0), (0, 0), (6, 7), (3, 7), (1, 1), (3, 6), (3, 3), (6, 6), (4, 3), (3, 3), (0, 7), (2, 7), (4, 4)]","['is_person', 'is_person', 'is_person', 'is_person', 'is_person', 'is_person', 'is_person', 'is_place', 'living_in_same_place', 'living_in', 'is_underage', 'is_underage', 'daughter_in_law_of', 'no_sisters', 'living_in', 'living_in_same_place', 'is_male', 'living_in', 'living_in', 'is_male', 'living_in_same_place', 'is_underage', 'is_male', 'living_in_same_place', 'no_brothers', 'living_in', 'living_in', 'no_brothers']","(5, 3)",['parent_in_law_of'],7
"[(0, 0), (1, 1), (2, 2), (3, 3), (4, 4), (5, 5), (6, 6), (7, 7), (5, 2), (5, 7), (4, 4), (6, 6), (3, 5), (3, 3), (4, 7), (5, 0), (0, 0), (6, 7), (3, 7), (1, 1), (3, 6), (3, 3), (6, 6), (4, 3), (3, 3), (0, 7), (2, 7), (4, 4)]","['is_person', 'is_person', 'is_person', 'is_person', 'is_person', 'is_person', 'is_person', 'is_place', 'living_in_same_place', 'living_in', 'is_underage', 'is_underage', 'daughter_in_law_of', 'no_sisters', 'living_in', 'living_in_same_place', 'is_male', 'living_in', 'living_in', 'is_male', 'living_in_same_place', 'is_underage', 'is_male', 'living_in_same_place', 'no_brothers', 'living_in', 'living_in', 'no_brothers']","(2, 0)",['living_in_same_place'],7
"[(0, 0), (1, 1), (2, 2), (3, 3), (4, 4), (3, 3), (1, 4), (0, 2), (2, 0), (2, 2), (3, 4), (3, 4), (2, 4), (3, 1), (3, 3), (3, 0), (0, 2), (0, 4), (1, 1), (3, 3)]","['is_person', 'is_person', 'is_person', 'is_person', 'is_place', 'is_female', 'living_in', 'parent_of', 'living_in_same_place', 'is_underage', 'paternal_aunt_of', 'living_in', 'living_in', 'living_in_same_place', 'no_daughters', 'sibling_in_law_of', 'living_in_same_place', 'living_in', 'no_sons', 'is_underage']","(2, 3)",['nibling_of'],8
"[(0, 0), (1, 1), (2, 2), (3, 3), (4, 4), (3, 3), (1, 4), (0, 2), (2, 0), (2, 2), (3, 4), (3, 4), (2, 4), (3, 1), (3, 3), (3, 0), (0, 2), (0, 4), (1, 1), (3, 3)]","['is_person', 'is_person', 'is_person', 'is_person', 'is_place', 'is_female', 'living_in', 'parent_of', 'living_in_same_place', 'is_underage', 'paternal_aunt_of', 'living_in', 'living_in', 'living_in_same_place', 'no_daughters', 'sibling_in_law_of', 'living_in_same_place', 'living_in', 'no_sons', 'is_underage']","(3, 2)","['aunt_of', 'aunt_or_uncle_of']",8
"[(0, 0), (1, 1), (2, 2), (3, 3), (4, 4), (3, 3), (1, 4), (0, 2), (2, 0), (2, 2), (3, 4), (3, 4), (2, 4), (3, 1), (3, 3), (3, 0), (0, 2), (0, 4), (1, 1), (3, 3)]","['is_person', 'is_person', 'is_person', 'is_person', 'is_place', 'is_female', 'living_in', 'parent_of', 'living_in_same_place', 'is_underage', 'paternal_aunt_of', 'living_in', 'living_in', 'living_in_same_place', 'no_daughters', 'sibling_in_law_of', 'living_in_same_place', 'living_in', 'no_sons', 'is_underage']","(3, 0)","['sibling_in_law_of', 'sister_in_law_of']",8
"[(0, 0), (1, 1), (2, 2), (3, 3), (4, 4), (3, 3), (1, 4), (0, 2), (2, 0), (2, 2), (3, 4), (3, 4), (2, 4), (3, 1), (3, 3), (3, 0), (0, 2), (0, 4), (1, 1), (3, 3)]","['is_person', 'is_person', 'is_person', 'is_person', 'is_place', 'is_female', 'living_in', 'parent_of', 'living_in_same_place', 'is_underage', 'paternal_aunt_of', 'living_in', 'living_in', 'living_in_same_place', 'no_daughters', 'sibling_in_law_of', 'living_in_same_place', 'living_in', 'no_sons', 'is_underage']","(1, 3)",['living_in_same_place'],8
"[(0, 0), (1, 1), (2, 2), (3, 3), (4, 4), (3, 3), (1, 4), (0, 2), (2, 0), (2, 2), (3, 4), (3, 4), (2, 4), (3, 1), (3, 3), (3, 0), (0, 2), (0, 4), (1, 1), (3, 3)]","['is_person', 'is_person', 'is_person', 'is_person', 'is_place', 'is_female', 'living_in', 'parent_of', 'living_in_same_place', 'is_underage', 'paternal_aunt_of', 'living_in', 'living_in', 'living_in_same_place', 'no_daughters', 'sibling_in_law_of', 'living_in_same_place', 'living_in', 'no_sons', 'is_underage']","(2, 0)","['living_in_same_place', 'child_of']",8
"[(0, 0), (1, 1), (2, 2), (3, 3), (4, 4), (3, 3), (1, 4), (0, 2), (2, 0), (2, 2), (3, 4), (3, 4), (2, 4), (3, 1), (3, 3), (3, 0), (0, 2), (0, 4), (1, 1), (3, 3)]","['is_person', 'is_person', 'is_person', 'is_person', 'is_place', 'is_female', 'living_in', 'parent_of', 'living_in_same_place', 'is_underage', 'paternal_aunt_of', 'living_in', 'living_in', 'living_in_same_place', 'no_daughters', 'sibling_in_law_of', 'living_in_same_place', 'living_in', 'no_sons', 'is_underage']","(0, 3)",['sibling_in_law_of'],8
"[(0, 0), (1, 1), (2, 2), (3, 3), (4, 4), (5, 5), (6, 6), (7, 7), (1, 1), (0, 0), (3, 4), (4, 4), (3, 3), (2, 2), (4, 4), (2, 7), (6, 6), (2, 0), (7, 4), (3, 1), (1, 4), (5, 5), (0, 7), (0, 0), (3, 7), (4, 7), (1, 0), (7, 3)]","['is_person', 'is_person', 'is_person', 'is_person', 'is_person', 'is_person', 'is_person', 'is_place', 'no_sisters', 'no_brothers', 'paternal_grandparent_of', 'no_sisters', 'no_sisters', 'is_male', 'is_female', 'living_in', 'is_underage', 'son_in_law_of', 'maternal_aunt_of', 'living_in_same_place', 'living_in_same_place', 'is_male', 'living_in', 'is_male', 'living_in', 'living_in', 'brother_in_law_of', 'maternal_grandparent_of']","(4, 3)",['living_in_same_place'],9
"[(0, 0), (1, 1), (2, 2), (3, 3), (4, 4), (5, 5), (6, 6), (7, 7), (1, 1), (0, 0), (3, 4), (4, 4), (3, 3), (2, 2), (4, 4), (2, 7), (6, 6), (2, 0), (7, 4), (3, 1), (1, 4), (5, 5), (0, 7), (0, 0), (3, 7), (4, 7), (1, 0), (7, 3)]","['is_person', 'is_person', 'is_person', 'is_person', 'is_person', 'is_person', 'is_person', 'is_place', 'no_sisters', 'no_brothers', 'paternal_grandparent_of', 'no_sisters', 'no_sisters', 'is_male', 'is_female', 'living_in', 'is_underage', 'son_in_law_of', 'maternal_aunt_of', 'living_in_same_place', 'living_in_same_place', 'is_male', 'living_in', 'is_male', 'living_in', 'living_in', 'brother_in_law_of', 'maternal_grandparent_of']","(1, 1)","['no_sisters', 'is_male']",9
"[(0, 0), (1, 1), (2, 2), (3, 3), (4, 4), (5, 5), (6, 6), (7, 7), (1, 1), (0, 0), (3, 4), (4, 4), (3, 3), (2, 2), (4, 4), (2, 7), (6, 6), (2, 0), (7, 4), (3, 1), (1, 4), (5, 5), (0, 7), (0, 0), (3, 7), (4, 7), (1, 0), (7, 3)]","['is_person', 'is_person', 'is_person', 'is_person', 'is_person', 'is_person', 'is_person', 'is_place', 'no_sisters', 'no_brothers', 'paternal_grandparent_of', 'no_sisters', 'no_sisters', 'is_male', 'is_female', 'living_in', 'is_underage', 'son_in_law_of', 'maternal_aunt_of', 'living_in_same_place', 'living_in_same_place', 'is_male', 'living_in', 'is_male', 'living_in', 'living_in', 'brother_in_law_of', 'maternal_grandparent_of']","(0, 1)","['sibling_in_law_of', 'brother_in_law_of']",9
"[(0, 0), (1, 1), (2, 2), (3, 3), (4, 4), (5, 5), (6, 6), (7, 7), (1, 1), (0, 0), (3, 4), (4, 4), (3, 3), (2, 2), (4, 4), (2, 7), (6, 6), (2, 0), (7, 4), (3, 1), (1, 4), (5, 5), (0, 7), (0, 0), (3, 7), (4, 7), (1, 0), (7, 3)]","['is_person', 'is_person', 'is_person', 'is_person', 'is_person', 'is_person', 'is_person', 'is_place', 'no_sisters', 'no_brothers', 'paternal_grandparent_of', 'no_sisters', 'no_sisters', 'is_male', 'is_female', 'living_in', 'is_underage', 'son_in_law_of', 'maternal_aunt_of', 'living_in_same_place', 'living_in_same_place', 'is_male', 'living_in', 'is_male', 'living_in', 'living_in', 'brother_in_law_of', 'maternal_grandparent_of']","(1, 3)",['living_in_same_place'],9
"[(0, 0), (1, 1), (2, 2), (3, 3), (4, 4), (5, 5), (6, 6), (7, 7), (1, 1), (0, 0), (3, 4), (4, 4), (3, 3), (2, 2), (4, 4), (2, 7), (6, 6), (2, 0), (7, 4), (3, 1), (1, 4), (5, 5), (0, 7), (0, 0), (3, 7), (4, 7), (1, 0), (7, 3)]","['is_person', 'is_person', 'is_person', 'is_person', 'is_person', 'is_person', 'is_person', 'is_place', 'no_sisters', 'no_brothers', 'paternal_grandparent_of', 'no_sisters', 'no_sisters', 'is_male', 'is_female', 'living_in', 'is_underage', 'son_in_law_of', 'maternal_aunt_of', 'living_in_same_place', 'living_in_same_place', 'is_male', 'living_in', 'is_male', 'living_in', 'living_in', 'brother_in_law_of', 'maternal_grandparent_of']","(1, 7)",['living_in'],9
"[(0, 0), (1, 1), (2, 2), (3, 3), (4, 4), (5, 5), (6, 6), (7, 7), (1, 1), (0, 0), (3, 4), (4, 4), (3, 3), (2, 2), (4, 4), (2, 7), (6, 6), (2, 0), (7, 4), (3, 1), (1, 4), (5, 5), (0, 7), (0, 0), (3, 7), (4, 7), (1, 0), (7, 3)]","['is_person', 'is_person', 'is_person', 'is_person', 'is_person', 'is_person', 'is_person', 'is_place', 'no_sisters', 'no_brothers', 'paternal_grandparent_of', 'no_sisters', 'no_sisters', 'is_male', 'is_female', 'living_in', 'is_underage', 'son_in_law_of', 'maternal_aunt_of', 'living_in_same_place', 'living_in_same_place', 'is_male', 'living_in', 'is_male', 'living_in', 'living_in', 'brother_in_law_of', 'maternal_grandparent_of']","(1, 0)","['brother_in_law_of', 'sibling_in_law_of']",9
"[(0, 0), (1, 1), (2, 2), (3, 3), (4, 4), (5, 5), (6, 6), (7, 7), (1, 1), (0, 0), (3, 4), (4, 4), (3, 3), (2, 2), (4, 4), (2, 7), (6, 6), (2, 0), (7, 4), (3, 1), (1, 4), (5, 5), (0, 7), (0, 0), (3, 7), (4, 7), (1, 0), (7, 3)]","['is_person', 'is_person', 'is_person', 'is_person', 'is_person', 'is_person', 'is_person', 'is_place', 'no_sisters', 'no_brothers', 'paternal_grandparent_of', 'no_sisters', 'no_sisters', 'is_male', 'is_female', 'living_in', 'is_underage', 'son_in_law_of', 'maternal_aunt_of', 'living_in_same_place', 'living_in_same_place', 'is_male', 'living_in', 'is_male', 'living_in', 'living_in', 'brother_in_law_of', 'maternal_grandparent_of']","(3, 4)","['paternal_grandparent_of', 'living_in_same_place']",9
"[(0, 0), (1, 1), (2, 2), (3, 3), (4, 4), (5, 5), (6, 6), (7, 7), (1, 1), (0, 0), (3, 4), (4, 4), (3, 3), (2, 2), (4, 4), (2, 7), (6, 6), (2, 0), (7, 4), (3, 1), (1, 4), (5, 5), (0, 7), (0, 0), (3, 7), (4, 7), (1, 0), (7, 3)]","['is_person', 'is_person', 'is_person', 'is_person', 'is_person', 'is_person', 'is_person', 'is_place', 'no_sisters', 'no_brothers', 'paternal_grandparent_of', 'no_sisters', 'no_sisters', 'is_male', 'is_female', 'living_in', 'is_underage', 'son_in_law_of', 'maternal_aunt_of', 'living_in_same_place', 'living_in_same_place', 'is_male', 'living_in', 'is_male', 'living_in', 'living_in', 'brother_in_law_of', 'maternal_grandparent_of']","(4, 1)",['living_in_same_place'],9
"[(0, 0), (1, 1), (2, 2), (3, 3), (4, 4), (5, 5), (6, 6), (7, 7), (1, 1), (0, 0), (3, 4), (4, 4), (3, 3), (2, 2), (4, 4), (2, 7), (6, 6), (2, 0), (7, 4), (3, 1), (1, 4), (5, 5), (0, 7), (0, 0), (3, 7), (4, 7), (1, 0), (7, 3)]","['is_person', 'is_person', 'is_person', 'is_person', 'is_person', 'is_person', 'is_person', 'is_place', 'no_sisters', 'no_brothers', 'paternal_grandparent_of', 'no_sisters', 'no_sisters', 'is_male', 'is_female', 'living_in', 'is_underage', 'son_in_law_of', 'maternal_aunt_of', 'living_in_same_place', 'living_in_same_place', 'is_male', 'living_in', 'is_male', 'living_in', 'living_in', 'brother_in_law_of', 'maternal_grandparent_of']","(2, 0)","['son_in_law_of', 'child_in_law_of']",9
"[(0, 0), (1, 1), (2, 2), (3, 3), (4, 4), (5, 5), (6, 6), (7, 7), (1, 1), (0, 0), (3, 4), (4, 4), (3, 3), (2, 2), (4, 4), (2, 7), (6, 6), (2, 0), (7, 4), (3, 1), (1, 4), (5, 5), (0, 7), (0, 0), (3, 7), (4, 7), (1, 0), (7, 3)]","['is_person', 'is_person', 'is_person', 'is_person', 'is_person', 'is_person', 'is_person', 'is_place', 'no_sisters', 'no_brothers', 'paternal_grandparent_of', 'no_sisters', 'no_sisters', 'is_male', 'is_female', 'living_in', 'is_underage', 'son_in_law_of', 'maternal_aunt_of', 'living_in_same_place', 'living_in_same_place', 'is_male', 'living_in', 'is_male', 'living_in', 'living_in', 'brother_in_law_of', 'maternal_grandparent_of']","(0, 2)","['parent_in_law_of', 'father_in_law_of']",9
"[(0, 0), (1, 1), (2, 2), (3, 3), (4, 4), (1, 1), (2, 1), (1, 4), (1, 0), (0, 0), (3, 3), (3, 4), (2, 3), (2, 2), (3, 3), (1, 0), (2, 0), (1, 1), (3, 3)]","['is_person', 'is_person', 'is_person', 'is_person', 'is_place', 'no_brothers', 'living_in_same_place', 'living_in', 'living_in_same_place', 'no_sons', 'is_male', 'living_in', 'paternal_grandfather_of', 'is_underage', 'no_sisters', 'father_in_law_of', 'living_in_same_place', 'is_underage', 'is_underage']","(0, 2)",['living_in_same_place'],11
"[(0, 0), (1, 1), (2, 2), (3, 3), (4, 4), (1, 1), (2, 1), (1, 4), (1, 0), (0, 0), (3, 3), (3, 4), (2, 3), (2, 2), (3, 3), (1, 0), (2, 0), (1, 1), (3, 3)]","['is_person', 'is_person', 'is_person', 'is_person', 'is_place', 'no_brothers', 'living_in_same_place', 'living_in', 'living_in_same_place', 'no_sons', 'is_male', 'living_in', 'paternal_grandfather_of', 'is_underage', 'no_sisters', 'father_in_law_of', 'living_in_same_place', 'is_underage', 'is_underage']","(1, 1)","['no_brothers', 'is_underage', 'is_male']",11
"[(0, 0), (1, 1), (2, 2), (3, 3), (4, 4), (1, 1), (2, 1), (1, 4), (1, 0), (0, 0), (3, 3), (3, 4), (2, 3), (2, 2), (3, 3), (1, 0), (2, 0), (1, 1), (3, 3)]","['is_person', 'is_person', 'is_person', 'is_person', 'is_place', 'no_brothers', 'living_in_same_place', 'living_in', 'living_in_same_place', 'no_sons', 'is_male', 'living_in', 'paternal_grandfather_of', 'is_underage', 'no_sisters', 'father_in_law_of', 'living_in_same_place', 'is_underage', 'is_underage']","(2, 4)",['living_in'],11
"[(0, 0), (1, 1), (2, 2), (3, 3), (4, 4), (1, 1), (2, 1), (1, 4), (1, 0), (0, 0), (3, 3), (3, 4), (2, 3), (2, 2), (3, 3), (1, 0), (2, 0), (1, 1), (3, 3)]","['is_person', 'is_person', 'is_person', 'is_person', 'is_place', 'no_brothers', 'living_in_same_place', 'living_in', 'living_in_same_place', 'no_sons', 'is_male', 'living_in', 'paternal_grandfather_of', 'is_underage', 'no_sisters', 'father_in_law_of', 'living_in_same_place', 'is_underage', 'is_underage']","(0, 1)","['living_in_same_place', 'child_in_law_of']",11
"[(0, 0), (1, 1), (2, 2), (3, 3), (4, 4), (1, 1), (2, 1), (1, 4), (1, 0), (0, 0), (3, 3), (3, 4), (2, 3), (2, 2), (3, 3), (1, 0), (2, 0), (1, 1), (3, 3)]","['is_person', 'is_person', 'is_person', 'is_person', 'is_place', 'no_brothers', 'living_in_same_place', 'living_in', 'living_in_same_place', 'no_sons', 'is_male', 'living_in', 'paternal_grandfather_of', 'is_underage', 'no_sisters', 'father_in_law_of', 'living_in_same_place', 'is_underage', 'is_underage']","(0, 4)",['living_in'],11
"[(0, 0), (1, 1), (2, 2), (3, 3), (4, 4), (1, 1), (2, 1), (1, 4), (1, 0), (0, 0), (3, 3), (3, 4), (2, 3), (2, 2), (3, 3), (1, 0), (2, 0), (1, 1), (3, 3)]","['is_person', 'is_person', 'is_person', 'is_person', 'is_place', 'no_brothers', 'living_in_same_place', 'living_in', 'living_in_same_place', 'no_sons', 'is_male', 'living_in', 'paternal_grandfather_of', 'is_underage', 'no_sisters', 'father_in_law_of', 'living_in_same_place', 'is_underage', 'is_underage']","(1, 2)",['living_in_same_place'],11
"[(0, 0), (1, 1), (2, 2), (3, 3), (4, 4), (1, 1), (2, 1), (1, 4), (1, 0), (0, 0), (3, 3), (3, 4), (2, 3), (2, 2), (3, 3), (1, 0), (2, 0), (1, 1), (3, 3)]","['is_person', 'is_person', 'is_person', 'is_person', 'is_place', 'no_brothers', 'living_in_same_place', 'living_in', 'living_in_same_place', 'no_sons', 'is_male', 'living_in', 'paternal_grandfather_of', 'is_underage', 'no_sisters', 'father_in_law_of', 'living_in_same_place', 'is_underage', 'is_underage']","(1, 0)","['living_in_same_place', 'father_in_law_of', 'parent_in_law_of']",11
"[(0, 0), (1, 1), (2, 2), (3, 3), (4, 4), (5, 5), (6, 6), (3, 6), (0, 6), (2, 6), (5, 6), (5, 0), (5, 5), (2, 2), (4, 4), (1, 6), (0, 1), (1, 1), (2, 1), (4, 4), (4, 4), (0, 2), (3, 3), (5, 5), (5, 1), (2, 2), (0, 2), (4, 6)]","['is_person', 'is_person', 'is_person', 'is_person', 'is_person', 'is_person', 'is_place', 'living_in', 'living_in', 'living_in', 'living_in', 'maternal_uncle_of', 'is_female', 'is_underage', 'is_male', 'living_in', 'maternal_aunt_of', 'no_sisters', 'living_in_same_place', 'is_underage', 'no_sons', 'daughter_in_law_of', 'is_underage', 'is_underage', 'maternal_grandmother_of', 'no_daughters', 'living_in_same_place', 'living_in']","(2, 0)","['parent_in_law_of', 'living_in_same_place']",12
"[(0, 0), (1, 1), (2, 2), (3, 3), (4, 4), (5, 5), (6, 6), (3, 6), (0, 6), (2, 6), (5, 6), (5, 0), (5, 5), (2, 2), (4, 4), (1, 6), (0, 1), (1, 1), (2, 1), (4, 4), (4, 4), (0, 2), (3, 3), (5, 5), (5, 1), (2, 2), (0, 2), (4, 6)]","['is_person', 'is_person', 'is_person', 'is_person', 'is_person', 'is_person', 'is_place', 'living_in', 'living_in', 'living_in', 'living_in', 'maternal_uncle_of', 'is_female', 'is_underage', 'is_male', 'living_in', 'maternal_aunt_of', 'no_sisters', 'living_in_same_place', 'is_underage', 'no_sons', 'daughter_in_law_of', 'is_underage', 'is_underage', 'maternal_grandmother_of', 'no_daughters', 'living_in_same_place', 'living_in']","(0, 0)",['is_female'],12
"[(0, 0), (1, 1), (2, 2), (3, 3), (4, 4), (5, 5), (6, 6), (3, 6), (0, 6), (2, 6), (5, 6), (5, 0), (5, 5), (2, 2), (4, 4), (1, 6), (0, 1), (1, 1), (2, 1), (4, 4), (4, 4), (0, 2), (3, 3), (5, 5), (5, 1), (2, 2), (0, 2), (4, 6)]","['is_person', 'is_person', 'is_person', 'is_person', 'is_person', 'is_person', 'is_place', 'living_in', 'living_in', 'living_in', 'living_in', 'maternal_uncle_of', 'is_female', 'is_underage', 'is_male', 'living_in', 'maternal_aunt_of', 'no_sisters', 'living_in_same_place', 'is_underage', 'no_sons', 'daughter_in_law_of', 'is_underage', 'is_underage', 'maternal_grandmother_of', 'no_daughters', 'living_in_same_place', 'living_in']","(0, 2)","['daughter_in_law_of', 'living_in_same_place', 'child_in_law_of']",12
"[(0, 0), (1, 1), (2, 2), (3, 3), (4, 4), (5, 5), (6, 6), (3, 6), (0, 6), (2, 6), (5, 6), (5, 0), (5, 5), (2, 2), (4, 4), (1, 6), (0, 1), (1, 1), (2, 1), (4, 4), (4, 4), (0, 2), (3, 3), (5, 5), (5, 1), (2, 2), (0, 2), (4, 6)]","['is_person', 'is_person', 'is_person', 'is_person', 'is_person', 'is_person', 'is_place', 'living_in', 'living_in', 'living_in', 'living_in', 'maternal_uncle_of', 'is_female', 'is_underage', 'is_male', 'living_in', 'maternal_aunt_of', 'no_sisters', 'living_in_same_place', 'is_underage', 'no_sons', 'daughter_in_law_of', 'is_underage', 'is_underage', 'maternal_grandmother_of', 'no_daughters', 'living_in_same_place', 'living_in']","(1, 2)",['living_in_same_place'],12
"[(0, 0), (1, 1), (2, 2), (3, 3), (4, 4), (5, 5), (6, 6), (3, 6), (0, 6), (2, 6), (5, 6), (5, 0), (5, 5), (2, 2), (4, 4), (1, 6), (0, 1), (1, 1), (2, 1), (4, 4), (4, 4), (0, 2), (3, 3), (5, 5), (5, 1), (2, 2), (0, 2), (4, 6)]","['is_person', 'is_person', 'is_person', 'is_person', 'is_person', 'is_person', 'is_place', 'living_in', 'living_in', 'living_in', 'living_in', 'maternal_uncle_of', 'is_female', 'is_underage', 'is_male', 'living_in', 'maternal_aunt_of', 'no_sisters', 'living_in_same_place', 'is_underage', 'no_sons', 'daughter_in_law_of', 'is_underage', 'is_underage', 'maternal_grandmother_of', 'no_daughters', 'living_in_same_place', 'living_in']","(0, 1)","['maternal_aunt_of', 'living_in_same_place']",12
"[(0, 0), (1, 1), (2, 2), (3, 3), (4, 4), (5, 5), (6, 6), (3, 6), (0, 6), (2, 6), (5, 6), (5, 0), (5, 5), (2, 2), (4, 4), (1, 6), (0, 1), (1, 1), (2, 1), (4, 4), (4, 4), (0, 2), (3, 3), (5, 5), (5, 1), (2, 2), (0, 2), (4, 6)]","['is_person', 'is_person', 'is_person', 'is_person', 'is_person', 'is_person', 'is_place', 'living_in', 'living_in', 'living_in', 'living_in', 'maternal_uncle_of', 'is_female', 'is_underage', 'is_male', 'living_in', 'maternal_aunt_of', 'no_sisters', 'living_in_same_place', 'is_underage', 'no_sons', 'daughter_in_law_of', 'is_underage', 'is_underage', 'maternal_grandmother_of', 'no_daughters', 'living_in_same_place', 'living_in']","(1, 0)",['living_in_same_place'],12
"[(0, 0), (1, 1), (2, 2), (3, 3), (4, 4), (3, 3), (0, 0), (2, 2), (1, 0), (0, 2), (3, 3), (3, 4), (2, 1), (2, 4), (0, 3), (0, 4), (2, 3), (3, 0)]","['is_person', 'is_person', 'is_person', 'is_person', 'is_place', 'is_female', 'is_underage', 'is_male', 'living_in_same_place', 'brother_in_law_of', 'is_underage', 'living_in', 'nephew_of', 'living_in', 'living_in_same_place', 'living_in', 'living_in_same_place', 'school_mates_with']","(3, 2)",['living_in_same_place'],13
"[(0, 0), (1, 1), (2, 2), (3, 3), (4, 4), (3, 3), (0, 0), (2, 2), (1, 0), (0, 2), (3, 3), (3, 4), (2, 1), (2, 4), (0, 3), (0, 4), (2, 3), (3, 0)]","['is_person', 'is_person', 'is_person', 'is_person', 'is_place', 'is_female', 'is_underage', 'is_male', 'living_in_same_place', 'brother_in_law_of', 'is_underage', 'living_in', 'nephew_of', 'living_in', 'living_in_same_place', 'living_in', 'living_in_same_place', 'school_mates_with']","(1, 2)","['living_in_same_place', 'aunt_or_uncle_of']",13
"[(0, 0), (1, 1), (2, 2), (3, 3), (4, 4), (3, 3), (0, 0), (2, 2), (1, 0), (0, 2), (3, 3), (3, 4), (2, 1), (2, 4), (0, 3), (0, 4), (2, 3), (3, 0)]","['is_person', 'is_person', 'is_person', 'is_person', 'is_place', 'is_female', 'is_underage', 'is_male', 'living_in_same_place', 'brother_in_law_of', 'is_underage', 'living_in', 'nephew_of', 'living_in', 'living_in_same_place', 'living_in', 'living_in_same_place', 'school_mates_with']","(0, 2)","['brother_in_law_of', 'living_in_same_place', 'sibling_in_law_of']",13
"[(0, 0), (1, 1), (2, 2), (3, 3), (4, 4), (3, 3), (0, 0), (2, 2), (1, 0), (0, 2), (3, 3), (3, 4), (2, 1), (2, 4), (0, 3), (0, 4), (2, 3), (3, 0)]","['is_person', 'is_person', 'is_person', 'is_person', 'is_place', 'is_female', 'is_underage', 'is_male', 'living_in_same_place', 'brother_in_law_of', 'is_underage', 'living_in', 'nephew_of', 'living_in', 'living_in_same_place', 'living_in', 'living_in_same_place', 'school_mates_with']","(2, 1)","['nephew_of', 'living_in_same_place', 'nibling_of']",13
"[(0, 0), (1, 1), (2, 2), (3, 3), (4, 4), (3, 3), (0, 0), (2, 2), (1, 0), (0, 2), (3, 3), (3, 4), (2, 1), (2, 4), (0, 3), (0, 4), (2, 3), (3, 0)]","['is_person', 'is_person', 'is_person', 'is_person', 'is_place', 'is_female', 'is_underage', 'is_male', 'living_in_same_place', 'brother_in_law_of', 'is_underage', 'living_in', 'nephew_of', 'living_in', 'living_in_same_place', 'living_in', 'living_in_same_place', 'school_mates_with']","(1, 3)",['living_in_same_place'],13
"[(0, 0), (1, 1), (2, 2), (3, 3), (4, 4), (3, 3), (0, 0), (2, 2), (1, 0), (0, 2), (3, 3), (3, 4), (2, 1), (2, 4), (0, 3), (0, 4), (2, 3), (3, 0)]","['is_person', 'is_person', 'is_person', 'is_person', 'is_place', 'is_female', 'is_underage', 'is_male', 'living_in_same_place', 'brother_in_law_of', 'is_underage', 'living_in', 'nephew_of', 'living_in', 'living_in_same_place', 'living_in', 'living_in_same_place', 'school_mates_with']","(2, 0)","['brother_in_law_of', 'living_in_same_place', 'sibling_in_law_of']",13
"[(0, 0), (1, 1), (2, 2), (3, 3), (4, 4), (3, 3), (0, 0), (2, 2), (1, 0), (0, 2), (3, 3), (3, 4), (2, 1), (2, 4), (0, 3), (0, 4), (2, 3), (3, 0)]","['is_person', 'is_person', 'is_person', 'is_person', 'is_place', 'is_female', 'is_underage', 'is_male', 'living_in_same_place', 'brother_in_law_of', 'is_underage', 'living_in', 'nephew_of', 'living_in', 'living_in_same_place', 'living_in', 'living_in_same_place', 'school_mates_with']","(0, 3)","['living_in_same_place', 'school_mates_with']",13
"[(0, 0), (1, 1), (2, 2), (3, 3), (4, 4), (3, 3), (0, 0), (2, 2), (1, 0), (0, 2), (3, 3), (3, 4), (2, 1), (2, 4), (0, 3), (0, 4), (2, 3), (3, 0)]","['is_person', 'is_person', 'is_person', 'is_person', 'is_place', 'is_female', 'is_underage', 'is_male', 'living_in_same_place', 'brother_in_law_of', 'is_underage', 'living_in', 'nephew_of', 'living_in', 'living_in_same_place', 'living_in', 'living_in_same_place', 'school_mates_with']","(0, 0)","['is_underage', 'is_male']",13
"[(0, 0), (1, 1), (2, 2), (3, 3), (4, 4), (3, 3), (0, 0), (2, 2), (1, 0), (0, 2), (3, 3), (3, 4), (2, 1), (2, 4), (0, 3), (0, 4), (2, 3), (3, 0)]","['is_person', 'is_person', 'is_person', 'is_person', 'is_place', 'is_female', 'is_underage', 'is_male', 'living_in_same_place', 'brother_in_law_of', 'is_underage', 'living_in', 'nephew_of', 'living_in', 'living_in_same_place', 'living_in', 'living_in_same_place', 'school_mates_with']","(3, 1)",['living_in_same_place'],13
"[(0, 0), (1, 1), (2, 2), (3, 3), (4, 4), (3, 3), (0, 0), (2, 2), (1, 0), (0, 2), (3, 3), (3, 4), (2, 1), (2, 4), (0, 3), (0, 4), (2, 3), (3, 0)]","['is_person', 'is_person', 'is_person', 'is_person', 'is_place', 'is_female', 'is_underage', 'is_male', 'living_in_same_place', 'brother_in_law_of', 'is_underage', 'living_in', 'nephew_of', 'living_in', 'living_in_same_place', 'living_in', 'living_in_same_place', 'school_mates_with']","(0, 1)",['living_in_same_place'],13
"[(0, 0), (1, 1), (2, 2), (3, 3), (4, 4), (3, 3), (0, 0), (2, 2), (1, 0), (0, 2), (3, 3), (3, 4), (2, 1), (2, 4), (0, 3), (0, 4), (2, 3), (3, 0)]","['is_person', 'is_person', 'is_person', 'is_person', 'is_place', 'is_female', 'is_underage', 'is_male', 'living_in_same_place', 'brother_in_law_of', 'is_underage', 'living_in', 'nephew_of', 'living_in', 'living_in_same_place', 'living_in', 'living_in_same_place', 'school_mates_with']","(1, 4)",['living_in'],13
"[(0, 0), (1, 1), (2, 2), (3, 3), (4, 4), (3, 3), (0, 0), (2, 2), (1, 0), (0, 2), (3, 3), (3, 4), (2, 1), (2, 4), (0, 3), (0, 4), (2, 3), (3, 0)]","['is_person', 'is_person', 'is_person', 'is_person', 'is_place', 'is_female', 'is_underage', 'is_male', 'living_in_same_place', 'brother_in_law_of', 'is_underage', 'living_in', 'nephew_of', 'living_in', 'living_in_same_place', 'living_in', 'living_in_same_place', 'school_mates_with']","(3, 0)","['school_mates_with', 'living_in_same_place']",13
"[(0, 0), (1, 1), (2, 2), (3, 3), (4, 4), (1, 1), (3, 4), (0, 0), (3, 3), (1, 1), (0, 4), (2, 0), (2, 4), (3, 3), (0, 2), (1, 4), (0, 3), (4, 2)]","['is_person', 'is_person', 'is_person', 'is_person', 'is_place', 'is_underage', 'living_in', 'is_female', 'is_underage', 'no_daughters', 'living_in', 'grandfather_of', 'living_in', 'is_male', 'living_in_same_place', 'living_in', 'maternal_uncle_of', 'maternal_grandparent_of']","(0, 2)","['living_in_same_place', 'grandchild_of', 'granddaughter_of']",14
"[(0, 0), (1, 1), (2, 2), (3, 3), (4, 4), (1, 1), (3, 4), (0, 0), (3, 3), (1, 1), (0, 4), (2, 0), (2, 4), (3, 3), (0, 2), (1, 4), (0, 3), (4, 2)]","['is_person', 'is_person', 'is_person', 'is_person', 'is_place', 'is_underage', 'living_in', 'is_female', 'is_underage', 'no_daughters', 'living_in', 'grandfather_of', 'living_in', 'is_male', 'living_in_same_place', 'living_in', 'maternal_uncle_of', 'maternal_grandparent_of']","(2, 0)","['grandfather_of', 'grandparent_of', 'living_in_same_place']",14
"[(0, 0), (1, 1), (2, 2), (3, 3), (4, 4), (1, 1), (3, 4), (0, 0), (3, 3), (1, 1), (0, 4), (2, 0), (2, 4), (3, 3), (0, 2), (1, 4), (0, 3), (4, 2)]","['is_person', 'is_person', 'is_person', 'is_person', 'is_place', 'is_underage', 'living_in', 'is_female', 'is_underage', 'no_daughters', 'living_in', 'grandfather_of', 'living_in', 'is_male', 'living_in_same_place', 'living_in', 'maternal_uncle_of', 'maternal_grandparent_of']","(2, 2)",['is_male'],14
"[(0, 0), (1, 1), (2, 2), (3, 3), (4, 4), (5, 5), (6, 6), (5, 6), (0, 4), (1, 1), (3, 2), (0, 0), (1, 6), (4, 6), (0, 4), (1, 1), (1, 3), (3, 6), (1, 4), (0, 6), (3, 4), (4, 4), (4, 4), (3, 5), (5, 5), (4, 2), (0, 0), (2, 6)]","['is_person', 'is_person', 'is_person', 'is_person', 'is_person', 'is_person', 'is_place', 'living_in', 'living_in_same_place', 'is_female', 'living_in_same_place', 'is_female', 'living_in', 'living_in', 'grandparent_of', 'no_daughters', 'living_in_same_place', 'living_in', 'living_in_same_place', 'living_in', 'living_in_same_place', 'is_underage', 'is_female', 'living_in_same_place', 'no_daughters', 'living_in_same_place', 'no_daughters', 'living_in']","(4, 5)",['living_in_same_place'],15
"[(0, 0), (1, 1), (2, 2), (3, 3), (4, 4), (5, 5), (6, 6), (5, 6), (0, 4), (1, 1), (3, 2), (0, 0), (1, 6), (4, 6), (0, 4), (1, 1), (1, 3), (3, 6), (1, 4), (0, 6), (3, 4), (4, 4), (4, 4), (3, 5), (5, 5), (4, 2), (0, 0), (2, 6)]","['is_person', 'is_person', 'is_person', 'is_person', 'is_person', 'is_person', 'is_place', 'living_in', 'living_in_same_place', 'is_female', 'living_in_same_place', 'is_female', 'living_in', 'living_in', 'grandparent_of', 'no_daughters', 'living_in_same_place', 'living_in', 'living_in_same_place', 'living_in', 'living_in_same_place', 'is_underage', 'is_female', 'living_in_same_place', 'no_daughters', 'living_in_same_place', 'no_daughters', 'living_in']","(5, 0)",['living_in_same_place'],15
"[(0, 0), (1, 1), (2, 2), (3, 3), (4, 4), (5, 5), (6, 6), (5, 6), (0, 4), (1, 1), (3, 2), (0, 0), (1, 6), (4, 6), (0, 4), (1, 1), (1, 3), (3, 6), (1, 4), (0, 6), (3, 4), (4, 4), (4, 4), (3, 5), (5, 5), (4, 2), (0, 0), (2, 6)]","['is_person', 'is_person', 'is_person', 'is_person', 'is_person', 'is_person', 'is_place', 'living_in', 'living_in_same_place', 'is_female', 'living_in_same_place', 'is_female', 'living_in', 'living_in', 'grandparent_of', 'no_daughters', 'living_in_same_place', 'living_in', 'living_in_same_place', 'living_in', 'living_in_same_place', 'is_underage', 'is_female', 'living_in_same_place', 'no_daughters', 'living_in_same_place', 'no_daughters', 'living_in']","(5, 3)",['living_in_same_place'],15
"[(0, 0), (1, 1), (2, 2), (3, 3), (4, 4), (5, 5), (6, 6), (5, 6), (0, 4), (1, 1), (3, 2), (0, 0), (1, 6), (4, 6), (0, 4), (1, 1), (1, 3), (3, 6), (1, 4), (0, 6), (3, 4), (4, 4), (4, 4), (3, 5), (5, 5), (4, 2), (0, 0), (2, 6)]","['is_person', 'is_person', 'is_person', 'is_person', 'is_person', 'is_person', 'is_place', 'living_in', 'living_in_same_place', 'is_female', 'living_in_same_place', 'is_female', 'living_in', 'living_in', 'grandparent_of', 'no_daughters', 'living_in_same_place', 'living_in', 'living_in_same_place', 'living_in', 'living_in_same_place', 'is_underage', 'is_female', 'living_in_same_place', 'no_daughters', 'living_in_same_place', 'no_daughters', 'living_in']","(2, 5)",['living_in_same_place'],15
"[(0, 0), (1, 1), (2, 2), (3, 3), (4, 4), (5, 5), (6, 6), (5, 6), (0, 4), (1, 1), (3, 2), (0, 0), (1, 6), (4, 6), (0, 4), (1, 1), (1, 3), (3, 6), (1, 4), (0, 6), (3, 4), (4, 4), (4, 4), (3, 5), (5, 5), (4, 2), (0, 0), (2, 6)]","['is_person', 'is_person', 'is_person', 'is_person', 'is_person', 'is_person', 'is_place', 'living_in', 'living_in_same_place', 'is_female', 'living_in_same_place', 'is_female', 'living_in', 'living_in', 'grandparent_of', 'no_daughters', 'living_in_same_place', 'living_in', 'living_in_same_place', 'living_in', 'living_in_same_place', 'is_underage', 'is_female', 'living_in_same_place', 'no_daughters', 'living_in_same_place', 'no_daughters', 'living_in']","(5, 4)",['living_in_same_place'],15
"[(0, 0), (1, 1), (2, 2), (3, 3), (4, 4), (5, 5), (6, 6), (5, 6), (0, 4), (1, 1), (3, 2), (0, 0), (1, 6), (4, 6), (0, 4), (1, 1), (1, 3), (3, 6), (1, 4), (0, 6), (3, 4), (4, 4), (4, 4), (3, 5), (5, 5), (4, 2), (0, 0), (2, 6)]","['is_person', 'is_person', 'is_person', 'is_person', 'is_person', 'is_person', 'is_place', 'living_in', 'living_in_same_place', 'is_female', 'living_in_same_place', 'is_female', 'living_in', 'living_in', 'grandparent_of', 'no_daughters', 'living_in_same_place', 'living_in', 'living_in_same_place', 'living_in', 'living_in_same_place', 'is_underage', 'is_female', 'living_in_same_place', 'no_daughters', 'living_in_same_place', 'no_daughters', 'living_in']","(0, 2)",['living_in_same_place'],15
"[(0, 0), (1, 1), (2, 2), (3, 3), (4, 4), (5, 5), (6, 6), (5, 6), (0, 4), (1, 1), (3, 2), (0, 0), (1, 6), (4, 6), (0, 4), (1, 1), (1, 3), (3, 6), (1, 4), (0, 6), (3, 4), (4, 4), (4, 4), (3, 5), (5, 5), (4, 2), (0, 0), (2, 6)]","['is_person', 'is_person', 'is_person', 'is_person', 'is_person', 'is_person', 'is_place', 'living_in', 'living_in_same_place', 'is_female', 'living_in_same_place', 'is_female', 'living_in', 'living_in', 'grandparent_of', 'no_daughters', 'living_in_same_place', 'living_in', 'living_in_same_place', 'living_in', 'living_in_same_place', 'is_underage', 'is_female', 'living_in_same_place', 'no_daughters', 'living_in_same_place', 'no_daughters', 'living_in']","(0, 5)",['living_in_same_place'],15
"[(0, 0), (1, 1), (2, 2), (3, 3), (4, 4), (5, 5), (6, 6), (5, 6), (0, 4), (1, 1), (3, 2), (0, 0), (1, 6), (4, 6), (0, 4), (1, 1), (1, 3), (3, 6), (1, 4), (0, 6), (3, 4), (4, 4), (4, 4), (3, 5), (5, 5), (4, 2), (0, 0), (2, 6)]","['is_person', 'is_person', 'is_person', 'is_person', 'is_person', 'is_person', 'is_place', 'living_in', 'living_in_same_place', 'is_female', 'living_in_same_place', 'is_female', 'living_in', 'living_in', 'grandparent_of', 'no_daughters', 'living_in_same_place', 'living_in', 'living_in_same_place', 'living_in', 'living_in_same_place', 'is_underage', 'is_female', 'living_in_same_place', 'no_daughters', 'living_in_same_place', 'no_daughters', 'living_in']","(0, 3)",['living_in_same_place'],15
"[(0, 0), (1, 1), (2, 2), (3, 3), (4, 4), (5, 5), (6, 6), (5, 6), (0, 4), (1, 1), (3, 2), (0, 0), (1, 6), (4, 6), (0, 4), (1, 1), (1, 3), (3, 6), (1, 4), (0, 6), (3, 4), (4, 4), (4, 4), (3, 5), (5, 5), (4, 2), (0, 0), (2, 6)]","['is_person', 'is_person', 'is_person', 'is_person', 'is_person', 'is_person', 'is_place', 'living_in', 'living_in_same_place', 'is_female', 'living_in_same_place', 'is_female', 'living_in', 'living_in', 'grandparent_of', 'no_daughters', 'living_in_same_place', 'living_in', 'living_in_same_place', 'living_in', 'living_in_same_place', 'is_underage', 'is_female', 'living_in_same_place', 'no_daughters', 'living_in_same_place', 'no_daughters', 'living_in']","(3, 1)",['living_in_same_place'],15
"[(0, 0), (1, 1), (2, 2), (3, 3), (4, 4), (5, 5), (6, 6), (5, 6), (0, 4), (1, 1), (3, 2), (0, 0), (1, 6), (4, 6), (0, 4), (1, 1), (1, 3), (3, 6), (1, 4), (0, 6), (3, 4), (4, 4), (4, 4), (3, 5), (5, 5), (4, 2), (0, 0), (2, 6)]","['is_person', 'is_person', 'is_person', 'is_person', 'is_person', 'is_person', 'is_place', 'living_in', 'living_in_same_place', 'is_female', 'living_in_same_place', 'is_female', 'living_in', 'living_in', 'grandparent_of', 'no_daughters', 'living_in_same_place', 'living_in', 'living_in_same_place', 'living_in', 'living_in_same_place', 'is_underage', 'is_female', 'living_in_same_place', 'no_daughters', 'living_in_same_place', 'no_daughters', 'living_in']","(0, 1)",['living_in_same_place'],15
"[(0, 0), (1, 1), (2, 2), (3, 3), (4, 4), (5, 5), (6, 6), (5, 6), (0, 4), (1, 1), (3, 2), (0, 0), (1, 6), (4, 6), (0, 4), (1, 1), (1, 3), (3, 6), (1, 4), (0, 6), (3, 4), (4, 4), (4, 4), (3, 5), (5, 5), (4, 2), (0, 0), (2, 6)]","['is_person', 'is_person', 'is_person', 'is_person', 'is_person', 'is_person', 'is_place', 'living_in', 'living_in_same_place', 'is_female', 'living_in_same_place', 'is_female', 'living_in', 'living_in', 'grandparent_of', 'no_daughters', 'living_in_same_place', 'living_in', 'living_in_same_place', 'living_in', 'living_in_same_place', 'is_underage', 'is_female', 'living_in_same_place', 'no_daughters', 'living_in_same_place', 'no_daughters', 'living_in']","(0, 4)","['living_in_same_place', 'grandparent_of', 'grandmother_of', 'paternal_grandparent_of']",15
"[(0, 0), (1, 1), (2, 2), (3, 3), (4, 4), (5, 5), (6, 6), (5, 6), (0, 4), (1, 1), (3, 2), (0, 0), (1, 6), (4, 6), (0, 4), (1, 1), (1, 3), (3, 6), (1, 4), (0, 6), (3, 4), (4, 4), (4, 4), (3, 5), (5, 5), (4, 2), (0, 0), (2, 6)]","['is_person', 'is_person', 'is_person', 'is_person', 'is_person', 'is_person', 'is_place', 'living_in', 'living_in_same_place', 'is_female', 'living_in_same_place', 'is_female', 'living_in', 'living_in', 'grandparent_of', 'no_daughters', 'living_in_same_place', 'living_in', 'living_in_same_place', 'living_in', 'living_in_same_place', 'is_underage', 'is_female', 'living_in_same_place', 'no_daughters', 'living_in_same_place', 'no_daughters', 'living_in']","(4, 0)","['grandchild_of', 'living_in_same_place', 'granddaughter_of']",15
"[(0, 0), (1, 1), (2, 2), (3, 3), (4, 4), (5, 5), (6, 6), (5, 6), (0, 4), (1, 1), (3, 2), (0, 0), (1, 6), (4, 6), (0, 4), (1, 1), (1, 3), (3, 6), (1, 4), (0, 6), (3, 4), (4, 4), (4, 4), (3, 5), (5, 5), (4, 2), (0, 0), (2, 6)]","['is_person', 'is_person', 'is_person', 'is_person', 'is_person', 'is_person', 'is_place', 'living_in', 'living_in_same_place', 'is_female', 'living_in_same_place', 'is_female', 'living_in', 'living_in', 'grandparent_of', 'no_daughters', 'living_in_same_place', 'living_in', 'living_in_same_place', 'living_in', 'living_in_same_place', 'is_underage', 'is_female', 'living_in_same_place', 'no_daughters', 'living_in_same_place', 'no_daughters', 'living_in']","(1, 5)",['living_in_same_place'],15
"[(0, 0), (1, 1), (2, 2), (3, 3), (4, 4), (5, 5), (6, 6), (5, 6), (0, 4), (1, 1), (3, 2), (0, 0), (1, 6), (4, 6), (0, 4), (1, 1), (1, 3), (3, 6), (1, 4), (0, 6), (3, 4), (4, 4), (4, 4), (3, 5), (5, 5), (4, 2), (0, 0), (2, 6)]","['is_person', 'is_person', 'is_person', 'is_person', 'is_person', 'is_person', 'is_place', 'living_in', 'living_in_same_place', 'is_female', 'living_in_same_place', 'is_female', 'living_in', 'living_in', 'grandparent_of', 'no_daughters', 'living_in_same_place', 'living_in', 'living_in_same_place', 'living_in', 'living_in_same_place', 'is_underage', 'is_female', 'living_in_same_place', 'no_daughters', 'living_in_same_place', 'no_daughters', 'living_in']","(2, 1)",['living_in_same_place'],15
"[(0, 0), (1, 1), (2, 2), (3, 3), (4, 4), (5, 5), (6, 6), (5, 6), (0, 4), (1, 1), (3, 2), (0, 0), (1, 6), (4, 6), (0, 4), (1, 1), (1, 3), (3, 6), (1, 4), (0, 6), (3, 4), (4, 4), (4, 4), (3, 5), (5, 5), (4, 2), (0, 0), (2, 6)]","['is_person', 'is_person', 'is_person', 'is_person', 'is_person', 'is_person', 'is_place', 'living_in', 'living_in_same_place', 'is_female', 'living_in_same_place', 'is_female', 'living_in', 'living_in', 'grandparent_of', 'no_daughters', 'living_in_same_place', 'living_in', 'living_in_same_place', 'living_in', 'living_in_same_place', 'is_underage', 'is_female', 'living_in_same_place', 'no_daughters', 'living_in_same_place', 'no_daughters', 'living_in']","(5, 2)",['living_in_same_place'],15
"[(0, 0), (1, 1), (2, 2), (3, 3), (4, 4), (5, 5), (6, 6), (5, 6), (0, 4), (1, 1), (3, 2), (0, 0), (1, 6), (4, 6), (0, 4), (1, 1), (1, 3), (3, 6), (1, 4), (0, 6), (3, 4), (4, 4), (4, 4), (3, 5), (5, 5), (4, 2), (0, 0), (2, 6)]","['is_person', 'is_person', 'is_person', 'is_person', 'is_person', 'is_person', 'is_place', 'living_in', 'living_in_same_place', 'is_female', 'living_in_same_place', 'is_female', 'living_in', 'living_in', 'grandparent_of', 'no_daughters', 'living_in_same_place', 'living_in', 'living_in_same_place', 'living_in', 'living_in_same_place', 'is_underage', 'is_female', 'living_in_same_place', 'no_daughters', 'living_in_same_place', 'no_daughters', 'living_in']","(1, 0)",['living_in_same_place'],15
"[(0, 0), (1, 1), (2, 2), (3, 3), (4, 4), (5, 5), (6, 6), (5, 6), (0, 4), (1, 1), (3, 2), (0, 0), (1, 6), (4, 6), (0, 4), (1, 1), (1, 3), (3, 6), (1, 4), (0, 6), (3, 4), (4, 4), (4, 4), (3, 5), (5, 5), (4, 2), (0, 0), (2, 6)]","['is_person', 'is_person', 'is_person', 'is_person', 'is_person', 'is_person', 'is_place', 'living_in', 'living_in_same_place', 'is_female', 'living_in_same_place', 'is_female', 'living_in', 'living_in', 'grandparent_of', 'no_daughters', 'living_in_same_place', 'living_in', 'living_in_same_place', 'living_in', 'living_in_same_place', 'is_underage', 'is_female', 'living_in_same_place', 'no_daughters', 'living_in_same_place', 'no_daughters', 'living_in']","(5, 1)",['living_in_same_place'],15
"[(0, 0), (1, 1), (2, 2), (3, 3), (4, 4), (5, 5), (6, 6), (5, 6), (0, 4), (1, 1), (3, 2), (0, 0), (1, 6), (4, 6), (0, 4), (1, 1), (1, 3), (3, 6), (1, 4), (0, 6), (3, 4), (4, 4), (4, 4), (3, 5), (5, 5), (4, 2), (0, 0), (2, 6)]","['is_person', 'is_person', 'is_person', 'is_person', 'is_person', 'is_person', 'is_place', 'living_in', 'living_in_same_place', 'is_female', 'living_in_same_place', 'is_female', 'living_in', 'living_in', 'grandparent_of', 'no_daughters', 'living_in_same_place', 'living_in', 'living_in_same_place', 'living_in', 'living_in_same_place', 'is_underage', 'is_female', 'living_in_same_place', 'no_daughters', 'living_in_same_place', 'no_daughters', 'living_in']","(4, 3)",['living_in_same_place'],15
"[(0, 0), (1, 1), (2, 2), (3, 3), (4, 4), (5, 5), (6, 6), (5, 6), (0, 4), (1, 1), (3, 2), (0, 0), (1, 6), (4, 6), (0, 4), (1, 1), (1, 3), (3, 6), (1, 4), (0, 6), (3, 4), (4, 4), (4, 4), (3, 5), (5, 5), (4, 2), (0, 0), (2, 6)]","['is_person', 'is_person', 'is_person', 'is_person', 'is_person', 'is_person', 'is_place', 'living_in', 'living_in_same_place', 'is_female', 'living_in_same_place', 'is_female', 'living_in', 'living_in', 'grandparent_of', 'no_daughters', 'living_in_same_place', 'living_in', 'living_in_same_place', 'living_in', 'living_in_same_place', 'is_underage', 'is_female', 'living_in_same_place', 'no_daughters', 'living_in_same_place', 'no_daughters', 'living_in']","(2, 3)",['living_in_same_place'],15
"[(0, 0), (1, 1), (2, 2), (3, 3), (4, 4), (5, 5), (6, 6), (5, 6), (0, 4), (1, 1), (3, 2), (0, 0), (1, 6), (4, 6), (0, 4), (1, 1), (1, 3), (3, 6), (1, 4), (0, 6), (3, 4), (4, 4), (4, 4), (3, 5), (5, 5), (4, 2), (0, 0), (2, 6)]","['is_person', 'is_person', 'is_person', 'is_person', 'is_person', 'is_person', 'is_place', 'living_in', 'living_in_same_place', 'is_female', 'living_in_same_place', 'is_female', 'living_in', 'living_in', 'grandparent_of', 'no_daughters', 'living_in_same_place', 'living_in', 'living_in_same_place', 'living_in', 'living_in_same_place', 'is_underage', 'is_female', 'living_in_same_place', 'no_daughters', 'living_in_same_place', 'no_daughters', 'living_in']","(1, 2)",['living_in_same_place'],15
"[(0, 0), (1, 1), (2, 2), (3, 3), (4, 4), (5, 5), (6, 6), (5, 6), (0, 4), (1, 1), (3, 2), (0, 0), (1, 6), (4, 6), (0, 4), (1, 1), (1, 3), (3, 6), (1, 4), (0, 6), (3, 4), (4, 4), (4, 4), (3, 5), (5, 5), (4, 2), (0, 0), (2, 6)]","['is_person', 'is_person', 'is_person', 'is_person', 'is_person', 'is_person', 'is_place', 'living_in', 'living_in_same_place', 'is_female', 'living_in_same_place', 'is_female', 'living_in', 'living_in', 'grandparent_of', 'no_daughters', 'living_in_same_place', 'living_in', 'living_in_same_place', 'living_in', 'living_in_same_place', 'is_underage', 'is_female', 'living_in_same_place', 'no_daughters', 'living_in_same_place', 'no_daughters', 'living_in']","(2, 0)",['living_in_same_place'],15
"[(0, 0), (1, 1), (2, 2), (3, 3), (4, 4), (5, 5), (6, 6), (5, 6), (0, 4), (1, 1), (3, 2), (0, 0), (1, 6), (4, 6), (0, 4), (1, 1), (1, 3), (3, 6), (1, 4), (0, 6), (3, 4), (4, 4), (4, 4), (3, 5), (5, 5), (4, 2), (0, 0), (2, 6)]","['is_person', 'is_person', 'is_person', 'is_person', 'is_person', 'is_person', 'is_place', 'living_in', 'living_in_same_place', 'is_female', 'living_in_same_place', 'is_female', 'living_in', 'living_in', 'grandparent_of', 'no_daughters', 'living_in_same_place', 'living_in', 'living_in_same_place', 'living_in', 'living_in_same_place', 'is_underage', 'is_female', 'living_in_same_place', 'no_daughters', 'living_in_same_place', 'no_daughters', 'living_in']","(2, 4)",['living_in_same_place'],15
"[(0, 0), (1, 1), (2, 2), (3, 3), (4, 4), (5, 5), (6, 6), (5, 6), (0, 4), (1, 1), (3, 2), (0, 0), (1, 6), (4, 6), (0, 4), (1, 1), (1, 3), (3, 6), (1, 4), (0, 6), (3, 4), (4, 4), (4, 4), (3, 5), (5, 5), (4, 2), (0, 0), (2, 6)]","['is_person', 'is_person', 'is_person', 'is_person', 'is_person', 'is_person', 'is_place', 'living_in', 'living_in_same_place', 'is_female', 'living_in_same_place', 'is_female', 'living_in', 'living_in', 'grandparent_of', 'no_daughters', 'living_in_same_place', 'living_in', 'living_in_same_place', 'living_in', 'living_in_same_place', 'is_underage', 'is_female', 'living_in_same_place', 'no_daughters', 'living_in_same_place', 'no_daughters', 'living_in']","(3, 0)",['living_in_same_place'],15
"[(0, 0), (1, 1), (2, 2), (3, 3), (4, 4), (5, 5), (6, 6), (5, 6), (0, 4), (1, 1), (3, 2), (0, 0), (1, 6), (4, 6), (0, 4), (1, 1), (1, 3), (3, 6), (1, 4), (0, 6), (3, 4), (4, 4), (4, 4), (3, 5), (5, 5), (4, 2), (0, 0), (2, 6)]","['is_person', 'is_person', 'is_person', 'is_person', 'is_person', 'is_person', 'is_place', 'living_in', 'living_in_same_place', 'is_female', 'living_in_same_place', 'is_female', 'living_in', 'living_in', 'grandparent_of', 'no_daughters', 'living_in_same_place', 'living_in', 'living_in_same_place', 'living_in', 'living_in_same_place', 'is_underage', 'is_female', 'living_in_same_place', 'no_daughters', 'living_in_same_place', 'no_daughters', 'living_in']","(4, 1)",['living_in_same_place'],15
"[(0, 0), (1, 1), (2, 2), (3, 3), (4, 4), (5, 5), (6, 6), (4, 4), (4, 6), (5, 3), (1, 6), (3, 6), (1, 1), (2, 6), (5, 3), (0, 0), (4, 5), (5, 5), (2, 5), (2, 3), (3, 2), (0, 6), (1, 6), (4, 4), (5, 6)]","['is_person', 'is_person', 'is_person', 'is_person', 'is_person', 'is_person', 'is_place', 'is_underage', 'living_in', 'son_of', 'living_in', 'living_in', 'is_underage', 'living_in', 'living_in_same_place', 'is_male', 'paternal_aunt_of', 'is_underage', 'grandfather_of', 'living_in_same_place', 'living_in_same_place', 'living_in', 'maternal_grandparent_of', 'is_male', 'living_in']","(3, 5)","['parent_of', 'living_in_same_place']",16
"[(0, 0), (1, 1), (2, 2), (3, 3), (4, 4), (5, 5), (6, 6), (4, 4), (4, 6), (5, 3), (1, 6), (3, 6), (1, 1), (2, 6), (5, 3), (0, 0), (4, 5), (5, 5), (2, 5), (2, 3), (3, 2), (0, 6), (1, 6), (4, 4), (5, 6)]","['is_person', 'is_person', 'is_person', 'is_person', 'is_person', 'is_person', 'is_place', 'is_underage', 'living_in', 'son_of', 'living_in', 'living_in', 'is_underage', 'living_in', 'living_in_same_place', 'is_male', 'paternal_aunt_of', 'is_underage', 'grandfather_of', 'living_in_same_place', 'living_in_same_place', 'living_in', 'maternal_grandparent_of', 'is_male', 'living_in']","(5, 5)","['is_underage', 'is_male']",16
"[(0, 0), (1, 1), (2, 2), (3, 3), (4, 4), (5, 5), (6, 6), (4, 4), (4, 6), (5, 3), (1, 6), (3, 6), (1, 1), (2, 6), (5, 3), (0, 0), (4, 5), (5, 5), (2, 5), (2, 3), (3, 2), (0, 6), (1, 6), (4, 4), (5, 6)]","['is_person', 'is_person', 'is_person', 'is_person', 'is_person', 'is_person', 'is_place', 'is_underage', 'living_in', 'son_of', 'living_in', 'living_in', 'is_underage', 'living_in', 'living_in_same_place', 'is_male', 'paternal_aunt_of', 'is_underage', 'grandfather_of', 'living_in_same_place', 'living_in_same_place', 'living_in', 'maternal_grandparent_of', 'is_male', 'living_in']","(5, 3)","['son_of', 'living_in_same_place', 'child_of']",16
"[(0, 0), (1, 1), (2, 2), (3, 3), (4, 4), (5, 5), (6, 6), (4, 4), (4, 6), (5, 3), (1, 6), (3, 6), (1, 1), (2, 6), (5, 3), (0, 0), (4, 5), (5, 5), (2, 5), (2, 3), (3, 2), (0, 6), (1, 6), (4, 4), (5, 6)]","['is_person', 'is_person', 'is_person', 'is_person', 'is_person', 'is_person', 'is_place', 'is_underage', 'living_in', 'son_of', 'living_in', 'living_in', 'is_underage', 'living_in', 'living_in_same_place', 'is_male', 'paternal_aunt_of', 'is_underage', 'grandfather_of', 'living_in_same_place', 'living_in_same_place', 'living_in', 'maternal_grandparent_of', 'is_male', 'living_in']","(5, 2)","['grandchild_of', 'living_in_same_place', 'grandson_of']",16
"[(0, 0), (1, 1), (2, 2), (3, 3), (4, 4), (5, 5), (6, 6), (4, 4), (4, 6), (5, 3), (1, 6), (3, 6), (1, 1), (2, 6), (5, 3), (0, 0), (4, 5), (5, 5), (2, 5), (2, 3), (3, 2), (0, 6), (1, 6), (4, 4), (5, 6)]","['is_person', 'is_person', 'is_person', 'is_person', 'is_person', 'is_person', 'is_place', 'is_underage', 'living_in', 'son_of', 'living_in', 'living_in', 'is_underage', 'living_in', 'living_in_same_place', 'is_male', 'paternal_aunt_of', 'is_underage', 'grandfather_of', 'living_in_same_place', 'living_in_same_place', 'living_in', 'maternal_grandparent_of', 'is_male', 'living_in']","(2, 5)","['grandfather_of', 'grandparent_of', 'living_in_same_place']",16
"[(0, 0), (1, 1), (2, 2), (3, 3), (4, 4), (5, 5), (6, 6), (4, 4), (4, 6), (5, 3), (1, 6), (3, 6), (1, 1), (2, 6), (5, 3), (0, 0), (4, 5), (5, 5), (2, 5), (2, 3), (3, 2), (0, 6), (1, 6), (4, 4), (5, 6)]","['is_person', 'is_person', 'is_person', 'is_person', 'is_person', 'is_person', 'is_place', 'is_underage', 'living_in', 'son_of', 'living_in', 'living_in', 'is_underage', 'living_in', 'living_in_same_place', 'is_male', 'paternal_aunt_of', 'is_underage', 'grandfather_of', 'living_in_same_place', 'living_in_same_place', 'living_in', 'maternal_grandparent_of', 'is_male', 'living_in']","(2, 2)",['is_male'],16
"[(0, 0), (1, 1), (2, 2), (3, 3), (4, 4), (5, 5), (6, 6), (7, 7), (1, 1), (6, 7), (1, 1), (5, 5), (6, 5), (6, 6), (4, 7), (3, 7), (1, 1), (4, 4), (5, 7), (1, 5), (0, 0), (5, 6), (1, 7), (5, 6), (5, 0), (4, 3), (4, 3), (2, 2), (4, 4), (6, 6)]","['is_person', 'is_person', 'is_person', 'is_person', 'is_person', 'is_person', 'is_person', 'is_place', 'is_underage', 'living_in', 'no_sons', 'is_female', 'living_in_same_place', 'no_sisters', 'living_in', 'living_in', 'is_male', 'no_sons', 'living_in', 'living_in_same_place', 'no_sons', 'paternal_grandmother_of', 'living_in', 'mother_in_law_of', 'living_in_same_place', 'sibling_in_law_of', 'maternal_aunt_or_uncle_of', 'is_male', 'no_sisters', 'is_female']","(5, 1)",['living_in_same_place'],17
"[(0, 0), (1, 1), (2, 2), (3, 3), (4, 4), (5, 5), (6, 6), (7, 7), (1, 1), (6, 7), (1, 1), (5, 5), (6, 5), (6, 6), (4, 7), (3, 7), (1, 1), (4, 4), (5, 7), (1, 5), (0, 0), (5, 6), (1, 7), (5, 6), (5, 0), (4, 3), (4, 3), (2, 2), (4, 4), (6, 6)]","['is_person', 'is_person', 'is_person', 'is_person', 'is_person', 'is_person', 'is_person', 'is_place', 'is_underage', 'living_in', 'no_sons', 'is_female', 'living_in_same_place', 'no_sisters', 'living_in', 'living_in', 'is_male', 'no_sons', 'living_in', 'living_in_same_place', 'no_sons', 'paternal_grandmother_of', 'living_in', 'mother_in_law_of', 'living_in_same_place', 'sibling_in_law_of', 'maternal_aunt_or_uncle_of', 'is_male', 'no_sisters', 'is_female']","(5, 6)","['paternal_grandmother_of', 'mother_in_law_of', 'parent_in_law_of', 'living_in_same_place']",17
"[(0, 0), (1, 1), (2, 2), (3, 3), (4, 4), (5, 5), (6, 6), (7, 7), (1, 1), (6, 7), (1, 1), (5, 5), (6, 5), (6, 6), (4, 7), (3, 7), (1, 1), (4, 4), (5, 7), (1, 5), (0, 0), (5, 6), (1, 7), (5, 6), (5, 0), (4, 3), (4, 3), (2, 2), (4, 4), (6, 6)]","['is_person', 'is_person', 'is_person', 'is_person', 'is_person', 'is_person', 'is_person', 'is_place', 'is_underage', 'living_in', 'no_sons', 'is_female', 'living_in_same_place', 'no_sisters', 'living_in', 'living_in', 'is_male', 'no_sons', 'living_in', 'living_in_same_place', 'no_sons', 'paternal_grandmother_of', 'living_in', 'mother_in_law_of', 'living_in_same_place', 'sibling_in_law_of', 'maternal_aunt_or_uncle_of', 'is_male', 'no_sisters', 'is_female']","(0, 6)",['living_in_same_place'],17
"[(0, 0), (1, 1), (2, 2), (3, 3), (4, 4), (5, 5), (6, 6), (7, 7), (1, 1), (6, 7), (1, 1), (5, 5), (6, 5), (6, 6), (4, 7), (3, 7), (1, 1), (4, 4), (5, 7), (1, 5), (0, 0), (5, 6), (1, 7), (5, 6), (5, 0), (4, 3), (4, 3), (2, 2), (4, 4), (6, 6)]","['is_person', 'is_person', 'is_person', 'is_person', 'is_person', 'is_person', 'is_person', 'is_place', 'is_underage', 'living_in', 'no_sons', 'is_female', 'living_in_same_place', 'no_sisters', 'living_in', 'living_in', 'is_male', 'no_sons', 'living_in', 'living_in_same_place', 'no_sons', 'paternal_grandmother_of', 'living_in', 'mother_in_law_of', 'living_in_same_place', 'sibling_in_law_of', 'maternal_aunt_or_uncle_of', 'is_male', 'no_sisters', 'is_female']","(6, 5)","['living_in_same_place', 'daughter_in_law_of', 'child_in_law_of']",17
"[(0, 0), (1, 1), (2, 2), (3, 3), (4, 4), (5, 5), (6, 6), (7, 7), (1, 1), (6, 7), (1, 1), (5, 5), (6, 5), (6, 6), (4, 7), (3, 7), (1, 1), (4, 4), (5, 7), (1, 5), (0, 0), (5, 6), (1, 7), (5, 6), (5, 0), (4, 3), (4, 3), (2, 2), (4, 4), (6, 6)]","['is_person', 'is_person', 'is_person', 'is_person', 'is_person', 'is_person', 'is_person', 'is_place', 'is_underage', 'living_in', 'no_sons', 'is_female', 'living_in_same_place', 'no_sisters', 'living_in', 'living_in', 'is_male', 'no_sons', 'living_in', 'living_in_same_place', 'no_sons', 'paternal_grandmother_of', 'living_in', 'mother_in_law_of', 'living_in_same_place', 'sibling_in_law_of', 'maternal_aunt_or_uncle_of', 'is_male', 'no_sisters', 'is_female']","(6, 0)",['living_in_same_place'],17
"[(0, 0), (1, 1), (2, 2), (3, 3), (4, 4), (5, 5), (6, 6), (7, 7), (1, 1), (6, 7), (1, 1), (5, 5), (6, 5), (6, 6), (4, 7), (3, 7), (1, 1), (4, 4), (5, 7), (1, 5), (0, 0), (5, 6), (1, 7), (5, 6), (5, 0), (4, 3), (4, 3), (2, 2), (4, 4), (6, 6)]","['is_person', 'is_person', 'is_person', 'is_person', 'is_person', 'is_person', 'is_person', 'is_place', 'is_underage', 'living_in', 'no_sons', 'is_female', 'living_in_same_place', 'no_sisters', 'living_in', 'living_in', 'is_male', 'no_sons', 'living_in', 'living_in_same_place', 'no_sons', 'paternal_grandmother_of', 'living_in', 'mother_in_law_of', 'living_in_same_place', 'sibling_in_law_of', 'maternal_aunt_or_uncle_of', 'is_male', 'no_sisters', 'is_female']","(0, 5)",['living_in_same_place'],17
"[(0, 0), (1, 1), (2, 2), (3, 3), (4, 4), (5, 5), (6, 6), (7, 7), (1, 1), (6, 7), (1, 1), (5, 5), (6, 5), (6, 6), (4, 7), (3, 7), (1, 1), (4, 4), (5, 7), (1, 5), (0, 0), (5, 6), (1, 7), (5, 6), (5, 0), (4, 3), (4, 3), (2, 2), (4, 4), (6, 6)]","['is_person', 'is_person', 'is_person', 'is_person', 'is_person', 'is_person', 'is_person', 'is_place', 'is_underage', 'living_in', 'no_sons', 'is_female', 'living_in_same_place', 'no_sisters', 'living_in', 'living_in', 'is_male', 'no_sons', 'living_in', 'living_in_same_place', 'no_sons', 'paternal_grandmother_of', 'living_in', 'mother_in_law_of', 'living_in_same_place', 'sibling_in_law_of', 'maternal_aunt_or_uncle_of', 'is_male', 'no_sisters', 'is_female']","(0, 7)",['living_in'],17
"[(0, 0), (1, 1), (2, 2), (3, 3), (4, 4), (5, 5), (6, 6), (7, 7), (1, 1), (6, 7), (1, 1), (5, 5), (6, 5), (6, 6), (4, 7), (3, 7), (1, 1), (4, 4), (5, 7), (1, 5), (0, 0), (5, 6), (1, 7), (5, 6), (5, 0), (4, 3), (4, 3), (2, 2), (4, 4), (6, 6)]","['is_person', 'is_person', 'is_person', 'is_person', 'is_person', 'is_person', 'is_person', 'is_place', 'is_underage', 'living_in', 'no_sons', 'is_female', 'living_in_same_place', 'no_sisters', 'living_in', 'living_in', 'is_male', 'no_sons', 'living_in', 'living_in_same_place', 'no_sons', 'paternal_grandmother_of', 'living_in', 'mother_in_law_of', 'living_in_same_place', 'sibling_in_law_of', 'maternal_aunt_or_uncle_of', 'is_male', 'no_sisters', 'is_female']","(6, 1)",['living_in_same_place'],17
"[(0, 0), (1, 1), (2, 2), (3, 3), (4, 4), (5, 5), (6, 6), (7, 7), (1, 1), (6, 7), (1, 1), (5, 5), (6, 5), (6, 6), (4, 7), (3, 7), (1, 1), (4, 4), (5, 7), (1, 5), (0, 0), (5, 6), (1, 7), (5, 6), (5, 0), (4, 3), (4, 3), (2, 2), (4, 4), (6, 6)]","['is_person', 'is_person', 'is_person', 'is_person', 'is_person', 'is_person', 'is_person', 'is_place', 'is_underage', 'living_in', 'no_sons', 'is_female', 'living_in_same_place', 'no_sisters', 'living_in', 'living_in', 'is_male', 'no_sons', 'living_in', 'living_in_same_place', 'no_sons', 'paternal_grandmother_of', 'living_in', 'mother_in_law_of', 'living_in_same_place', 'sibling_in_law_of', 'maternal_aunt_or_uncle_of', 'is_male', 'no_sisters', 'is_female']","(0, 1)",['living_in_same_place'],17
"[(0, 0), (1, 1), (2, 2), (3, 3), (4, 4), (5, 5), (6, 6), (7, 7), (1, 1), (6, 7), (1, 1), (5, 5), (6, 5), (6, 6), (4, 7), (3, 7), (1, 1), (4, 4), (5, 7), (1, 5), (0, 0), (5, 6), (1, 7), (5, 6), (5, 0), (4, 3), (4, 3), (2, 2), (4, 4), (6, 6)]","['is_person', 'is_person', 'is_person', 'is_person', 'is_person', 'is_person', 'is_person', 'is_place', 'is_underage', 'living_in', 'no_sons', 'is_female', 'living_in_same_place', 'no_sisters', 'living_in', 'living_in', 'is_male', 'no_sons', 'living_in', 'living_in_same_place', 'no_sons', 'paternal_grandmother_of', 'living_in', 'mother_in_law_of', 'living_in_same_place', 'sibling_in_law_of', 'maternal_aunt_or_uncle_of', 'is_male', 'no_sisters', 'is_female']","(1, 6)",['living_in_same_place'],17
"[(0, 0), (1, 1), (2, 2), (3, 3), (4, 4), (5, 5), (6, 6), (7, 7), (1, 1), (6, 7), (1, 1), (5, 5), (6, 5), (6, 6), (4, 7), (3, 7), (1, 1), (4, 4), (5, 7), (1, 5), (0, 0), (5, 6), (1, 7), (5, 6), (5, 0), (4, 3), (4, 3), (2, 2), (4, 4), (6, 6)]","['is_person', 'is_person', 'is_person', 'is_person', 'is_person', 'is_person', 'is_person', 'is_place', 'is_underage', 'living_in', 'no_sons', 'is_female', 'living_in_same_place', 'no_sisters', 'living_in', 'living_in', 'is_male', 'no_sons', 'living_in', 'living_in_same_place', 'no_sons', 'paternal_grandmother_of', 'living_in', 'mother_in_law_of', 'living_in_same_place', 'sibling_in_law_of', 'maternal_aunt_or_uncle_of', 'is_male', 'no_sisters', 'is_female']","(1, 0)",['living_in_same_place'],17
"[(0, 0), (1, 1), (2, 2), (3, 3), (4, 4), (5, 5), (6, 6), (7, 7), (1, 1), (6, 7), (1, 1), (5, 5), (6, 5), (6, 6), (4, 7), (3, 7), (1, 1), (4, 4), (5, 7), (1, 5), (0, 0), (5, 6), (1, 7), (5, 6), (5, 0), (4, 3), (4, 3), (2, 2), (4, 4), (6, 6)]","['is_person', 'is_person', 'is_person', 'is_person', 'is_person', 'is_person', 'is_person', 'is_place', 'is_underage', 'living_in', 'no_sons', 'is_female', 'living_in_same_place', 'no_sisters', 'living_in', 'living_in', 'is_male', 'no_sons', 'living_in', 'living_in_same_place', 'no_sons', 'paternal_grandmother_of', 'living_in', 'mother_in_law_of', 'living_in_same_place', 'sibling_in_law_of', 'maternal_aunt_or_uncle_of', 'is_male', 'no_sisters', 'is_female']","(3, 4)",['sibling_in_law_of'],17
"[(0, 0), (1, 1), (2, 2), (3, 3), (4, 4), (5, 5), (6, 6), (5, 5), (5, 5), (1, 4), (4, 4), (0, 4), (4, 5), (1, 1), (5, 6), (2, 2), (4, 6), (5, 1), (2, 1), (3, 6), (4, 5), (0, 0), (3, 2), (1, 6)]","['is_person', 'is_person', 'is_person', 'is_person', 'is_person', 'is_person', 'is_place', 'is_underage', 'is_male', 'paternal_grandparent_of', 'no_brothers', 'living_in_same_place', 'mother_in_law_of', 'is_underage', 'living_in', 'is_male', 'living_in', 'living_in_same_place', 'paternal_grandparent_of', 'living_in', 'living_in_same_place', 'is_female', 'mother_in_law_of', 'living_in']","(3, 3)",['is_female'],18
"[(0, 0), (1, 1), (2, 2), (3, 3), (4, 4), (5, 5), (6, 6), (5, 5), (5, 5), (1, 4), (4, 4), (0, 4), (4, 5), (1, 1), (5, 6), (2, 2), (4, 6), (5, 1), (2, 1), (3, 6), (4, 5), (0, 0), (3, 2), (1, 6)]","['is_person', 'is_person', 'is_person', 'is_person', 'is_person', 'is_person', 'is_place', 'is_underage', 'is_male', 'paternal_grandparent_of', 'no_brothers', 'living_in_same_place', 'mother_in_law_of', 'is_underage', 'living_in', 'is_male', 'living_in', 'living_in_same_place', 'paternal_grandparent_of', 'living_in', 'living_in_same_place', 'is_female', 'mother_in_law_of', 'living_in']","(5, 0)",['living_in_same_place'],18
"[(0, 0), (1, 1), (2, 2), (3, 3), (4, 4), (5, 5), (6, 6), (5, 5), (5, 5), (1, 4), (4, 4), (0, 4), (4, 5), (1, 1), (5, 6), (2, 2), (4, 6), (5, 1), (2, 1), (3, 6), (4, 5), (0, 0), (3, 2), (1, 6)]","['is_person', 'is_person', 'is_person', 'is_person', 'is_person', 'is_person', 'is_place', 'is_underage', 'is_male', 'paternal_grandparent_of', 'no_brothers', 'living_in_same_place', 'mother_in_law_of', 'is_underage', 'living_in', 'is_male', 'living_in', 'living_in_same_place', 'paternal_grandparent_of', 'living_in', 'living_in_same_place', 'is_female', 'mother_in_law_of', 'living_in']","(3, 2)","['mother_in_law_of', 'parent_in_law_of']",18
"[(0, 0), (1, 1), (2, 2), (3, 3), (4, 4), (5, 5), (6, 6), (5, 5), (5, 5), (1, 4), (4, 4), (0, 4), (4, 5), (1, 1), (5, 6), (2, 2), (4, 6), (5, 1), (2, 1), (3, 6), (4, 5), (0, 0), (3, 2), (1, 6)]","['is_person', 'is_person', 'is_person', 'is_person', 'is_person', 'is_person', 'is_place', 'is_underage', 'is_male', 'paternal_grandparent_of', 'no_brothers', 'living_in_same_place', 'mother_in_law_of', 'is_underage', 'living_in', 'is_male', 'living_in', 'living_in_same_place', 'paternal_grandparent_of', 'living_in', 'living_in_same_place', 'is_female', 'mother_in_law_of', 'living_in']","(1, 5)",['living_in_same_place'],18
"[(0, 0), (1, 1), (2, 2), (3, 3), (4, 4), (5, 5), (6, 6), (5, 5), (5, 5), (1, 4), (4, 4), (0, 4), (4, 5), (1, 1), (5, 6), (2, 2), (4, 6), (5, 1), (2, 1), (3, 6), (4, 5), (0, 0), (3, 2), (1, 6)]","['is_person', 'is_person', 'is_person', 'is_person', 'is_person', 'is_person', 'is_place', 'is_underage', 'is_male', 'paternal_grandparent_of', 'no_brothers', 'living_in_same_place', 'mother_in_law_of', 'is_underage', 'living_in', 'is_male', 'living_in', 'living_in_same_place', 'paternal_grandparent_of', 'living_in', 'living_in_same_place', 'is_female', 'mother_in_law_of', 'living_in']","(0, 6)",['living_in'],18
"[(0, 0), (1, 1), (2, 2), (3, 3), (4, 4), (5, 5), (6, 6), (5, 5), (5, 5), (1, 4), (4, 4), (0, 4), (4, 5), (1, 1), (5, 6), (2, 2), (4, 6), (5, 1), (2, 1), (3, 6), (4, 5), (0, 0), (3, 2), (1, 6)]","['is_person', 'is_person', 'is_person', 'is_person', 'is_person', 'is_person', 'is_place', 'is_underage', 'is_male', 'paternal_grandparent_of', 'no_brothers', 'living_in_same_place', 'mother_in_law_of', 'is_underage', 'living_in', 'is_male', 'living_in', 'living_in_same_place', 'paternal_grandparent_of', 'living_in', 'living_in_same_place', 'is_female', 'mother_in_law_of', 'living_in']","(5, 4)","['child_in_law_of', 'living_in_same_place', 'son_in_law_of']",18
"[(0, 0), (1, 1), (2, 2), (3, 3), (4, 4), (5, 5), (6, 6), (5, 5), (5, 5), (1, 4), (4, 4), (0, 4), (4, 5), (1, 1), (5, 6), (2, 2), (4, 6), (5, 1), (2, 1), (3, 6), (4, 5), (0, 0), (3, 2), (1, 6)]","['is_person', 'is_person', 'is_person', 'is_person', 'is_person', 'is_person', 'is_place', 'is_underage', 'is_male', 'paternal_grandparent_of', 'no_brothers', 'living_in_same_place', 'mother_in_law_of', 'is_underage', 'living_in', 'is_male', 'living_in', 'living_in_same_place', 'paternal_grandparent_of', 'living_in', 'living_in_same_place', 'is_female', 'mother_in_law_of', 'living_in']","(4, 4)","['no_brothers', 'is_female']",18
"[(0, 0), (1, 1), (2, 2), (3, 3), (4, 4), (5, 5), (6, 6), (5, 5), (5, 5), (1, 4), (4, 4), (0, 4), (4, 5), (1, 1), (5, 6), (2, 2), (4, 6), (5, 1), (2, 1), (3, 6), (4, 5), (0, 0), (3, 2), (1, 6)]","['is_person', 'is_person', 'is_person', 'is_person', 'is_person', 'is_person', 'is_place', 'is_underage', 'is_male', 'paternal_grandparent_of', 'no_brothers', 'living_in_same_place', 'mother_in_law_of', 'is_underage', 'living_in', 'is_male', 'living_in', 'living_in_same_place', 'paternal_grandparent_of', 'living_in', 'living_in_same_place', 'is_female', 'mother_in_law_of', 'living_in']","(1, 4)","['paternal_grandparent_of', 'living_in_same_place']",18
"[(0, 0), (1, 1), (2, 2), (3, 3), (4, 4), (5, 5), (6, 6), (5, 5), (5, 5), (1, 4), (4, 4), (0, 4), (4, 5), (1, 1), (5, 6), (2, 2), (4, 6), (5, 1), (2, 1), (3, 6), (4, 5), (0, 0), (3, 2), (1, 6)]","['is_person', 'is_person', 'is_person', 'is_person', 'is_person', 'is_person', 'is_place', 'is_underage', 'is_male', 'paternal_grandparent_of', 'no_brothers', 'living_in_same_place', 'mother_in_law_of', 'is_underage', 'living_in', 'is_male', 'living_in', 'living_in_same_place', 'paternal_grandparent_of', 'living_in', 'living_in_same_place', 'is_female', 'mother_in_law_of', 'living_in']","(0, 5)",['living_in_same_place'],18
"[(0, 0), (1, 1), (2, 2), (3, 3), (4, 4), (5, 5), (6, 6), (5, 5), (5, 5), (1, 4), (4, 4), (0, 4), (4, 5), (1, 1), (5, 6), (2, 2), (4, 6), (5, 1), (2, 1), (3, 6), (4, 5), (0, 0), (3, 2), (1, 6)]","['is_person', 'is_person', 'is_person', 'is_person', 'is_person', 'is_person', 'is_place', 'is_underage', 'is_male', 'paternal_grandparent_of', 'no_brothers', 'living_in_same_place', 'mother_in_law_of', 'is_underage', 'living_in', 'is_male', 'living_in', 'living_in_same_place', 'paternal_grandparent_of', 'living_in', 'living_in_same_place', 'is_female', 'mother_in_law_of', 'living_in']","(4, 5)","['mother_in_law_of', 'living_in_same_place', 'parent_in_law_of']",18
"[(0, 0), (1, 1), (2, 2), (3, 3), (4, 4), (5, 5), (6, 6), (5, 5), (5, 5), (1, 4), (4, 4), (0, 4), (4, 5), (1, 1), (5, 6), (2, 2), (4, 6), (5, 1), (2, 1), (3, 6), (4, 5), (0, 0), (3, 2), (1, 6)]","['is_person', 'is_person', 'is_person', 'is_person', 'is_person', 'is_person', 'is_place', 'is_underage', 'is_male', 'paternal_grandparent_of', 'no_brothers', 'living_in_same_place', 'mother_in_law_of', 'is_underage', 'living_in', 'is_male', 'living_in', 'living_in_same_place', 'paternal_grandparent_of', 'living_in', 'living_in_same_place', 'is_female', 'mother_in_law_of', 'living_in']","(4, 0)",['living_in_same_place'],18
"[(0, 0), (1, 1), (2, 2), (3, 3), (4, 4), (5, 5), (6, 6), (5, 5), (5, 5), (1, 4), (4, 4), (0, 4), (4, 5), (1, 1), (5, 6), (2, 2), (4, 6), (5, 1), (2, 1), (3, 6), (4, 5), (0, 0), (3, 2), (1, 6)]","['is_person', 'is_person', 'is_person', 'is_person', 'is_person', 'is_person', 'is_place', 'is_underage', 'is_male', 'paternal_grandparent_of', 'no_brothers', 'living_in_same_place', 'mother_in_law_of', 'is_underage', 'living_in', 'is_male', 'living_in', 'living_in_same_place', 'paternal_grandparent_of', 'living_in', 'living_in_same_place', 'is_female', 'mother_in_law_of', 'living_in']","(2, 3)","['child_in_law_of', 'son_in_law_of']",18
"[(0, 0), (1, 1), (2, 2), (3, 3), (4, 4), (5, 5), (6, 6), (5, 5), (5, 5), (1, 4), (4, 4), (0, 4), (4, 5), (1, 1), (5, 6), (2, 2), (4, 6), (5, 1), (2, 1), (3, 6), (4, 5), (0, 0), (3, 2), (1, 6)]","['is_person', 'is_person', 'is_person', 'is_person', 'is_person', 'is_person', 'is_place', 'is_underage', 'is_male', 'paternal_grandparent_of', 'no_brothers', 'living_in_same_place', 'mother_in_law_of', 'is_underage', 'living_in', 'is_male', 'living_in', 'living_in_same_place', 'paternal_grandparent_of', 'living_in', 'living_in_same_place', 'is_female', 'mother_in_law_of', 'living_in']","(0, 1)",['living_in_same_place'],18
"[(0, 0), (1, 1), (2, 2), (3, 3), (4, 4), (5, 5), (6, 6), (5, 5), (5, 5), (1, 4), (4, 4), (0, 4), (4, 5), (1, 1), (5, 6), (2, 2), (4, 6), (5, 1), (2, 1), (3, 6), (4, 5), (0, 0), (3, 2), (1, 6)]","['is_person', 'is_person', 'is_person', 'is_person', 'is_person', 'is_person', 'is_place', 'is_underage', 'is_male', 'paternal_grandparent_of', 'no_brothers', 'living_in_same_place', 'mother_in_law_of', 'is_underage', 'living_in', 'is_male', 'living_in', 'living_in_same_place', 'paternal_grandparent_of', 'living_in', 'living_in_same_place', 'is_female', 'mother_in_law_of', 'living_in']","(1, 0)",['living_in_same_place'],18
"[(0, 0), (1, 1), (2, 2), (3, 3), (4, 4), (5, 5), (6, 6), (5, 5), (5, 5), (1, 4), (4, 4), (0, 4), (4, 5), (1, 1), (5, 6), (2, 2), (4, 6), (5, 1), (2, 1), (3, 6), (4, 5), (0, 0), (3, 2), (1, 6)]","['is_person', 'is_person', 'is_person', 'is_person', 'is_person', 'is_person', 'is_place', 'is_underage', 'is_male', 'paternal_grandparent_of', 'no_brothers', 'living_in_same_place', 'mother_in_law_of', 'is_underage', 'living_in', 'is_male', 'living_in', 'living_in_same_place', 'paternal_grandparent_of', 'living_in', 'living_in_same_place', 'is_female', 'mother_in_law_of', 'living_in']","(4, 1)",['living_in_same_place'],18
"[(0, 0), (1, 1), (2, 2), (3, 3), (4, 4), (5, 5), (6, 6), (1, 1), (0, 6), (5, 2), (2, 2), (3, 6), (5, 5), (0, 0), (1, 6), (4, 6), (0, 0), (5, 4), (4, 4), (5, 6), (3, 3), (5, 4), (3, 3), (1, 3), (2, 6), (5, 4), (4, 4)]","['is_person', 'is_person', 'is_person', 'is_person', 'is_person', 'is_person', 'is_place', 'is_underage', 'living_in', 'living_in_same_place', 'is_female', 'living_in', 'is_male', 'is_male', 'living_in', 'living_in', 'is_underage', 'spouse_of', 'no_sons', 'living_in', 'no_daughters', 'nibling_of', 'is_underage', 'living_in_same_place', 'living_in', 'living_in_same_place', 'no_sisters']","(4, 2)",['living_in_same_place'],19
"[(0, 0), (1, 1), (2, 2), (3, 3), (4, 4), (5, 5), (6, 6), (1, 1), (0, 6), (5, 2), (2, 2), (3, 6), (5, 5), (0, 0), (1, 6), (4, 6), (0, 0), (5, 4), (4, 4), (5, 6), (3, 3), (5, 4), (3, 3), (1, 3), (2, 6), (5, 4), (4, 4)]","['is_person', 'is_person', 'is_person', 'is_person', 'is_person', 'is_person', 'is_place', 'is_underage', 'living_in', 'living_in_same_place', 'is_female', 'living_in', 'is_male', 'is_male', 'living_in', 'living_in', 'is_underage', 'spouse_of', 'no_sons', 'living_in', 'no_daughters', 'nibling_of', 'is_underage', 'living_in_same_place', 'living_in', 'living_in_same_place', 'no_sisters']","(5, 4)","['spouse_of', 'nibling_of', 'living_in_same_place', 'husband_of', 'nephew_of']",19
"[(0, 0), (1, 1), (2, 2), (3, 3), (4, 4), (5, 5), (6, 6), (1, 1), (0, 6), (5, 2), (2, 2), (3, 6), (5, 5), (0, 0), (1, 6), (4, 6), (0, 0), (5, 4), (4, 4), (5, 6), (3, 3), (5, 4), (3, 3), (1, 3), (2, 6), (5, 4), (4, 4)]","['is_person', 'is_person', 'is_person', 'is_person', 'is_person', 'is_person', 'is_place', 'is_underage', 'living_in', 'living_in_same_place', 'is_female', 'living_in', 'is_male', 'is_male', 'living_in', 'living_in', 'is_underage', 'spouse_of', 'no_sons', 'living_in', 'no_daughters', 'nibling_of', 'is_underage', 'living_in_same_place', 'living_in', 'living_in_same_place', 'no_sisters']","(4, 5)","['living_in_same_place', 'aunt_or_uncle_of', 'paternal_aunt_or_uncle_of', 'spouse_of']",19
"[(0, 0), (1, 1), (2, 2), (3, 3), (4, 4), (5, 5), (6, 6), (1, 1), (0, 6), (5, 2), (2, 2), (3, 6), (5, 5), (0, 0), (1, 6), (4, 6), (0, 0), (5, 4), (4, 4), (5, 6), (3, 3), (5, 4), (3, 3), (1, 3), (2, 6), (5, 4), (4, 4)]","['is_person', 'is_person', 'is_person', 'is_person', 'is_person', 'is_person', 'is_place', 'is_underage', 'living_in', 'living_in_same_place', 'is_female', 'living_in', 'is_male', 'is_male', 'living_in', 'living_in', 'is_underage', 'spouse_of', 'no_sons', 'living_in', 'no_daughters', 'nibling_of', 'is_underage', 'living_in_same_place', 'living_in', 'living_in_same_place', 'no_sisters']","(5, 5)","['is_male', 'no_sons']",19
"[(0, 0), (1, 1), (2, 2), (3, 3), (4, 4), (5, 5), (6, 6), (1, 1), (0, 6), (5, 2), (2, 2), (3, 6), (5, 5), (0, 0), (1, 6), (4, 6), (0, 0), (5, 4), (4, 4), (5, 6), (3, 3), (5, 4), (3, 3), (1, 3), (2, 6), (5, 4), (4, 4)]","['is_person', 'is_person', 'is_person', 'is_person', 'is_person', 'is_person', 'is_place', 'is_underage', 'living_in', 'living_in_same_place', 'is_female', 'living_in', 'is_male', 'is_male', 'living_in', 'living_in', 'is_underage', 'spouse_of', 'no_sons', 'living_in', 'no_daughters', 'nibling_of', 'is_underage', 'living_in_same_place', 'living_in', 'living_in_same_place', 'no_sisters']","(2, 5)",['living_in_same_place'],19
"[(0, 0), (1, 1), (2, 2), (3, 3), (4, 4), (5, 5), (6, 6), (1, 1), (0, 6), (5, 2), (2, 2), (3, 6), (5, 5), (0, 0), (1, 6), (4, 6), (0, 0), (5, 4), (4, 4), (5, 6), (3, 3), (5, 4), (3, 3), (1, 3), (2, 6), (5, 4), (4, 4)]","['is_person', 'is_person', 'is_person', 'is_person', 'is_person', 'is_person', 'is_place', 'is_underage', 'living_in', 'living_in_same_place', 'is_female', 'living_in', 'is_male', 'is_male', 'living_in', 'living_in', 'is_underage', 'spouse_of', 'no_sons', 'living_in', 'no_daughters', 'nibling_of', 'is_underage', 'living_in_same_place', 'living_in', 'living_in_same_place', 'no_sisters']","(3, 1)",['living_in_same_place'],19
"[(0, 0), (1, 1), (2, 2), (3, 3), (4, 4), (5, 5), (6, 6), (1, 1), (0, 6), (5, 2), (2, 2), (3, 6), (5, 5), (0, 0), (1, 6), (4, 6), (0, 0), (5, 4), (4, 4), (5, 6), (3, 3), (5, 4), (3, 3), (1, 3), (2, 6), (5, 4), (4, 4)]","['is_person', 'is_person', 'is_person', 'is_person', 'is_person', 'is_person', 'is_place', 'is_underage', 'living_in', 'living_in_same_place', 'is_female', 'living_in', 'is_male', 'is_male', 'living_in', 'living_in', 'is_underage', 'spouse_of', 'no_sons', 'living_in', 'no_daughters', 'nibling_of', 'is_underage', 'living_in_same_place', 'living_in', 'living_in_same_place', 'no_sisters']","(2, 4)",['living_in_same_place'],19
"[(0, 0), (1, 1), (2, 2), (3, 3), (4, 4), (5, 5), (0, 5), (0, 0), (0, 0), (3, 0), (3, 3), (1, 5), (0, 4), (2, 5), (3, 5), (1, 1), (2, 1), (1, 1), (1, 4), (3, 3), (2, 2), (0, 4), (2, 2)]","['is_person', 'is_person', 'is_person', 'is_person', 'is_person', 'is_place', 'living_in', 'no_sisters', 'is_female', 'living_in_same_place', 'is_male', 'living_in', 'granddaughter_of', 'living_in', 'living_in', 'is_underage', 'sibling_of', 'no_sons', 'brother_in_law_of', 'no_daughters', 'is_underage', 'living_in_same_place', 'no_sisters']","(4, 3)",['living_in_same_place'],20
"[(0, 0), (1, 1), (2, 2), (3, 3), (4, 4), (5, 5), (0, 5), (0, 0), (0, 0), (3, 0), (3, 3), (1, 5), (0, 4), (2, 5), (3, 5), (1, 1), (2, 1), (1, 1), (1, 4), (3, 3), (2, 2), (0, 4), (2, 2)]","['is_person', 'is_person', 'is_person', 'is_person', 'is_person', 'is_place', 'living_in', 'no_sisters', 'is_female', 'living_in_same_place', 'is_male', 'living_in', 'granddaughter_of', 'living_in', 'living_in', 'is_underage', 'sibling_of', 'no_sons', 'brother_in_law_of', 'no_daughters', 'is_underage', 'living_in_same_place', 'no_sisters']","(1, 2)","['brother_of', 'sibling_of']",20
"[(0, 0), (1, 1), (2, 2), (3, 3), (4, 4), (5, 5), (0, 5), (0, 0), (0, 0), (3, 0), (3, 3), (1, 5), (0, 4), (2, 5), (3, 5), (1, 1), (2, 1), (1, 1), (1, 4), (3, 3), (2, 2), (0, 4), (2, 2)]","['is_person', 'is_person', 'is_person', 'is_person', 'is_person', 'is_place', 'living_in', 'no_sisters', 'is_female', 'living_in_same_place', 'is_male', 'living_in', 'granddaughter_of', 'living_in', 'living_in', 'is_underage', 'sibling_of', 'no_sons', 'brother_in_law_of', 'no_daughters', 'is_underage', 'living_in_same_place', 'no_sisters']","(4, 1)",['sibling_in_law_of'],20
"[(0, 0), (1, 1), (2, 2), (3, 3), (4, 4), (5, 5), (0, 5), (0, 0), (0, 0), (3, 0), (3, 3), (1, 5), (0, 4), (2, 5), (3, 5), (1, 1), (2, 1), (1, 1), (1, 4), (3, 3), (2, 2), (0, 4), (2, 2)]","['is_person', 'is_person', 'is_person', 'is_person', 'is_person', 'is_place', 'living_in', 'no_sisters', 'is_female', 'living_in_same_place', 'is_male', 'living_in', 'granddaughter_of', 'living_in', 'living_in', 'is_underage', 'sibling_of', 'no_sons', 'brother_in_law_of', 'no_daughters', 'is_underage', 'living_in_same_place', 'no_sisters']","(1, 1)","['is_underage', 'no_sons', 'is_male']",20
"[(0, 0), (1, 1), (2, 2), (3, 3), (4, 4), (5, 5), (0, 5), (0, 0), (0, 0), (3, 0), (3, 3), (1, 5), (0, 4), (2, 5), (3, 5), (1, 1), (2, 1), (1, 1), (1, 4), (3, 3), (2, 2), (0, 4), (2, 2)]","['is_person', 'is_person', 'is_person', 'is_person', 'is_person', 'is_place', 'living_in', 'no_sisters', 'is_female', 'living_in_same_place', 'is_male', 'living_in', 'granddaughter_of', 'living_in', 'living_in', 'is_underage', 'sibling_of', 'no_sons', 'brother_in_law_of', 'no_daughters', 'is_underage', 'living_in_same_place', 'no_sisters']","(0, 4)","['granddaughter_of', 'living_in_same_place', 'grandchild_of']",20
"[(0, 0), (1, 1), (2, 2), (3, 3), (4, 4), (5, 5), (0, 5), (0, 0), (0, 0), (3, 0), (3, 3), (1, 5), (0, 4), (2, 5), (3, 5), (1, 1), (2, 1), (1, 1), (1, 4), (3, 3), (2, 2), (0, 4), (2, 2)]","['is_person', 'is_person', 'is_person', 'is_person', 'is_person', 'is_place', 'living_in', 'no_sisters', 'is_female', 'living_in_same_place', 'is_male', 'living_in', 'granddaughter_of', 'living_in', 'living_in', 'is_underage', 'sibling_of', 'no_sons', 'brother_in_law_of', 'no_daughters', 'is_underage', 'living_in_same_place', 'no_sisters']","(3, 4)",['living_in_same_place'],20
"[(0, 0), (1, 1), (2, 2), (3, 3), (4, 4), (5, 5), (0, 5), (0, 0), (0, 0), (3, 0), (3, 3), (1, 5), (0, 4), (2, 5), (3, 5), (1, 1), (2, 1), (1, 1), (1, 4), (3, 3), (2, 2), (0, 4), (2, 2)]","['is_person', 'is_person', 'is_person', 'is_person', 'is_person', 'is_place', 'living_in', 'no_sisters', 'is_female', 'living_in_same_place', 'is_male', 'living_in', 'granddaughter_of', 'living_in', 'living_in', 'is_underage', 'sibling_of', 'no_sons', 'brother_in_law_of', 'no_daughters', 'is_underage', 'living_in_same_place', 'no_sisters']","(0, 3)",['living_in_same_place'],20
"[(0, 0), (1, 1), (2, 2), (3, 3), (4, 4), (5, 5), (0, 5), (0, 0), (0, 0), (3, 0), (3, 3), (1, 5), (0, 4), (2, 5), (3, 5), (1, 1), (2, 1), (1, 1), (1, 4), (3, 3), (2, 2), (0, 4), (2, 2)]","['is_person', 'is_person', 'is_person', 'is_person', 'is_person', 'is_place', 'living_in', 'no_sisters', 'is_female', 'living_in_same_place', 'is_male', 'living_in', 'granddaughter_of', 'living_in', 'living_in', 'is_underage', 'sibling_of', 'no_sons', 'brother_in_law_of', 'no_daughters', 'is_underage', 'living_in_same_place', 'no_sisters']","(1, 4)","['brother_in_law_of', 'sibling_in_law_of']",20
"[(0, 0), (1, 1), (2, 2), (3, 3), (4, 4), (5, 5), (0, 5), (0, 0), (0, 0), (3, 0), (3, 3), (1, 5), (0, 4), (2, 5), (3, 5), (1, 1), (2, 1), (1, 1), (1, 4), (3, 3), (2, 2), (0, 4), (2, 2)]","['is_person', 'is_person', 'is_person', 'is_person', 'is_person', 'is_place', 'living_in', 'no_sisters', 'is_female', 'living_in_same_place', 'is_male', 'living_in', 'granddaughter_of', 'living_in', 'living_in', 'is_underage', 'sibling_of', 'no_sons', 'brother_in_law_of', 'no_daughters', 'is_underage', 'living_in_same_place', 'no_sisters']","(4, 0)","['grandparent_of', 'living_in_same_place']",20
"[(0, 0), (1, 1), (2, 2), (3, 3), (4, 4), (5, 5), (0, 5), (0, 0), (0, 0), (3, 0), (3, 3), (1, 5), (0, 4), (2, 5), (3, 5), (1, 1), (2, 1), (1, 1), (1, 4), (3, 3), (2, 2), (0, 4), (2, 2)]","['is_person', 'is_person', 'is_person', 'is_person', 'is_person', 'is_place', 'living_in', 'no_sisters', 'is_female', 'living_in_same_place', 'is_male', 'living_in', 'granddaughter_of', 'living_in', 'living_in', 'is_underage', 'sibling_of', 'no_sons', 'brother_in_law_of', 'no_daughters', 'is_underage', 'living_in_same_place', 'no_sisters']","(4, 5)",['living_in'],20
"[(0, 0), (1, 1), (2, 2), (3, 3), (4, 4), (5, 5), (6, 6), (4, 4), (3, 1), (5, 5), (5, 4), (0, 0), (1, 6), (4, 6), (3, 6), (0, 0), (1, 1), (4, 4), (0, 0), (0, 4), (4, 2), (3, 3), (1, 1), (2, 6), (5, 6), (4, 0), (2, 1)]","['is_person', 'is_person', 'is_person', 'is_person', 'is_person', 'is_person', 'is_place', 'is_male', 'living_in_same_place', 'is_male', 'living_in_same_place', 'is_underage', 'living_in', 'living_in', 'living_in', 'is_male', 'is_male', 'no_sisters', 'no_sisters', 'living_in_same_place', 'living_in_same_place', 'no_sisters', 'no_sons', 'living_in', 'living_in', 'living_in_same_place', 'living_in_same_place']","(4, 5)",['living_in_same_place'],21
"[(0, 0), (1, 1), (2, 2), (3, 3), (4, 4), (5, 5), (6, 6), (4, 4), (3, 1), (5, 5), (5, 4), (0, 0), (1, 6), (4, 6), (3, 6), (0, 0), (1, 1), (4, 4), (0, 0), (0, 4), (4, 2), (3, 3), (1, 1), (2, 6), (5, 6), (4, 0), (2, 1)]","['is_person', 'is_person', 'is_person', 'is_person', 'is_person', 'is_person', 'is_place', 'is_male', 'living_in_same_place', 'is_male', 'living_in_same_place', 'is_underage', 'living_in', 'living_in', 'living_in', 'is_male', 'is_male', 'no_sisters', 'no_sisters', 'living_in_same_place', 'living_in_same_place', 'no_sisters', 'no_sons', 'living_in', 'living_in', 'living_in_same_place', 'living_in_same_place']","(3, 2)",['living_in_same_place'],21
"[(0, 0), (1, 1), (2, 2), (3, 3), (4, 4), (5, 5), (6, 6), (4, 4), (3, 1), (5, 5), (5, 4), (0, 0), (1, 6), (4, 6), (3, 6), (0, 0), (1, 1), (4, 4), (0, 0), (0, 4), (4, 2), (3, 3), (1, 1), (2, 6), (5, 6), (4, 0), (2, 1)]","['is_person', 'is_person', 'is_person', 'is_person', 'is_person', 'is_person', 'is_place', 'is_male', 'living_in_same_place', 'is_male', 'living_in_same_place', 'is_underage', 'living_in', 'living_in', 'living_in', 'is_male', 'is_male', 'no_sisters', 'no_sisters', 'living_in_same_place', 'living_in_same_place', 'no_sisters', 'no_sons', 'living_in', 'living_in', 'living_in_same_place', 'living_in_same_place']","(5, 0)",['living_in_same_place'],21
"[(0, 0), (1, 1), (2, 2), (3, 3), (4, 4), (5, 5), (6, 6), (4, 4), (3, 1), (5, 5), (5, 4), (0, 0), (1, 6), (4, 6), (3, 6), (0, 0), (1, 1), (4, 4), (0, 0), (0, 4), (4, 2), (3, 3), (1, 1), (2, 6), (5, 6), (4, 0), (2, 1)]","['is_person', 'is_person', 'is_person', 'is_person', 'is_person', 'is_person', 'is_place', 'is_male', 'living_in_same_place', 'is_male', 'living_in_same_place', 'is_underage', 'living_in', 'living_in', 'living_in', 'is_male', 'is_male', 'no_sisters', 'no_sisters', 'living_in_same_place', 'living_in_same_place', 'no_sisters', 'no_sons', 'living_in', 'living_in', 'living_in_same_place', 'living_in_same_place']","(1, 4)",['living_in_same_place'],21
"[(0, 0), (1, 1), (2, 2), (3, 3), (4, 4), (5, 5), (6, 6), (4, 4), (3, 1), (5, 5), (5, 4), (0, 0), (1, 6), (4, 6), (3, 6), (0, 0), (1, 1), (4, 4), (0, 0), (0, 4), (4, 2), (3, 3), (1, 1), (2, 6), (5, 6), (4, 0), (2, 1)]","['is_person', 'is_person', 'is_person', 'is_person', 'is_person', 'is_person', 'is_place', 'is_male', 'living_in_same_place', 'is_male', 'living_in_same_place', 'is_underage', 'living_in', 'living_in', 'living_in', 'is_male', 'is_male', 'no_sisters', 'no_sisters', 'living_in_same_place', 'living_in_same_place', 'no_sisters', 'no_sons', 'living_in', 'living_in', 'living_in_same_place', 'living_in_same_place']","(3, 5)",['living_in_same_place'],21
"[(0, 0), (1, 1), (2, 2), (3, 3), (4, 4), (5, 5), (6, 6), (4, 4), (3, 1), (5, 5), (5, 4), (0, 0), (1, 6), (4, 6), (3, 6), (0, 0), (1, 1), (4, 4), (0, 0), (0, 4), (4, 2), (3, 3), (1, 1), (2, 6), (5, 6), (4, 0), (2, 1)]","['is_person', 'is_person', 'is_person', 'is_person', 'is_person', 'is_person', 'is_place', 'is_male', 'living_in_same_place', 'is_male', 'living_in_same_place', 'is_underage', 'living_in', 'living_in', 'living_in', 'is_male', 'is_male', 'no_sisters', 'no_sisters', 'living_in_same_place', 'living_in_same_place', 'no_sisters', 'no_sons', 'living_in', 'living_in', 'living_in_same_place', 'living_in_same_place']","(2, 5)",['living_in_same_place'],21
"[(0, 0), (1, 1), (2, 2), (3, 3), (4, 4), (5, 5), (6, 6), (4, 4), (3, 1), (5, 5), (5, 4), (0, 0), (1, 6), (4, 6), (3, 6), (0, 0), (1, 1), (4, 4), (0, 0), (0, 4), (4, 2), (3, 3), (1, 1), (2, 6), (5, 6), (4, 0), (2, 1)]","['is_person', 'is_person', 'is_person', 'is_person', 'is_person', 'is_person', 'is_place', 'is_male', 'living_in_same_place', 'is_male', 'living_in_same_place', 'is_underage', 'living_in', 'living_in', 'living_in', 'is_male', 'is_male', 'no_sisters', 'no_sisters', 'living_in_same_place', 'living_in_same_place', 'no_sisters', 'no_sons', 'living_in', 'living_in', 'living_in_same_place', 'living_in_same_place']","(5, 3)",['living_in_same_place'],21
"[(0, 0), (1, 1), (2, 2), (3, 3), (4, 4), (5, 5), (6, 6), (4, 4), (3, 1), (5, 5), (5, 4), (0, 0), (1, 6), (4, 6), (3, 6), (0, 0), (1, 1), (4, 4), (0, 0), (0, 4), (4, 2), (3, 3), (1, 1), (2, 6), (5, 6), (4, 0), (2, 1)]","['is_person', 'is_person', 'is_person', 'is_person', 'is_person', 'is_person', 'is_place', 'is_male', 'living_in_same_place', 'is_male', 'living_in_same_place', 'is_underage', 'living_in', 'living_in', 'living_in', 'is_male', 'is_male', 'no_sisters', 'no_sisters', 'living_in_same_place', 'living_in_same_place', 'no_sisters', 'no_sons', 'living_in', 'living_in', 'living_in_same_place', 'living_in_same_place']","(0, 2)",['living_in_same_place'],21
"[(0, 0), (1, 1), (2, 2), (3, 3), (4, 4), (5, 5), (6, 6), (4, 4), (3, 1), (5, 5), (5, 4), (0, 0), (1, 6), (4, 6), (3, 6), (0, 0), (1, 1), (4, 4), (0, 0), (0, 4), (4, 2), (3, 3), (1, 1), (2, 6), (5, 6), (4, 0), (2, 1)]","['is_person', 'is_person', 'is_person', 'is_person', 'is_person', 'is_person', 'is_place', 'is_male', 'living_in_same_place', 'is_male', 'living_in_same_place', 'is_underage', 'living_in', 'living_in', 'living_in', 'is_male', 'is_male', 'no_sisters', 'no_sisters', 'living_in_same_place', 'living_in_same_place', 'no_sisters', 'no_sons', 'living_in', 'living_in', 'living_in_same_place', 'living_in_same_place']","(3, 4)",['living_in_same_place'],21
"[(0, 0), (1, 1), (2, 2), (3, 3), (4, 4), (5, 5), (6, 6), (4, 4), (3, 1), (5, 5), (5, 4), (0, 0), (1, 6), (4, 6), (3, 6), (0, 0), (1, 1), (4, 4), (0, 0), (0, 4), (4, 2), (3, 3), (1, 1), (2, 6), (5, 6), (4, 0), (2, 1)]","['is_person', 'is_person', 'is_person', 'is_person', 'is_person', 'is_person', 'is_place', 'is_male', 'living_in_same_place', 'is_male', 'living_in_same_place', 'is_underage', 'living_in', 'living_in', 'living_in', 'is_male', 'is_male', 'no_sisters', 'no_sisters', 'living_in_same_place', 'living_in_same_place', 'no_sisters', 'no_sons', 'living_in', 'living_in', 'living_in_same_place', 'living_in_same_place']","(0, 3)",['living_in_same_place'],21
"[(0, 0), (1, 1), (2, 2), (3, 3), (4, 4), (5, 5), (6, 6), (4, 4), (3, 1), (5, 5), (5, 4), (0, 0), (1, 6), (4, 6), (3, 6), (0, 0), (1, 1), (4, 4), (0, 0), (0, 4), (4, 2), (3, 3), (1, 1), (2, 6), (5, 6), (4, 0), (2, 1)]","['is_person', 'is_person', 'is_person', 'is_person', 'is_person', 'is_person', 'is_place', 'is_male', 'living_in_same_place', 'is_male', 'living_in_same_place', 'is_underage', 'living_in', 'living_in', 'living_in', 'is_male', 'is_male', 'no_sisters', 'no_sisters', 'living_in_same_place', 'living_in_same_place', 'no_sisters', 'no_sons', 'living_in', 'living_in', 'living_in_same_place', 'living_in_same_place']","(0, 5)",['living_in_same_place'],21
"[(0, 0), (1, 1), (2, 2), (3, 3), (4, 4), (5, 5), (6, 6), (4, 4), (3, 1), (5, 5), (5, 4), (0, 0), (1, 6), (4, 6), (3, 6), (0, 0), (1, 1), (4, 4), (0, 0), (0, 4), (4, 2), (3, 3), (1, 1), (2, 6), (5, 6), (4, 0), (2, 1)]","['is_person', 'is_person', 'is_person', 'is_person', 'is_person', 'is_person', 'is_place', 'is_male', 'living_in_same_place', 'is_male', 'living_in_same_place', 'is_underage', 'living_in', 'living_in', 'living_in', 'is_male', 'is_male', 'no_sisters', 'no_sisters', 'living_in_same_place', 'living_in_same_place', 'no_sisters', 'no_sons', 'living_in', 'living_in', 'living_in_same_place', 'living_in_same_place']","(0, 1)",['living_in_same_place'],21
"[(0, 0), (1, 1), (2, 2), (3, 3), (4, 4), (5, 5), (6, 6), (4, 4), (3, 1), (5, 5), (5, 4), (0, 0), (1, 6), (4, 6), (3, 6), (0, 0), (1, 1), (4, 4), (0, 0), (0, 4), (4, 2), (3, 3), (1, 1), (2, 6), (5, 6), (4, 0), (2, 1)]","['is_person', 'is_person', 'is_person', 'is_person', 'is_person', 'is_person', 'is_place', 'is_male', 'living_in_same_place', 'is_male', 'living_in_same_place', 'is_underage', 'living_in', 'living_in', 'living_in', 'is_male', 'is_male', 'no_sisters', 'no_sisters', 'living_in_same_place', 'living_in_same_place', 'no_sisters', 'no_sons', 'living_in', 'living_in', 'living_in_same_place', 'living_in_same_place']","(1, 5)",['living_in_same_place'],21
"[(0, 0), (1, 1), (2, 2), (3, 3), (4, 4), (5, 5), (6, 6), (4, 4), (3, 1), (5, 5), (5, 4), (0, 0), (1, 6), (4, 6), (3, 6), (0, 0), (1, 1), (4, 4), (0, 0), (0, 4), (4, 2), (3, 3), (1, 1), (2, 6), (5, 6), (4, 0), (2, 1)]","['is_person', 'is_person', 'is_person', 'is_person', 'is_person', 'is_person', 'is_place', 'is_male', 'living_in_same_place', 'is_male', 'living_in_same_place', 'is_underage', 'living_in', 'living_in', 'living_in', 'is_male', 'is_male', 'no_sisters', 'no_sisters', 'living_in_same_place', 'living_in_same_place', 'no_sisters', 'no_sons', 'living_in', 'living_in', 'living_in_same_place', 'living_in_same_place']","(1, 3)",['living_in_same_place'],21
"[(0, 0), (1, 1), (2, 2), (3, 3), (4, 4), (5, 5), (6, 6), (4, 4), (3, 1), (5, 5), (5, 4), (0, 0), (1, 6), (4, 6), (3, 6), (0, 0), (1, 1), (4, 4), (0, 0), (0, 4), (4, 2), (3, 3), (1, 1), (2, 6), (5, 6), (4, 0), (2, 1)]","['is_person', 'is_person', 'is_person', 'is_person', 'is_person', 'is_person', 'is_place', 'is_male', 'living_in_same_place', 'is_male', 'living_in_same_place', 'is_underage', 'living_in', 'living_in', 'living_in', 'is_male', 'is_male', 'no_sisters', 'no_sisters', 'living_in_same_place', 'living_in_same_place', 'no_sisters', 'no_sons', 'living_in', 'living_in', 'living_in_same_place', 'living_in_same_place']","(5, 2)",['living_in_same_place'],21
"[(0, 0), (1, 1), (2, 2), (3, 3), (4, 4), (5, 5), (6, 6), (4, 4), (3, 1), (5, 5), (5, 4), (0, 0), (1, 6), (4, 6), (3, 6), (0, 0), (1, 1), (4, 4), (0, 0), (0, 4), (4, 2), (3, 3), (1, 1), (2, 6), (5, 6), (4, 0), (2, 1)]","['is_person', 'is_person', 'is_person', 'is_person', 'is_person', 'is_person', 'is_place', 'is_male', 'living_in_same_place', 'is_male', 'living_in_same_place', 'is_underage', 'living_in', 'living_in', 'living_in', 'is_male', 'is_male', 'no_sisters', 'no_sisters', 'living_in_same_place', 'living_in_same_place', 'no_sisters', 'no_sons', 'living_in', 'living_in', 'living_in_same_place', 'living_in_same_place']","(1, 0)",['living_in_same_place'],21
"[(0, 0), (1, 1), (2, 2), (3, 3), (4, 4), (5, 5), (6, 6), (4, 4), (3, 1), (5, 5), (5, 4), (0, 0), (1, 6), (4, 6), (3, 6), (0, 0), (1, 1), (4, 4), (0, 0), (0, 4), (4, 2), (3, 3), (1, 1), (2, 6), (5, 6), (4, 0), (2, 1)]","['is_person', 'is_person', 'is_person', 'is_person', 'is_person', 'is_person', 'is_place', 'is_male', 'living_in_same_place', 'is_male', 'living_in_same_place', 'is_underage', 'living_in', 'living_in', 'living_in', 'is_male', 'is_male', 'no_sisters', 'no_sisters', 'living_in_same_place', 'living_in_same_place', 'no_sisters', 'no_sons', 'living_in', 'living_in', 'living_in_same_place', 'living_in_same_place']","(5, 1)",['living_in_same_place'],21
"[(0, 0), (1, 1), (2, 2), (3, 3), (4, 4), (5, 5), (6, 6), (4, 4), (3, 1), (5, 5), (5, 4), (0, 0), (1, 6), (4, 6), (3, 6), (0, 0), (1, 1), (4, 4), (0, 0), (0, 4), (4, 2), (3, 3), (1, 1), (2, 6), (5, 6), (4, 0), (2, 1)]","['is_person', 'is_person', 'is_person', 'is_person', 'is_person', 'is_person', 'is_place', 'is_male', 'living_in_same_place', 'is_male', 'living_in_same_place', 'is_underage', 'living_in', 'living_in', 'living_in', 'is_male', 'is_male', 'no_sisters', 'no_sisters', 'living_in_same_place', 'living_in_same_place', 'no_sisters', 'no_sons', 'living_in', 'living_in', 'living_in_same_place', 'living_in_same_place']","(4, 3)",['living_in_same_place'],21
"[(0, 0), (1, 1), (2, 2), (3, 3), (4, 4), (5, 5), (6, 6), (4, 4), (3, 1), (5, 5), (5, 4), (0, 0), (1, 6), (4, 6), (3, 6), (0, 0), (1, 1), (4, 4), (0, 0), (0, 4), (4, 2), (3, 3), (1, 1), (2, 6), (5, 6), (4, 0), (2, 1)]","['is_person', 'is_person', 'is_person', 'is_person', 'is_person', 'is_person', 'is_place', 'is_male', 'living_in_same_place', 'is_male', 'living_in_same_place', 'is_underage', 'living_in', 'living_in', 'living_in', 'is_male', 'is_male', 'no_sisters', 'no_sisters', 'living_in_same_place', 'living_in_same_place', 'no_sisters', 'no_sons', 'living_in', 'living_in', 'living_in_same_place', 'living_in_same_place']","(0, 6)",['living_in'],21
"[(0, 0), (1, 1), (2, 2), (3, 3), (4, 4), (5, 5), (6, 6), (4, 4), (3, 1), (5, 5), (5, 4), (0, 0), (1, 6), (4, 6), (3, 6), (0, 0), (1, 1), (4, 4), (0, 0), (0, 4), (4, 2), (3, 3), (1, 1), (2, 6), (5, 6), (4, 0), (2, 1)]","['is_person', 'is_person', 'is_person', 'is_person', 'is_person', 'is_person', 'is_place', 'is_male', 'living_in_same_place', 'is_male', 'living_in_same_place', 'is_underage', 'living_in', 'living_in', 'living_in', 'is_male', 'is_male', 'no_sisters', 'no_sisters', 'living_in_same_place', 'living_in_same_place', 'no_sisters', 'no_sons', 'living_in', 'living_in', 'living_in_same_place', 'living_in_same_place']","(2, 3)",['living_in_same_place'],21
"[(0, 0), (1, 1), (2, 2), (3, 3), (4, 4), (5, 5), (6, 6), (4, 4), (3, 1), (5, 5), (5, 4), (0, 0), (1, 6), (4, 6), (3, 6), (0, 0), (1, 1), (4, 4), (0, 0), (0, 4), (4, 2), (3, 3), (1, 1), (2, 6), (5, 6), (4, 0), (2, 1)]","['is_person', 'is_person', 'is_person', 'is_person', 'is_person', 'is_person', 'is_place', 'is_male', 'living_in_same_place', 'is_male', 'living_in_same_place', 'is_underage', 'living_in', 'living_in', 'living_in', 'is_male', 'is_male', 'no_sisters', 'no_sisters', 'living_in_same_place', 'living_in_same_place', 'no_sisters', 'no_sons', 'living_in', 'living_in', 'living_in_same_place', 'living_in_same_place']","(1, 2)",['living_in_same_place'],21
"[(0, 0), (1, 1), (2, 2), (3, 3), (4, 4), (5, 5), (6, 6), (4, 4), (3, 1), (5, 5), (5, 4), (0, 0), (1, 6), (4, 6), (3, 6), (0, 0), (1, 1), (4, 4), (0, 0), (0, 4), (4, 2), (3, 3), (1, 1), (2, 6), (5, 6), (4, 0), (2, 1)]","['is_person', 'is_person', 'is_person', 'is_person', 'is_person', 'is_person', 'is_place', 'is_male', 'living_in_same_place', 'is_male', 'living_in_same_place', 'is_underage', 'living_in', 'living_in', 'living_in', 'is_male', 'is_male', 'no_sisters', 'no_sisters', 'living_in_same_place', 'living_in_same_place', 'no_sisters', 'no_sons', 'living_in', 'living_in', 'living_in_same_place', 'living_in_same_place']","(2, 0)",['living_in_same_place'],21
"[(0, 0), (1, 1), (2, 2), (3, 3), (4, 4), (5, 5), (6, 6), (4, 4), (3, 1), (5, 5), (5, 4), (0, 0), (1, 6), (4, 6), (3, 6), (0, 0), (1, 1), (4, 4), (0, 0), (0, 4), (4, 2), (3, 3), (1, 1), (2, 6), (5, 6), (4, 0), (2, 1)]","['is_person', 'is_person', 'is_person', 'is_person', 'is_person', 'is_person', 'is_place', 'is_male', 'living_in_same_place', 'is_male', 'living_in_same_place', 'is_underage', 'living_in', 'living_in', 'living_in', 'is_male', 'is_male', 'no_sisters', 'no_sisters', 'living_in_same_place', 'living_in_same_place', 'no_sisters', 'no_sons', 'living_in', 'living_in', 'living_in_same_place', 'living_in_same_place']","(2, 4)",['living_in_same_place'],21
"[(0, 0), (1, 1), (2, 2), (3, 3), (4, 4), (5, 5), (6, 6), (4, 4), (3, 1), (5, 5), (5, 4), (0, 0), (1, 6), (4, 6), (3, 6), (0, 0), (1, 1), (4, 4), (0, 0), (0, 4), (4, 2), (3, 3), (1, 1), (2, 6), (5, 6), (4, 0), (2, 1)]","['is_person', 'is_person', 'is_person', 'is_person', 'is_person', 'is_person', 'is_place', 'is_male', 'living_in_same_place', 'is_male', 'living_in_same_place', 'is_underage', 'living_in', 'living_in', 'living_in', 'is_male', 'is_male', 'no_sisters', 'no_sisters', 'living_in_same_place', 'living_in_same_place', 'no_sisters', 'no_sons', 'living_in', 'living_in', 'living_in_same_place', 'living_in_same_place']","(3, 0)",['living_in_same_place'],21
"[(0, 0), (1, 1), (2, 2), (3, 3), (4, 4), (5, 5), (6, 6), (4, 4), (3, 1), (5, 5), (5, 4), (0, 0), (1, 6), (4, 6), (3, 6), (0, 0), (1, 1), (4, 4), (0, 0), (0, 4), (4, 2), (3, 3), (1, 1), (2, 6), (5, 6), (4, 0), (2, 1)]","['is_person', 'is_person', 'is_person', 'is_person', 'is_person', 'is_person', 'is_place', 'is_male', 'living_in_same_place', 'is_male', 'living_in_same_place', 'is_underage', 'living_in', 'living_in', 'living_in', 'is_male', 'is_male', 'no_sisters', 'no_sisters', 'living_in_same_place', 'living_in_same_place', 'no_sisters', 'no_sons', 'living_in', 'living_in', 'living_in_same_place', 'living_in_same_place']","(4, 1)",['living_in_same_place'],21
"[(0, 0), (1, 1), (2, 2), (3, 3), (4, 4), (0, 3), (2, 2), (3, 2), (0, 4), (3, 4), (1, 1), (3, 3), (2, 2), (3, 1), (1, 1), (2, 4), (1, 4), (2, 2), (3, 0)]","['is_person', 'is_person', 'is_person', 'is_person', 'is_place', 'parent_of', 'is_underage', 'living_in_same_place', 'living_in', 'living_in', 'is_male', 'is_male', 'no_brothers', 'school_mates_with', 'is_underage', 'living_in', 'living_in', 'is_female', 'living_in_same_place']","(0, 2)",['living_in_same_place'],22
"[(0, 0), (1, 1), (2, 2), (3, 3), (4, 4), (0, 3), (2, 2), (3, 2), (0, 4), (3, 4), (1, 1), (3, 3), (2, 2), (3, 1), (1, 1), (2, 4), (1, 4), (2, 2), (3, 0)]","['is_person', 'is_person', 'is_person', 'is_person', 'is_place', 'parent_of', 'is_underage', 'living_in_same_place', 'living_in', 'living_in', 'is_male', 'is_male', 'no_brothers', 'school_mates_with', 'is_underage', 'living_in', 'living_in', 'is_female', 'living_in_same_place']","(3, 0)","['living_in_same_place', 'son_of', 'child_of']",22
"[(0, 0), (1, 1), (2, 2), (3, 3), (4, 4), (0, 3), (2, 2), (3, 2), (0, 4), (3, 4), (1, 1), (3, 3), (2, 2), (3, 1), (1, 1), (2, 4), (1, 4), (2, 2), (3, 0)]","['is_person', 'is_person', 'is_person', 'is_person', 'is_place', 'parent_of', 'is_underage', 'living_in_same_place', 'living_in', 'living_in', 'is_male', 'is_male', 'no_brothers', 'school_mates_with', 'is_underage', 'living_in', 'living_in', 'is_female', 'living_in_same_place']","(2, 1)",['living_in_same_place'],22
"[(0, 0), (1, 1), (2, 2), (3, 3), (4, 4), (0, 3), (2, 2), (3, 2), (0, 4), (3, 4), (1, 1), (3, 3), (2, 2), (3, 1), (1, 1), (2, 4), (1, 4), (2, 2), (3, 0)]","['is_person', 'is_person', 'is_person', 'is_person', 'is_place', 'parent_of', 'is_underage', 'living_in_same_place', 'living_in', 'living_in', 'is_male', 'is_male', 'no_brothers', 'school_mates_with', 'is_underage', 'living_in', 'living_in', 'is_female', 'living_in_same_place']","(3, 3)","['is_male', 'is_underage']",22
"[(0, 0), (1, 1), (2, 2), (3, 3), (4, 4), (0, 3), (2, 2), (3, 2), (0, 4), (3, 4), (1, 1), (3, 3), (2, 2), (3, 1), (1, 1), (2, 4), (1, 4), (2, 2), (3, 0)]","['is_person', 'is_person', 'is_person', 'is_person', 'is_place', 'parent_of', 'is_underage', 'living_in_same_place', 'living_in', 'living_in', 'is_male', 'is_male', 'no_brothers', 'school_mates_with', 'is_underage', 'living_in', 'living_in', 'is_female', 'living_in_same_place']","(1, 3)","['living_in_same_place', 'school_mates_with']",22
"[(0, 0), (1, 1), (2, 2), (3, 3), (4, 4), (0, 3), (2, 2), (3, 2), (0, 4), (3, 4), (1, 1), (3, 3), (2, 2), (3, 1), (1, 1), (2, 4), (1, 4), (2, 2), (3, 0)]","['is_person', 'is_person', 'is_person', 'is_person', 'is_place', 'parent_of', 'is_underage', 'living_in_same_place', 'living_in', 'living_in', 'is_male', 'is_male', 'no_brothers', 'school_mates_with', 'is_underage', 'living_in', 'living_in', 'is_female', 'living_in_same_place']","(2, 3)",['living_in_same_place'],22
"[(0, 0), (1, 1), (2, 2), (3, 3), (4, 4), (0, 3), (2, 2), (3, 2), (0, 4), (3, 4), (1, 1), (3, 3), (2, 2), (3, 1), (1, 1), (2, 4), (1, 4), (2, 2), (3, 0)]","['is_person', 'is_person', 'is_person', 'is_person', 'is_place', 'parent_of', 'is_underage', 'living_in_same_place', 'living_in', 'living_in', 'is_male', 'is_male', 'no_brothers', 'school_mates_with', 'is_underage', 'living_in', 'living_in', 'is_female', 'living_in_same_place']","(0, 3)","['parent_of', 'living_in_same_place']",22
"[(0, 0), (1, 1), (2, 2), (3, 3), (4, 4), (0, 3), (2, 2), (3, 2), (0, 4), (3, 4), (1, 1), (3, 3), (2, 2), (3, 1), (1, 1), (2, 4), (1, 4), (2, 2), (3, 0)]","['is_person', 'is_person', 'is_person', 'is_person', 'is_place', 'parent_of', 'is_underage', 'living_in_same_place', 'living_in', 'living_in', 'is_male', 'is_male', 'no_brothers', 'school_mates_with', 'is_underage', 'living_in', 'living_in', 'is_female', 'living_in_same_place']","(1, 2)",['living_in_same_place'],22
"[(0, 0), (1, 1), (2, 2), (3, 3), (4, 4), (0, 3), (2, 2), (3, 2), (0, 4), (3, 4), (1, 1), (3, 3), (2, 2), (3, 1), (1, 1), (2, 4), (1, 4), (2, 2), (3, 0)]","['is_person', 'is_person', 'is_person', 'is_person', 'is_place', 'parent_of', 'is_underage', 'living_in_same_place', 'living_in', 'living_in', 'is_male', 'is_male', 'no_brothers', 'school_mates_with', 'is_underage', 'living_in', 'living_in', 'is_female', 'living_in_same_place']","(2, 0)",['living_in_same_place'],22
"[(0, 0), (1, 1), (2, 2), (3, 3), (4, 4), (0, 3), (2, 2), (3, 2), (0, 4), (3, 4), (1, 1), (3, 3), (2, 2), (3, 1), (1, 1), (2, 4), (1, 4), (2, 2), (3, 0)]","['is_person', 'is_person', 'is_person', 'is_person', 'is_place', 'parent_of', 'is_underage', 'living_in_same_place', 'living_in', 'living_in', 'is_male', 'is_male', 'no_brothers', 'school_mates_with', 'is_underage', 'living_in', 'living_in', 'is_female', 'living_in_same_place']","(0, 1)",['living_in_same_place'],22
"[(0, 0), (1, 1), (2, 2), (3, 3), (4, 4), (0, 3), (2, 2), (3, 2), (0, 4), (3, 4), (1, 1), (3, 3), (2, 2), (3, 1), (1, 1), (2, 4), (1, 4), (2, 2), (3, 0)]","['is_person', 'is_person', 'is_person', 'is_person', 'is_place', 'parent_of', 'is_underage', 'living_in_same_place', 'living_in', 'living_in', 'is_male', 'is_male', 'no_brothers', 'school_mates_with', 'is_underage', 'living_in', 'living_in', 'is_female', 'living_in_same_place']","(1, 0)",['living_in_same_place'],22
"[(0, 0), (1, 1), (2, 2), (3, 3), (4, 4), (0, 3), (2, 2), (3, 2), (0, 4), (3, 4), (1, 1), (3, 3), (2, 2), (3, 1), (1, 1), (2, 4), (1, 4), (2, 2), (3, 0)]","['is_person', 'is_person', 'is_person', 'is_person', 'is_place', 'parent_of', 'is_underage', 'living_in_same_place', 'living_in', 'living_in', 'is_male', 'is_male', 'no_brothers', 'school_mates_with', 'is_underage', 'living_in', 'living_in', 'is_female', 'living_in_same_place']","(3, 1)","['school_mates_with', 'living_in_same_place']",22
"[(0, 0), (1, 1), (2, 2), (3, 3), (4, 4), (0, 4), (3, 4), (2, 2), (1, 1), (2, 2), (0, 3), (0, 0), (1, 1), (3, 2), (1, 1), (0, 0), (2, 2), (2, 4), (2, 2), (0, 0)]","['is_person', 'is_person', 'is_person', 'is_person', 'is_place', 'living_in', 'living_in', 'no_sons', 'no_daughters', 'is_female', 'living_in_same_place', 'is_underage', 'is_female', 'living_in_same_place', 'is_underage', 'no_daughters', 'is_underage', 'living_in', 'no_sisters', 'is_female']","(2, 3)",['living_in_same_place'],23
"[(0, 0), (1, 1), (2, 2), (3, 3), (4, 4), (0, 4), (3, 4), (2, 2), (1, 1), (2, 2), (0, 3), (0, 0), (1, 1), (3, 2), (1, 1), (0, 0), (2, 2), (2, 4), (2, 2), (0, 0)]","['is_person', 'is_person', 'is_person', 'is_person', 'is_place', 'living_in', 'living_in', 'no_sons', 'no_daughters', 'is_female', 'living_in_same_place', 'is_underage', 'is_female', 'living_in_same_place', 'is_underage', 'no_daughters', 'is_underage', 'living_in', 'no_sisters', 'is_female']","(2, 0)",['living_in_same_place'],23
"[(0, 0), (1, 1), (2, 2), (3, 3), (4, 4), (0, 4), (3, 4), (2, 2), (1, 1), (2, 2), (0, 3), (0, 0), (1, 1), (3, 2), (1, 1), (0, 0), (2, 2), (2, 4), (2, 2), (0, 0)]","['is_person', 'is_person', 'is_person', 'is_person', 'is_place', 'living_in', 'living_in', 'no_sons', 'no_daughters', 'is_female', 'living_in_same_place', 'is_underage', 'is_female', 'living_in_same_place', 'is_underage', 'no_daughters', 'is_underage', 'living_in', 'no_sisters', 'is_female']","(3, 0)",['living_in_same_place'],23
"[(0, 0), (1, 1), (2, 2), (3, 3), (4, 4), (0, 4), (3, 4), (2, 2), (1, 1), (2, 2), (0, 3), (0, 0), (1, 1), (3, 2), (1, 1), (0, 0), (2, 2), (2, 4), (2, 2), (0, 0)]","['is_person', 'is_person', 'is_person', 'is_person', 'is_place', 'living_in', 'living_in', 'no_sons', 'no_daughters', 'is_female', 'living_in_same_place', 'is_underage', 'is_female', 'living_in_same_place', 'is_underage', 'no_daughters', 'is_underage', 'living_in', 'no_sisters', 'is_female']","(0, 2)",['living_in_same_place'],23
"[(0, 0), (1, 1), (2, 2), (3, 3), (4, 4), (5, 5), (6, 6), (3, 3), (2, 4), (0, 0), (2, 2), (2, 6), (1, 3), (3, 3), (2, 2), (3, 6), (5, 2), (5, 6), (4, 4), (3, 4), (0, 0), (3, 3), (2, 2), (1, 1), (1, 0), (5, 1), (1, 1), (1, 1)]","['is_person', 'is_person', 'is_person', 'is_person', 'is_person', 'is_person', 'is_place', 'is_male', 'maternal_uncle_of', 'no_sisters', 'is_male', 'living_in', 'child_in_law_of', 'is_underage', 'is_underage', 'living_in', 'living_in_same_place', 'living_in', 'is_female', 'living_in_same_place', 'is_underage', 'no_sons', 'no_daughters', 'is_female', 'maternal_grandfather_of', 'child_of', 'no_sisters', 'no_sons']","(3, 1)","['father_in_law_of', 'parent_in_law_of']",24
"[(0, 0), (1, 1), (2, 2), (3, 3), (4, 4), (5, 5), (6, 6), (3, 3), (2, 4), (0, 0), (2, 2), (2, 6), (1, 3), (3, 3), (2, 2), (3, 6), (5, 2), (5, 6), (4, 4), (3, 4), (0, 0), (3, 3), (2, 2), (1, 1), (1, 0), (5, 1), (1, 1), (1, 1)]","['is_person', 'is_person', 'is_person', 'is_person', 'is_person', 'is_person', 'is_place', 'is_male', 'maternal_uncle_of', 'no_sisters', 'is_male', 'living_in', 'child_in_law_of', 'is_underage', 'is_underage', 'living_in', 'living_in_same_place', 'living_in', 'is_female', 'living_in_same_place', 'is_underage', 'no_sons', 'no_daughters', 'is_female', 'maternal_grandfather_of', 'child_of', 'no_sisters', 'no_sons']","(4, 3)",['living_in_same_place'],24
"[(0, 0), (1, 1), (2, 2), (3, 3), (4, 4), (5, 5), (6, 6), (3, 3), (2, 4), (0, 0), (2, 2), (2, 6), (1, 3), (3, 3), (2, 2), (3, 6), (5, 2), (5, 6), (4, 4), (3, 4), (0, 0), (3, 3), (2, 2), (1, 1), (1, 0), (5, 1), (1, 1), (1, 1)]","['is_person', 'is_person', 'is_person', 'is_person', 'is_person', 'is_person', 'is_place', 'is_male', 'maternal_uncle_of', 'no_sisters', 'is_male', 'living_in', 'child_in_law_of', 'is_underage', 'is_underage', 'living_in', 'living_in_same_place', 'living_in', 'is_female', 'living_in_same_place', 'is_underage', 'no_sons', 'no_daughters', 'is_female', 'maternal_grandfather_of', 'child_of', 'no_sisters', 'no_sons']","(5, 1)","['child_of', 'daughter_of']",24
"[(0, 0), (1, 1), (2, 2), (3, 3), (4, 4), (5, 5), (6, 6), (3, 3), (2, 4), (0, 0), (2, 2), (2, 6), (1, 3), (3, 3), (2, 2), (3, 6), (5, 2), (5, 6), (4, 4), (3, 4), (0, 0), (3, 3), (2, 2), (1, 1), (1, 0), (5, 1), (1, 1), (1, 1)]","['is_person', 'is_person', 'is_person', 'is_person', 'is_person', 'is_person', 'is_place', 'is_male', 'maternal_uncle_of', 'no_sisters', 'is_male', 'living_in', 'child_in_law_of', 'is_underage', 'is_underage', 'living_in', 'living_in_same_place', 'living_in', 'is_female', 'living_in_same_place', 'is_underage', 'no_sons', 'no_daughters', 'is_female', 'maternal_grandfather_of', 'child_of', 'no_sisters', 'no_sons']","(1, 5)","['mother_of', 'parent_of']",24
"[(0, 0), (1, 1), (2, 2), (3, 3), (4, 4), (5, 5), (6, 6), (3, 3), (2, 4), (0, 0), (2, 2), (2, 6), (1, 3), (3, 3), (2, 2), (3, 6), (5, 2), (5, 6), (4, 4), (3, 4), (0, 0), (3, 3), (2, 2), (1, 1), (1, 0), (5, 1), (1, 1), (1, 1)]","['is_person', 'is_person', 'is_person', 'is_person', 'is_person', 'is_person', 'is_place', 'is_male', 'maternal_uncle_of', 'no_sisters', 'is_male', 'living_in', 'child_in_law_of', 'is_underage', 'is_underage', 'living_in', 'living_in_same_place', 'living_in', 'is_female', 'living_in_same_place', 'is_underage', 'no_sons', 'no_daughters', 'is_female', 'maternal_grandfather_of', 'child_of', 'no_sisters', 'no_sons']","(5, 5)","['is_female', 'no_brothers']",24
"[(0, 0), (1, 1), (2, 2), (3, 3), (4, 4), (5, 5), (6, 6), (3, 3), (2, 4), (0, 0), (2, 2), (2, 6), (1, 3), (3, 3), (2, 2), (3, 6), (5, 2), (5, 6), (4, 4), (3, 4), (0, 0), (3, 3), (2, 2), (1, 1), (1, 0), (5, 1), (1, 1), (1, 1)]","['is_person', 'is_person', 'is_person', 'is_person', 'is_person', 'is_person', 'is_place', 'is_male', 'maternal_uncle_of', 'no_sisters', 'is_male', 'living_in', 'child_in_law_of', 'is_underage', 'is_underage', 'living_in', 'living_in_same_place', 'living_in', 'is_female', 'living_in_same_place', 'is_underage', 'no_sons', 'no_daughters', 'is_female', 'maternal_grandfather_of', 'child_of', 'no_sisters', 'no_sons']","(4, 6)",['living_in'],24
"[(0, 0), (1, 1), (2, 2), (3, 3), (4, 4), (5, 5), (6, 6), (3, 3), (2, 4), (0, 0), (2, 2), (2, 6), (1, 3), (3, 3), (2, 2), (3, 6), (5, 2), (5, 6), (4, 4), (3, 4), (0, 0), (3, 3), (2, 2), (1, 1), (1, 0), (5, 1), (1, 1), (1, 1)]","['is_person', 'is_person', 'is_person', 'is_person', 'is_person', 'is_person', 'is_place', 'is_male', 'maternal_uncle_of', 'no_sisters', 'is_male', 'living_in', 'child_in_law_of', 'is_underage', 'is_underage', 'living_in', 'living_in_same_place', 'living_in', 'is_female', 'living_in_same_place', 'is_underage', 'no_sons', 'no_daughters', 'is_female', 'maternal_grandfather_of', 'child_of', 'no_sisters', 'no_sons']","(2, 5)",['living_in_same_place'],24
"[(0, 0), (1, 1), (2, 2), (3, 3), (4, 4), (5, 5), (6, 6), (3, 3), (2, 4), (0, 0), (2, 2), (2, 6), (1, 3), (3, 3), (2, 2), (3, 6), (5, 2), (5, 6), (4, 4), (3, 4), (0, 0), (3, 3), (2, 2), (1, 1), (1, 0), (5, 1), (1, 1), (1, 1)]","['is_person', 'is_person', 'is_person', 'is_person', 'is_person', 'is_person', 'is_place', 'is_male', 'maternal_uncle_of', 'no_sisters', 'is_male', 'living_in', 'child_in_law_of', 'is_underage', 'is_underage', 'living_in', 'living_in_same_place', 'living_in', 'is_female', 'living_in_same_place', 'is_underage', 'no_sons', 'no_daughters', 'is_female', 'maternal_grandfather_of', 'child_of', 'no_sisters', 'no_sons']","(1, 3)","['child_in_law_of', 'daughter_in_law_of']",24
"[(0, 0), (1, 1), (2, 2), (3, 3), (4, 4), (0, 4), (3, 0), (0, 0), (1, 3), (1, 1), (0, 0), (2, 4), (3, 4), (3, 3), (2, 2), (1, 2), (1, 4), (2, 2), (0, 0), (2, 4)]","['is_person', 'is_person', 'is_person', 'is_person', 'is_place', 'living_in', 'living_in_same_place', 'is_underage', 'living_in_same_place', 'is_underage', 'is_female', 'paternal_grandparent_of', 'living_in', 'no_sons', 'is_underage', 'living_in_same_place', 'living_in', 'is_male', 'no_brothers', 'living_in']","(3, 2)",['living_in_same_place'],25
"[(0, 0), (1, 1), (2, 2), (3, 3), (4, 4), (0, 4), (3, 0), (0, 0), (1, 3), (1, 1), (0, 0), (2, 4), (3, 4), (3, 3), (2, 2), (1, 2), (1, 4), (2, 2), (0, 0), (2, 4)]","['is_person', 'is_person', 'is_person', 'is_person', 'is_place', 'living_in', 'living_in_same_place', 'is_underage', 'living_in_same_place', 'is_underage', 'is_female', 'paternal_grandparent_of', 'living_in', 'no_sons', 'is_underage', 'living_in_same_place', 'living_in', 'is_male', 'no_brothers', 'living_in']","(0, 2)",['living_in_same_place'],25
"[(0, 0), (1, 1), (2, 2), (3, 3), (4, 4), (0, 4), (3, 0), (0, 0), (1, 3), (1, 1), (0, 0), (2, 4), (3, 4), (3, 3), (2, 2), (1, 2), (1, 4), (2, 2), (0, 0), (2, 4)]","['is_person', 'is_person', 'is_person', 'is_person', 'is_place', 'living_in', 'living_in_same_place', 'is_underage', 'living_in_same_place', 'is_underage', 'is_female', 'paternal_grandparent_of', 'living_in', 'no_sons', 'is_underage', 'living_in_same_place', 'living_in', 'is_male', 'no_brothers', 'living_in']","(2, 1)",['living_in_same_place'],25
"[(0, 0), (1, 1), (2, 2), (3, 3), (4, 4), (0, 4), (3, 0), (0, 0), (1, 3), (1, 1), (0, 0), (2, 4), (3, 4), (3, 3), (2, 2), (1, 2), (1, 4), (2, 2), (0, 0), (2, 4)]","['is_person', 'is_person', 'is_person', 'is_person', 'is_place', 'living_in', 'living_in_same_place', 'is_underage', 'living_in_same_place', 'is_underage', 'is_female', 'paternal_grandparent_of', 'living_in', 'no_sons', 'is_underage', 'living_in_same_place', 'living_in', 'is_male', 'no_brothers', 'living_in']","(2, 3)",['living_in_same_place'],25
"[(0, 0), (1, 1), (2, 2), (3, 3), (4, 4), (0, 4), (3, 0), (0, 0), (1, 3), (1, 1), (0, 0), (2, 4), (3, 4), (3, 3), (2, 2), (1, 2), (1, 4), (2, 2), (0, 0), (2, 4)]","['is_person', 'is_person', 'is_person', 'is_person', 'is_place', 'living_in', 'living_in_same_place', 'is_underage', 'living_in_same_place', 'is_underage', 'is_female', 'paternal_grandparent_of', 'living_in', 'no_sons', 'is_underage', 'living_in_same_place', 'living_in', 'is_male', 'no_brothers', 'living_in']","(0, 3)",['living_in_same_place'],25
"[(0, 0), (1, 1), (2, 2), (3, 3), (4, 4), (0, 4), (3, 0), (0, 0), (1, 3), (1, 1), (0, 0), (2, 4), (3, 4), (3, 3), (2, 2), (1, 2), (1, 4), (2, 2), (0, 0), (2, 4)]","['is_person', 'is_person', 'is_person', 'is_person', 'is_place', 'living_in', 'living_in_same_place', 'is_underage', 'living_in_same_place', 'is_underage', 'is_female', 'paternal_grandparent_of', 'living_in', 'no_sons', 'is_underage', 'living_in_same_place', 'living_in', 'is_male', 'no_brothers', 'living_in']","(3, 1)",['living_in_same_place'],25
"[(0, 0), (1, 1), (2, 2), (3, 3), (4, 4), (0, 4), (3, 0), (0, 0), (1, 3), (1, 1), (0, 0), (2, 4), (3, 4), (3, 3), (2, 2), (1, 2), (1, 4), (2, 2), (0, 0), (2, 4)]","['is_person', 'is_person', 'is_person', 'is_person', 'is_place', 'living_in', 'living_in_same_place', 'is_underage', 'living_in_same_place', 'is_underage', 'is_female', 'paternal_grandparent_of', 'living_in', 'no_sons', 'is_underage', 'living_in_same_place', 'living_in', 'is_male', 'no_brothers', 'living_in']","(2, 0)",['living_in_same_place'],25
"[(0, 0), (1, 1), (2, 2), (3, 3), (4, 4), (0, 4), (3, 0), (0, 0), (1, 3), (1, 1), (0, 0), (2, 4), (3, 4), (3, 3), (2, 2), (1, 2), (1, 4), (2, 2), (0, 0), (2, 4)]","['is_person', 'is_person', 'is_person', 'is_person', 'is_place', 'living_in', 'living_in_same_place', 'is_underage', 'living_in_same_place', 'is_underage', 'is_female', 'paternal_grandparent_of', 'living_in', 'no_sons', 'is_underage', 'living_in_same_place', 'living_in', 'is_male', 'no_brothers', 'living_in']","(0, 1)",['living_in_same_place'],25
"[(0, 0), (1, 1), (2, 2), (3, 3), (4, 4), (0, 4), (3, 0), (0, 0), (1, 3), (1, 1), (0, 0), (2, 4), (3, 4), (3, 3), (2, 2), (1, 2), (1, 4), (2, 2), (0, 0), (2, 4)]","['is_person', 'is_person', 'is_person', 'is_person', 'is_place', 'living_in', 'living_in_same_place', 'is_underage', 'living_in_same_place', 'is_underage', 'is_female', 'paternal_grandparent_of', 'living_in', 'no_sons', 'is_underage', 'living_in_same_place', 'living_in', 'is_male', 'no_brothers', 'living_in']","(1, 0)",['living_in_same_place'],25
"[(0, 0), (1, 1), (2, 2), (3, 3), (4, 4), (0, 0), (1, 4), (1, 1), (0, 4), (0, 2), (2, 0), (2, 2), (1, 3), (2, 2), (0, 0), (3, 4), (1, 1), (3, 2), (3, 3)]","['is_person', 'is_person', 'is_person', 'is_person', 'is_place', 'is_male', 'living_in', 'is_underage', 'living_in', 'living_in_same_place', 'living_in_same_place', 'is_underage', 'living_in_same_place', 'no_brothers', 'no_daughters', 'living_in', 'no_brothers', 'living_in_same_place', 'no_sons']","(2, 1)",['living_in_same_place'],26
"[(0, 0), (1, 1), (2, 2), (3, 3), (4, 4), (0, 0), (1, 4), (1, 1), (0, 4), (0, 2), (2, 0), (2, 2), (1, 3), (2, 2), (0, 0), (3, 4), (1, 1), (3, 2), (3, 3)]","['is_person', 'is_person', 'is_person', 'is_person', 'is_place', 'is_male', 'living_in', 'is_underage', 'living_in', 'living_in_same_place', 'living_in_same_place', 'is_underage', 'living_in_same_place', 'no_brothers', 'no_daughters', 'living_in', 'no_brothers', 'living_in_same_place', 'no_sons']","(2, 3)",['living_in_same_place'],26
"[(0, 0), (1, 1), (2, 2), (3, 3), (4, 4), (0, 0), (1, 4), (1, 1), (0, 4), (0, 2), (2, 0), (2, 2), (1, 3), (2, 2), (0, 0), (3, 4), (1, 1), (3, 2), (3, 3)]","['is_person', 'is_person', 'is_person', 'is_person', 'is_place', 'is_male', 'living_in', 'is_underage', 'living_in', 'living_in_same_place', 'living_in_same_place', 'is_underage', 'living_in_same_place', 'no_brothers', 'no_daughters', 'living_in', 'no_brothers', 'living_in_same_place', 'no_sons']","(0, 3)",['living_in_same_place'],26
"[(0, 0), (1, 1), (2, 2), (3, 3), (4, 4), (0, 0), (1, 4), (1, 1), (0, 4), (0, 2), (2, 0), (2, 2), (1, 3), (2, 2), (0, 0), (3, 4), (1, 1), (3, 2), (3, 3)]","['is_person', 'is_person', 'is_person', 'is_person', 'is_place', 'is_male', 'living_in', 'is_underage', 'living_in', 'living_in_same_place', 'living_in_same_place', 'is_underage', 'living_in_same_place', 'no_brothers', 'no_daughters', 'living_in', 'no_brothers', 'living_in_same_place', 'no_sons']","(2, 4)",['living_in'],26
"[(0, 0), (1, 1), (2, 2), (3, 3), (4, 4), (0, 0), (1, 4), (1, 1), (0, 4), (0, 2), (2, 0), (2, 2), (1, 3), (2, 2), (0, 0), (3, 4), (1, 1), (3, 2), (3, 3)]","['is_person', 'is_person', 'is_person', 'is_person', 'is_place', 'is_male', 'living_in', 'is_underage', 'living_in', 'living_in_same_place', 'living_in_same_place', 'is_underage', 'living_in_same_place', 'no_brothers', 'no_daughters', 'living_in', 'no_brothers', 'living_in_same_place', 'no_sons']","(1, 2)",['living_in_same_place'],26
"[(0, 0), (1, 1), (2, 2), (3, 3), (4, 4), (0, 0), (1, 4), (1, 1), (0, 4), (0, 2), (2, 0), (2, 2), (1, 3), (2, 2), (0, 0), (3, 4), (1, 1), (3, 2), (3, 3)]","['is_person', 'is_person', 'is_person', 'is_person', 'is_place', 'is_male', 'living_in', 'is_underage', 'living_in', 'living_in_same_place', 'living_in_same_place', 'is_underage', 'living_in_same_place', 'no_brothers', 'no_daughters', 'living_in', 'no_brothers', 'living_in_same_place', 'no_sons']","(3, 1)",['living_in_same_place'],26
"[(0, 0), (1, 1), (2, 2), (3, 3), (4, 4), (0, 0), (1, 4), (1, 1), (0, 4), (0, 2), (2, 0), (2, 2), (1, 3), (2, 2), (0, 0), (3, 4), (1, 1), (3, 2), (3, 3)]","['is_person', 'is_person', 'is_person', 'is_person', 'is_place', 'is_male', 'living_in', 'is_underage', 'living_in', 'living_in_same_place', 'living_in_same_place', 'is_underage', 'living_in_same_place', 'no_brothers', 'no_daughters', 'living_in', 'no_brothers', 'living_in_same_place', 'no_sons']","(3, 0)",['living_in_same_place'],26
"[(0, 0), (1, 1), (2, 2), (3, 3), (4, 4), (0, 0), (1, 4), (1, 1), (0, 4), (0, 2), (2, 0), (2, 2), (1, 3), (2, 2), (0, 0), (3, 4), (1, 1), (3, 2), (3, 3)]","['is_person', 'is_person', 'is_person', 'is_person', 'is_place', 'is_male', 'living_in', 'is_underage', 'living_in', 'living_in_same_place', 'living_in_same_place', 'is_underage', 'living_in_same_place', 'no_brothers', 'no_daughters', 'living_in', 'no_brothers', 'living_in_same_place', 'no_sons']","(0, 1)",['living_in_same_place'],26
"[(0, 0), (1, 1), (2, 2), (3, 3), (4, 4), (0, 0), (1, 4), (1, 1), (0, 4), (0, 2), (2, 0), (2, 2), (1, 3), (2, 2), (0, 0), (3, 4), (1, 1), (3, 2), (3, 3)]","['is_person', 'is_person', 'is_person', 'is_person', 'is_place', 'is_male', 'living_in', 'is_underage', 'living_in', 'living_in_same_place', 'living_in_same_place', 'is_underage', 'living_in_same_place', 'no_brothers', 'no_daughters', 'living_in', 'no_brothers', 'living_in_same_place', 'no_sons']","(1, 0)",['living_in_same_place'],26
"[(0, 0), (1, 1), (2, 2), (3, 3), (4, 4), (5, 5), (6, 6), (5, 6), (2, 6), (1, 1), (4, 5), (2, 0), (2, 4), (5, 3), (3, 5), (4, 4), (1, 6), (2, 1), (5, 5), (4, 6), (0, 6), (0, 0), (1, 6), (4, 5)]","['is_person', 'is_person', 'is_person', 'is_person', 'is_person', 'is_person', 'is_place', 'living_in', 'living_in', 'no_brothers', 'wife_of', 'maternal_aunt_of', 'sibling_in_law_of', 'living_in_same_place', 'wife_of', 'no_sisters', 'paternal_grandparent_of', 'living_in_same_place', 'no_brothers', 'living_in', 'living_in', 'is_male', 'living_in', 'living_in_same_place']","(4, 3)",['living_in_same_place'],27
"[(0, 0), (1, 1), (2, 2), (3, 3), (4, 4), (5, 5), (6, 6), (5, 6), (2, 6), (1, 1), (4, 5), (2, 0), (2, 4), (5, 3), (3, 5), (4, 4), (1, 6), (2, 1), (5, 5), (4, 6), (0, 6), (0, 0), (1, 6), (4, 5)]","['is_person', 'is_person', 'is_person', 'is_person', 'is_person', 'is_person', 'is_place', 'living_in', 'living_in', 'no_brothers', 'wife_of', 'maternal_aunt_of', 'sibling_in_law_of', 'living_in_same_place', 'wife_of', 'no_sisters', 'paternal_grandparent_of', 'living_in_same_place', 'no_brothers', 'living_in', 'living_in', 'is_male', 'living_in', 'living_in_same_place']","(3, 3)",['is_female'],27
"[(0, 0), (1, 1), (2, 2), (3, 3), (4, 4), (5, 5), (6, 6), (5, 6), (2, 6), (1, 1), (4, 5), (2, 0), (2, 4), (5, 3), (3, 5), (4, 4), (1, 6), (2, 1), (5, 5), (4, 6), (0, 6), (0, 0), (1, 6), (4, 5)]","['is_person', 'is_person', 'is_person', 'is_person', 'is_person', 'is_person', 'is_place', 'living_in', 'living_in', 'no_brothers', 'wife_of', 'maternal_aunt_of', 'sibling_in_law_of', 'living_in_same_place', 'wife_of', 'no_sisters', 'paternal_grandparent_of', 'living_in_same_place', 'no_brothers', 'living_in', 'living_in', 'is_male', 'living_in', 'living_in_same_place']","(1, 2)",['living_in_same_place'],27
"[(0, 0), (1, 1), (2, 2), (3, 3), (4, 4), (5, 5), (6, 6), (5, 6), (2, 6), (1, 1), (4, 5), (2, 0), (2, 4), (5, 3), (3, 5), (4, 4), (1, 6), (2, 1), (5, 5), (4, 6), (0, 6), (0, 0), (1, 6), (4, 5)]","['is_person', 'is_person', 'is_person', 'is_person', 'is_person', 'is_person', 'is_place', 'living_in', 'living_in', 'no_brothers', 'wife_of', 'maternal_aunt_of', 'sibling_in_law_of', 'living_in_same_place', 'wife_of', 'no_sisters', 'paternal_grandparent_of', 'living_in_same_place', 'no_brothers', 'living_in', 'living_in', 'is_male', 'living_in', 'living_in_same_place']","(4, 2)","['sibling_in_law_of', 'sister_in_law_of']",27
"[(0, 0), (1, 1), (2, 2), (3, 3), (4, 4), (5, 5), (6, 6), (5, 6), (2, 6), (1, 1), (4, 5), (2, 0), (2, 4), (5, 3), (3, 5), (4, 4), (1, 6), (2, 1), (5, 5), (4, 6), (0, 6), (0, 0), (1, 6), (4, 5)]","['is_person', 'is_person', 'is_person', 'is_person', 'is_person', 'is_person', 'is_place', 'living_in', 'living_in', 'no_brothers', 'wife_of', 'maternal_aunt_of', 'sibling_in_law_of', 'living_in_same_place', 'wife_of', 'no_sisters', 'paternal_grandparent_of', 'living_in_same_place', 'no_brothers', 'living_in', 'living_in', 'is_male', 'living_in', 'living_in_same_place']","(5, 3)","['living_in_same_place', 'spouse_of']",27
"[(0, 0), (1, 1), (2, 2), (3, 3), (4, 4), (5, 5), (6, 6), (5, 6), (2, 6), (1, 1), (4, 5), (2, 0), (2, 4), (5, 3), (3, 5), (4, 4), (1, 6), (2, 1), (5, 5), (4, 6), (0, 6), (0, 0), (1, 6), (4, 5)]","['is_person', 'is_person', 'is_person', 'is_person', 'is_person', 'is_person', 'is_place', 'living_in', 'living_in', 'no_brothers', 'wife_of', 'maternal_aunt_of', 'sibling_in_law_of', 'living_in_same_place', 'wife_of', 'no_sisters', 'paternal_grandparent_of', 'living_in_same_place', 'no_brothers', 'living_in', 'living_in', 'is_male', 'living_in', 'living_in_same_place']","(5, 4)","['spouse_of', 'living_in_same_place']",27
"[(0, 0), (1, 1), (2, 2), (3, 3), (4, 4), (5, 5), (6, 6), (5, 6), (2, 6), (1, 1), (4, 5), (2, 0), (2, 4), (5, 3), (3, 5), (4, 4), (1, 6), (2, 1), (5, 5), (4, 6), (0, 6), (0, 0), (1, 6), (4, 5)]","['is_person', 'is_person', 'is_person', 'is_person', 'is_person', 'is_person', 'is_place', 'living_in', 'living_in', 'no_brothers', 'wife_of', 'maternal_aunt_of', 'sibling_in_law_of', 'living_in_same_place', 'wife_of', 'no_sisters', 'paternal_grandparent_of', 'living_in_same_place', 'no_brothers', 'living_in', 'living_in', 'is_male', 'living_in', 'living_in_same_place']","(3, 5)","['wife_of', 'living_in_same_place', 'spouse_of']",27
"[(0, 0), (1, 1), (2, 2), (3, 3), (4, 4), (5, 5), (6, 6), (5, 6), (2, 6), (1, 1), (4, 5), (2, 0), (2, 4), (5, 3), (3, 5), (4, 4), (1, 6), (2, 1), (5, 5), (4, 6), (0, 6), (0, 0), (1, 6), (4, 5)]","['is_person', 'is_person', 'is_person', 'is_person', 'is_person', 'is_person', 'is_place', 'living_in', 'living_in', 'no_brothers', 'wife_of', 'maternal_aunt_of', 'sibling_in_law_of', 'living_in_same_place', 'wife_of', 'no_sisters', 'paternal_grandparent_of', 'living_in_same_place', 'no_brothers', 'living_in', 'living_in', 'is_male', 'living_in', 'living_in_same_place']","(3, 4)",['living_in_same_place'],27
"[(0, 0), (1, 1), (2, 2), (3, 3), (4, 4), (5, 5), (6, 6), (5, 6), (2, 6), (1, 1), (4, 5), (2, 0), (2, 4), (5, 3), (3, 5), (4, 4), (1, 6), (2, 1), (5, 5), (4, 6), (0, 6), (0, 0), (1, 6), (4, 5)]","['is_person', 'is_person', 'is_person', 'is_person', 'is_person', 'is_person', 'is_place', 'living_in', 'living_in', 'no_brothers', 'wife_of', 'maternal_aunt_of', 'sibling_in_law_of', 'living_in_same_place', 'wife_of', 'no_sisters', 'paternal_grandparent_of', 'living_in_same_place', 'no_brothers', 'living_in', 'living_in', 'is_male', 'living_in', 'living_in_same_place']","(4, 4)","['no_sisters', 'is_female']",27
"[(0, 0), (1, 1), (2, 2), (3, 3), (4, 4), (5, 5), (6, 6), (5, 6), (2, 6), (1, 1), (4, 5), (2, 0), (2, 4), (5, 3), (3, 5), (4, 4), (1, 6), (2, 1), (5, 5), (4, 6), (0, 6), (0, 0), (1, 6), (4, 5)]","['is_person', 'is_person', 'is_person', 'is_person', 'is_person', 'is_person', 'is_place', 'living_in', 'living_in', 'no_brothers', 'wife_of', 'maternal_aunt_of', 'sibling_in_law_of', 'living_in_same_place', 'wife_of', 'no_sisters', 'paternal_grandparent_of', 'living_in_same_place', 'no_brothers', 'living_in', 'living_in', 'is_male', 'living_in', 'living_in_same_place']","(3, 6)",['living_in'],27
"[(0, 0), (1, 1), (2, 2), (3, 3), (4, 4), (5, 5), (6, 6), (5, 6), (2, 6), (1, 1), (4, 5), (2, 0), (2, 4), (5, 3), (3, 5), (4, 4), (1, 6), (2, 1), (5, 5), (4, 6), (0, 6), (0, 0), (1, 6), (4, 5)]","['is_person', 'is_person', 'is_person', 'is_person', 'is_person', 'is_person', 'is_place', 'living_in', 'living_in', 'no_brothers', 'wife_of', 'maternal_aunt_of', 'sibling_in_law_of', 'living_in_same_place', 'wife_of', 'no_sisters', 'paternal_grandparent_of', 'living_in_same_place', 'no_brothers', 'living_in', 'living_in', 'is_male', 'living_in', 'living_in_same_place']","(4, 5)","['wife_of', 'living_in_same_place', 'spouse_of']",27
"[(0, 0), (1, 1), (2, 2), (3, 3), (4, 4), (5, 5), (6, 6), (7, 7), (3, 7), (5, 5), (0, 0), (1, 1), (5, 3), (4, 4), (1, 7), (0, 7), (2, 2), (7, 6), (6, 6), (6, 6), (3, 2), (5, 5), (2, 2), (0, 0), (6, 7), (1, 1), (3, 3), (5, 0), (4, 7), (5, 5), (0, 0), (1, 0)]","['is_person', 'is_person', 'is_person', 'is_person', 'is_person', 'is_person', 'is_person', 'is_place', 'living_in', 'is_underage', 'is_female', 'is_female', 'granddaughter_of', 'is_underage', 'living_in', 'living_in', 'is_female', 'paternal_aunt_or_uncle_of', 'is_male', 'is_underage', 'husband_of', 'no_sisters', 'no_brothers', 'is_underage', 'living_in', 'is_underage', 'no_sons', 'mother_in_law_of', 'living_in', 'no_brothers', 'no_brothers', 'living_in_same_place']","(3, 5)","['maternal_grandparent_of', 'grandfather_of', 'grandparent_of']",28
"[(0, 0), (1, 1), (2, 2), (3, 3), (4, 4), (5, 5), (6, 6), (7, 7), (3, 7), (5, 5), (0, 0), (1, 1), (5, 3), (4, 4), (1, 7), (0, 7), (2, 2), (7, 6), (6, 6), (6, 6), (3, 2), (5, 5), (2, 2), (0, 0), (6, 7), (1, 1), (3, 3), (5, 0), (4, 7), (5, 5), (0, 0), (1, 0)]","['is_person', 'is_person', 'is_person', 'is_person', 'is_person', 'is_person', 'is_person', 'is_place', 'living_in', 'is_underage', 'is_female', 'is_female', 'granddaughter_of', 'is_underage', 'living_in', 'living_in', 'is_female', 'paternal_aunt_or_uncle_of', 'is_male', 'is_underage', 'husband_of', 'no_sisters', 'no_brothers', 'is_underage', 'living_in', 'is_underage', 'no_sons', 'mother_in_law_of', 'living_in', 'no_brothers', 'no_brothers', 'living_in_same_place']","(5, 2)","['granddaughter_of', 'grandchild_of']",28
"[(0, 0), (1, 1), (2, 2), (3, 3), (4, 4), (5, 5), (6, 6), (7, 7), (3, 7), (5, 5), (0, 0), (1, 1), (5, 3), (4, 4), (1, 7), (0, 7), (2, 2), (7, 6), (6, 6), (6, 6), (3, 2), (5, 5), (2, 2), (0, 0), (6, 7), (1, 1), (3, 3), (5, 0), (4, 7), (5, 5), (0, 0), (1, 0)]","['is_person', 'is_person', 'is_person', 'is_person', 'is_person', 'is_person', 'is_person', 'is_place', 'living_in', 'is_underage', 'is_female', 'is_female', 'granddaughter_of', 'is_underage', 'living_in', 'living_in', 'is_female', 'paternal_aunt_or_uncle_of', 'is_male', 'is_underage', 'husband_of', 'no_sisters', 'no_brothers', 'is_underage', 'living_in', 'is_underage', 'no_sons', 'mother_in_law_of', 'living_in', 'no_brothers', 'no_brothers', 'living_in_same_place']","(2, 5)","['maternal_grandparent_of', 'grandparent_of', 'grandmother_of']",28
"[(0, 0), (1, 1), (2, 2), (3, 3), (4, 4), (5, 5), (6, 6), (7, 7), (3, 7), (5, 5), (0, 0), (1, 1), (5, 3), (4, 4), (1, 7), (0, 7), (2, 2), (7, 6), (6, 6), (6, 6), (3, 2), (5, 5), (2, 2), (0, 0), (6, 7), (1, 1), (3, 3), (5, 0), (4, 7), (5, 5), (0, 0), (1, 0)]","['is_person', 'is_person', 'is_person', 'is_person', 'is_person', 'is_person', 'is_person', 'is_place', 'living_in', 'is_underage', 'is_female', 'is_female', 'granddaughter_of', 'is_underage', 'living_in', 'living_in', 'is_female', 'paternal_aunt_or_uncle_of', 'is_male', 'is_underage', 'husband_of', 'no_sisters', 'no_brothers', 'is_underage', 'living_in', 'is_underage', 'no_sons', 'mother_in_law_of', 'living_in', 'no_brothers', 'no_brothers', 'living_in_same_place']","(0, 5)","['daughter_in_law_of', 'child_in_law_of']",28
"[(0, 0), (1, 1), (2, 2), (3, 3), (4, 4), (5, 5), (6, 6), (7, 7), (3, 7), (5, 5), (0, 0), (1, 1), (5, 3), (4, 4), (1, 7), (0, 7), (2, 2), (7, 6), (6, 6), (6, 6), (3, 2), (5, 5), (2, 2), (0, 0), (6, 7), (1, 1), (3, 3), (5, 0), (4, 7), (5, 5), (0, 0), (1, 0)]","['is_person', 'is_person', 'is_person', 'is_person', 'is_person', 'is_person', 'is_person', 'is_place', 'living_in', 'is_underage', 'is_female', 'is_female', 'granddaughter_of', 'is_underage', 'living_in', 'living_in', 'is_female', 'paternal_aunt_or_uncle_of', 'is_male', 'is_underage', 'husband_of', 'no_sisters', 'no_brothers', 'is_underage', 'living_in', 'is_underage', 'no_sons', 'mother_in_law_of', 'living_in', 'no_brothers', 'no_brothers', 'living_in_same_place']","(3, 3)","['no_sons', 'is_male']",28
"[(0, 0), (1, 1), (2, 2), (3, 3), (4, 4), (5, 5), (6, 6), (7, 7), (3, 7), (5, 5), (0, 0), (1, 1), (5, 3), (4, 4), (1, 7), (0, 7), (2, 2), (7, 6), (6, 6), (6, 6), (3, 2), (5, 5), (2, 2), (0, 0), (6, 7), (1, 1), (3, 3), (5, 0), (4, 7), (5, 5), (0, 0), (1, 0)]","['is_person', 'is_person', 'is_person', 'is_person', 'is_person', 'is_person', 'is_person', 'is_place', 'living_in', 'is_underage', 'is_female', 'is_female', 'granddaughter_of', 'is_underage', 'living_in', 'living_in', 'is_female', 'paternal_aunt_or_uncle_of', 'is_male', 'is_underage', 'husband_of', 'no_sisters', 'no_brothers', 'is_underage', 'living_in', 'is_underage', 'no_sons', 'mother_in_law_of', 'living_in', 'no_brothers', 'no_brothers', 'living_in_same_place']","(3, 2)","['husband_of', 'spouse_of']",28
"[(0, 0), (1, 1), (2, 2), (3, 3), (4, 4), (5, 5), (6, 6), (7, 7), (3, 7), (5, 5), (0, 0), (1, 1), (5, 3), (4, 4), (1, 7), (0, 7), (2, 2), (7, 6), (6, 6), (6, 6), (3, 2), (5, 5), (2, 2), (0, 0), (6, 7), (1, 1), (3, 3), (5, 0), (4, 7), (5, 5), (0, 0), (1, 0)]","['is_person', 'is_person', 'is_person', 'is_person', 'is_person', 'is_person', 'is_person', 'is_place', 'living_in', 'is_underage', 'is_female', 'is_female', 'granddaughter_of', 'is_underage', 'living_in', 'living_in', 'is_female', 'paternal_aunt_or_uncle_of', 'is_male', 'is_underage', 'husband_of', 'no_sisters', 'no_brothers', 'is_underage', 'living_in', 'is_underage', 'no_sons', 'mother_in_law_of', 'living_in', 'no_brothers', 'no_brothers', 'living_in_same_place']","(0, 1)",['living_in_same_place'],28
"[(0, 0), (1, 1), (2, 2), (3, 3), (4, 4), (5, 5), (6, 6), (7, 7), (3, 7), (5, 5), (0, 0), (1, 1), (5, 3), (4, 4), (1, 7), (0, 7), (2, 2), (7, 6), (6, 6), (6, 6), (3, 2), (5, 5), (2, 2), (0, 0), (6, 7), (1, 1), (3, 3), (5, 0), (4, 7), (5, 5), (0, 0), (1, 0)]","['is_person', 'is_person', 'is_person', 'is_person', 'is_person', 'is_person', 'is_person', 'is_place', 'living_in', 'is_underage', 'is_female', 'is_female', 'granddaughter_of', 'is_underage', 'living_in', 'living_in', 'is_female', 'paternal_aunt_or_uncle_of', 'is_male', 'is_underage', 'husband_of', 'no_sisters', 'no_brothers', 'is_underage', 'living_in', 'is_underage', 'no_sons', 'mother_in_law_of', 'living_in', 'no_brothers', 'no_brothers', 'living_in_same_place']","(5, 0)","['mother_in_law_of', 'parent_in_law_of']",28
"[(0, 0), (1, 1), (2, 2), (3, 3), (4, 4), (5, 5), (6, 6), (7, 7), (3, 7), (5, 5), (0, 0), (1, 1), (5, 3), (4, 4), (1, 7), (0, 7), (2, 2), (7, 6), (6, 6), (6, 6), (3, 2), (5, 5), (2, 2), (0, 0), (6, 7), (1, 1), (3, 3), (5, 0), (4, 7), (5, 5), (0, 0), (1, 0)]","['is_person', 'is_person', 'is_person', 'is_person', 'is_person', 'is_person', 'is_person', 'is_place', 'living_in', 'is_underage', 'is_female', 'is_female', 'granddaughter_of', 'is_underage', 'living_in', 'living_in', 'is_female', 'paternal_aunt_or_uncle_of', 'is_male', 'is_underage', 'husband_of', 'no_sisters', 'no_brothers', 'is_underage', 'living_in', 'is_underage', 'no_sons', 'mother_in_law_of', 'living_in', 'no_brothers', 'no_brothers', 'living_in_same_place']","(2, 3)","['wife_of', 'spouse_of']",28
"[(0, 0), (1, 1), (2, 2), (3, 3), (4, 4), (5, 5), (6, 6), (7, 7), (3, 7), (5, 5), (0, 0), (1, 1), (5, 3), (4, 4), (1, 7), (0, 7), (2, 2), (7, 6), (6, 6), (6, 6), (3, 2), (5, 5), (2, 2), (0, 0), (6, 7), (1, 1), (3, 3), (5, 0), (4, 7), (5, 5), (0, 0), (1, 0)]","['is_person', 'is_person', 'is_person', 'is_person', 'is_person', 'is_person', 'is_person', 'is_place', 'living_in', 'is_underage', 'is_female', 'is_female', 'granddaughter_of', 'is_underage', 'living_in', 'living_in', 'is_female', 'paternal_aunt_or_uncle_of', 'is_male', 'is_underage', 'husband_of', 'no_sisters', 'no_brothers', 'is_underage', 'living_in', 'is_underage', 'no_sons', 'mother_in_law_of', 'living_in', 'no_brothers', 'no_brothers', 'living_in_same_place']","(5, 5)","['is_underage', 'no_sisters', 'no_brothers', 'is_female', 'no_siblings']",28
"[(0, 0), (1, 1), (2, 2), (3, 3), (4, 4), (5, 5), (6, 6), (7, 7), (3, 7), (5, 5), (0, 0), (1, 1), (5, 3), (4, 4), (1, 7), (0, 7), (2, 2), (7, 6), (6, 6), (6, 6), (3, 2), (5, 5), (2, 2), (0, 0), (6, 7), (1, 1), (3, 3), (5, 0), (4, 7), (5, 5), (0, 0), (1, 0)]","['is_person', 'is_person', 'is_person', 'is_person', 'is_person', 'is_person', 'is_person', 'is_place', 'living_in', 'is_underage', 'is_female', 'is_female', 'granddaughter_of', 'is_underage', 'living_in', 'living_in', 'is_female', 'paternal_aunt_or_uncle_of', 'is_male', 'is_underage', 'husband_of', 'no_sisters', 'no_brothers', 'is_underage', 'living_in', 'is_underage', 'no_sons', 'mother_in_law_of', 'living_in', 'no_brothers', 'no_brothers', 'living_in_same_place']","(5, 3)","['granddaughter_of', 'grandchild_of']",28
"[(0, 0), (1, 1), (2, 2), (3, 3), (4, 4), (5, 5), (6, 6), (7, 7), (3, 7), (5, 5), (0, 0), (1, 1), (5, 3), (4, 4), (1, 7), (0, 7), (2, 2), (7, 6), (6, 6), (6, 6), (3, 2), (5, 5), (2, 2), (0, 0), (6, 7), (1, 1), (3, 3), (5, 0), (4, 7), (5, 5), (0, 0), (1, 0)]","['is_person', 'is_person', 'is_person', 'is_person', 'is_person', 'is_person', 'is_person', 'is_place', 'living_in', 'is_underage', 'is_female', 'is_female', 'granddaughter_of', 'is_underage', 'living_in', 'living_in', 'is_female', 'paternal_aunt_or_uncle_of', 'is_male', 'is_underage', 'husband_of', 'no_sisters', 'no_brothers', 'is_underage', 'living_in', 'is_underage', 'no_sons', 'mother_in_law_of', 'living_in', 'no_brothers', 'no_brothers', 'living_in_same_place']","(2, 2)","['is_female', 'no_brothers', 'no_sons']",28
"[(0, 0), (1, 1), (2, 2), (3, 3), (4, 4), (5, 5), (6, 6), (3, 2), (5, 5), (4, 4), (1, 1), (1, 1), (4, 6), (4, 4), (1, 6), (0, 6), (3, 6), (2, 6), (3, 3), (4, 1), (5, 6), (3, 3), (0, 0), (1, 1)]","['is_person', 'is_person', 'is_person', 'is_person', 'is_person', 'is_person', 'is_place', 'living_in_same_place', 'is_underage', 'no_sons', 'no_sons', 'is_underage', 'living_in', 'is_female', 'living_in', 'living_in', 'living_in', 'living_in', 'is_underage', 'living_in_same_place', 'living_in', 'is_male', 'no_daughters', 'is_female']","(2, 3)",['living_in_same_place'],29
"[(0, 0), (1, 1), (2, 2), (3, 3), (4, 4), (5, 5), (6, 6), (3, 2), (5, 5), (4, 4), (1, 1), (1, 1), (4, 6), (4, 4), (1, 6), (0, 6), (3, 6), (2, 6), (3, 3), (4, 1), (5, 6), (3, 3), (0, 0), (1, 1)]","['is_person', 'is_person', 'is_person', 'is_person', 'is_person', 'is_person', 'is_place', 'living_in_same_place', 'is_underage', 'no_sons', 'no_sons', 'is_underage', 'living_in', 'is_female', 'living_in', 'living_in', 'living_in', 'living_in', 'is_underage', 'living_in_same_place', 'living_in', 'is_male', 'no_daughters', 'is_female']","(1, 4)",['living_in_same_place'],29
"[(0, 0), (1, 1), (2, 2), (3, 3), (4, 4), (5, 5), (4, 1), (3, 5), (1, 5), (1, 1), (4, 4), (1, 1), (1, 1), (4, 5), (2, 2), (0, 0), (2, 2), (3, 3), (2, 5), (3, 3), (4, 2), (2, 2), (0, 0), (4, 4)]","['is_person', 'is_person', 'is_person', 'is_person', 'is_person', 'is_place', 'living_in_same_place', 'living_in', 'living_in', 'no_sisters', 'is_male', 'no_sons', 'is_underage', 'living_in', 'is_male', 'is_underage', 'no_sisters', 'no_sons', 'living_in', 'is_underage', 'living_in_same_place', 'is_underage', 'no_sisters', 'no_sons']","(1, 2)",['living_in_same_place'],30
"[(0, 0), (1, 1), (2, 2), (3, 3), (4, 4), (5, 5), (4, 1), (3, 5), (1, 5), (1, 1), (4, 4), (1, 1), (1, 1), (4, 5), (2, 2), (0, 0), (2, 2), (3, 3), (2, 5), (3, 3), (4, 2), (2, 2), (0, 0), (4, 4)]","['is_person', 'is_person', 'is_person', 'is_person', 'is_person', 'is_place', 'living_in_same_place', 'living_in', 'living_in', 'no_sisters', 'is_male', 'no_sons', 'is_underage', 'living_in', 'is_male', 'is_underage', 'no_sisters', 'no_sons', 'living_in', 'is_underage', 'living_in_same_place', 'is_underage', 'no_sisters', 'no_sons']","(1, 4)",['living_in_same_place'],30
"[(0, 0), (1, 1), (2, 2), (3, 3), (4, 4), (5, 5), (4, 1), (3, 5), (1, 5), (1, 1), (4, 4), (1, 1), (1, 1), (4, 5), (2, 2), (0, 0), (2, 2), (3, 3), (2, 5), (3, 3), (4, 2), (2, 2), (0, 0), (4, 4)]","['is_person', 'is_person', 'is_person', 'is_person', 'is_person', 'is_place', 'living_in_same_place', 'living_in', 'living_in', 'no_sisters', 'is_male', 'no_sons', 'is_underage', 'living_in', 'is_male', 'is_underage', 'no_sisters', 'no_sons', 'living_in', 'is_underage', 'living_in_same_place', 'is_underage', 'no_sisters', 'no_sons']","(2, 1)",['living_in_same_place'],30
"[(0, 0), (1, 1), (2, 2), (3, 3), (4, 4), (5, 5), (4, 1), (3, 5), (1, 5), (1, 1), (4, 4), (1, 1), (1, 1), (4, 5), (2, 2), (0, 0), (2, 2), (3, 3), (2, 5), (3, 3), (4, 2), (2, 2), (0, 0), (4, 4)]","['is_person', 'is_person', 'is_person', 'is_person', 'is_person', 'is_place', 'living_in_same_place', 'living_in', 'living_in', 'no_sisters', 'is_male', 'no_sons', 'is_underage', 'living_in', 'is_male', 'is_underage', 'no_sisters', 'no_sons', 'living_in', 'is_underage', 'living_in_same_place', 'is_underage', 'no_sisters', 'no_sons']","(2, 4)",['living_in_same_place'],30
"[(0, 0), (1, 1), (2, 2), (3, 3), (4, 4), (5, 5), (6, 6), (1, 0), (6, 0), (2, 0), (3, 3), (1, 6), (4, 3), (2, 6), (0, 0), (0, 1), (4, 0), (3, 6), (4, 6), (4, 4), (0, 0), (0, 0), (5, 5), (2, 2), (1, 1)]","['is_person', 'is_person', 'is_person', 'is_person', 'is_person', 'is_person', 'is_place', 'living_in_same_place', 'paternal_grandparent_of', 'living_in_same_place', 'no_brothers', 'living_in', 'grandson_of', 'living_in', 'is_underage', 'living_in_same_place', 'living_in_same_place', 'living_in', 'living_in', 'is_underage', 'no_brothers', 'is_female', 'is_male', 'is_female', 'no_sons']","(4, 2)",['living_in_same_place'],31
"[(0, 0), (1, 1), (2, 2), (3, 3), (4, 4), (5, 5), (6, 6), (1, 0), (6, 0), (2, 0), (3, 3), (1, 6), (4, 3), (2, 6), (0, 0), (0, 1), (4, 0), (3, 6), (4, 6), (4, 4), (0, 0), (0, 0), (5, 5), (2, 2), (1, 1)]","['is_person', 'is_person', 'is_person', 'is_person', 'is_person', 'is_person', 'is_place', 'living_in_same_place', 'paternal_grandparent_of', 'living_in_same_place', 'no_brothers', 'living_in', 'grandson_of', 'living_in', 'is_underage', 'living_in_same_place', 'living_in_same_place', 'living_in', 'living_in', 'is_underage', 'no_brothers', 'is_female', 'is_male', 'is_female', 'no_sons']","(3, 4)",['grandparent_of'],31
"[(0, 0), (1, 1), (2, 2), (3, 3), (4, 4), (5, 5), (6, 6), (1, 0), (6, 0), (2, 0), (3, 3), (1, 6), (4, 3), (2, 6), (0, 0), (0, 1), (4, 0), (3, 6), (4, 6), (4, 4), (0, 0), (0, 0), (5, 5), (2, 2), (1, 1)]","['is_person', 'is_person', 'is_person', 'is_person', 'is_person', 'is_person', 'is_place', 'living_in_same_place', 'paternal_grandparent_of', 'living_in_same_place', 'no_brothers', 'living_in', 'grandson_of', 'living_in', 'is_underage', 'living_in_same_place', 'living_in_same_place', 'living_in', 'living_in', 'is_underage', 'no_brothers', 'is_female', 'is_male', 'is_female', 'no_sons']","(0, 2)",['living_in_same_place'],31
"[(0, 0), (1, 1), (2, 2), (3, 3), (4, 4), (5, 5), (6, 6), (1, 0), (6, 0), (2, 0), (3, 3), (1, 6), (4, 3), (2, 6), (0, 0), (0, 1), (4, 0), (3, 6), (4, 6), (4, 4), (0, 0), (0, 0), (5, 5), (2, 2), (1, 1)]","['is_person', 'is_person', 'is_person', 'is_person', 'is_person', 'is_person', 'is_place', 'living_in_same_place', 'paternal_grandparent_of', 'living_in_same_place', 'no_brothers', 'living_in', 'grandson_of', 'living_in', 'is_underage', 'living_in_same_place', 'living_in_same_place', 'living_in', 'living_in', 'is_underage', 'no_brothers', 'is_female', 'is_male', 'is_female', 'no_sons']","(0, 4)",['living_in_same_place'],31
"[(0, 0), (1, 1), (2, 2), (3, 3), (4, 4), (5, 5), (6, 6), (1, 0), (6, 0), (2, 0), (3, 3), (1, 6), (4, 3), (2, 6), (0, 0), (0, 1), (4, 0), (3, 6), (4, 6), (4, 4), (0, 0), (0, 0), (5, 5), (2, 2), (1, 1)]","['is_person', 'is_person', 'is_person', 'is_person', 'is_person', 'is_person', 'is_place', 'living_in_same_place', 'paternal_grandparent_of', 'living_in_same_place', 'no_brothers', 'living_in', 'grandson_of', 'living_in', 'is_underage', 'living_in_same_place', 'living_in_same_place', 'living_in', 'living_in', 'is_underage', 'no_brothers', 'is_female', 'is_male', 'is_female', 'no_sons']","(2, 1)",['living_in_same_place'],31
"[(0, 0), (1, 1), (2, 2), (3, 3), (4, 4), (5, 5), (6, 6), (1, 0), (6, 0), (2, 0), (3, 3), (1, 6), (4, 3), (2, 6), (0, 0), (0, 1), (4, 0), (3, 6), (4, 6), (4, 4), (0, 0), (0, 0), (5, 5), (2, 2), (1, 1)]","['is_person', 'is_person', 'is_person', 'is_person', 'is_person', 'is_person', 'is_place', 'living_in_same_place', 'paternal_grandparent_of', 'living_in_same_place', 'no_brothers', 'living_in', 'grandson_of', 'living_in', 'is_underage', 'living_in_same_place', 'living_in_same_place', 'living_in', 'living_in', 'is_underage', 'no_brothers', 'is_female', 'is_male', 'is_female', 'no_sons']","(0, 6)",['living_in'],31
"[(0, 0), (1, 1), (2, 2), (3, 3), (4, 4), (5, 5), (6, 6), (1, 0), (6, 0), (2, 0), (3, 3), (1, 6), (4, 3), (2, 6), (0, 0), (0, 1), (4, 0), (3, 6), (4, 6), (4, 4), (0, 0), (0, 0), (5, 5), (2, 2), (1, 1)]","['is_person', 'is_person', 'is_person', 'is_person', 'is_person', 'is_person', 'is_place', 'living_in_same_place', 'paternal_grandparent_of', 'living_in_same_place', 'no_brothers', 'living_in', 'grandson_of', 'living_in', 'is_underage', 'living_in_same_place', 'living_in_same_place', 'living_in', 'living_in', 'is_underage', 'no_brothers', 'is_female', 'is_male', 'is_female', 'no_sons']","(1, 4)",['living_in_same_place'],31
"[(0, 0), (1, 1), (2, 2), (3, 3), (4, 4), (5, 5), (6, 6), (1, 0), (6, 0), (2, 0), (3, 3), (1, 6), (4, 3), (2, 6), (0, 0), (0, 1), (4, 0), (3, 6), (4, 6), (4, 4), (0, 0), (0, 0), (5, 5), (2, 2), (1, 1)]","['is_person', 'is_person', 'is_person', 'is_person', 'is_person', 'is_person', 'is_place', 'living_in_same_place', 'paternal_grandparent_of', 'living_in_same_place', 'no_brothers', 'living_in', 'grandson_of', 'living_in', 'is_underage', 'living_in_same_place', 'living_in_same_place', 'living_in', 'living_in', 'is_underage', 'no_brothers', 'is_female', 'is_male', 'is_female', 'no_sons']","(1, 2)",['living_in_same_place'],31
"[(0, 0), (1, 1), (2, 2), (3, 3), (4, 4), (5, 5), (6, 6), (1, 0), (6, 0), (2, 0), (3, 3), (1, 6), (4, 3), (2, 6), (0, 0), (0, 1), (4, 0), (3, 6), (4, 6), (4, 4), (0, 0), (0, 0), (5, 5), (2, 2), (1, 1)]","['is_person', 'is_person', 'is_person', 'is_person', 'is_person', 'is_person', 'is_place', 'living_in_same_place', 'paternal_grandparent_of', 'living_in_same_place', 'no_brothers', 'living_in', 'grandson_of', 'living_in', 'is_underage', 'living_in_same_place', 'living_in_same_place', 'living_in', 'living_in', 'is_underage', 'no_brothers', 'is_female', 'is_male', 'is_female', 'no_sons']","(4, 4)","['is_underage', 'is_male']",31
"[(0, 0), (1, 1), (2, 2), (3, 3), (4, 4), (5, 5), (6, 6), (1, 0), (6, 0), (2, 0), (3, 3), (1, 6), (4, 3), (2, 6), (0, 0), (0, 1), (4, 0), (3, 6), (4, 6), (4, 4), (0, 0), (0, 0), (5, 5), (2, 2), (1, 1)]","['is_person', 'is_person', 'is_person', 'is_person', 'is_person', 'is_person', 'is_place', 'living_in_same_place', 'paternal_grandparent_of', 'living_in_same_place', 'no_brothers', 'living_in', 'grandson_of', 'living_in', 'is_underage', 'living_in_same_place', 'living_in_same_place', 'living_in', 'living_in', 'is_underage', 'no_brothers', 'is_female', 'is_male', 'is_female', 'no_sons']","(2, 4)",['living_in_same_place'],31
"[(0, 0), (1, 1), (2, 2), (3, 3), (4, 4), (5, 5), (6, 6), (1, 0), (6, 0), (2, 0), (3, 3), (1, 6), (4, 3), (2, 6), (0, 0), (0, 1), (4, 0), (3, 6), (4, 6), (4, 4), (0, 0), (0, 0), (5, 5), (2, 2), (1, 1)]","['is_person', 'is_person', 'is_person', 'is_person', 'is_person', 'is_person', 'is_place', 'living_in_same_place', 'paternal_grandparent_of', 'living_in_same_place', 'no_brothers', 'living_in', 'grandson_of', 'living_in', 'is_underage', 'living_in_same_place', 'living_in_same_place', 'living_in', 'living_in', 'is_underage', 'no_brothers', 'is_female', 'is_male', 'is_female', 'no_sons']","(4, 3)","['grandson_of', 'grandchild_of']",31
"[(0, 0), (1, 1), (2, 2), (3, 3), (4, 4), (5, 5), (6, 6), (1, 0), (6, 0), (2, 0), (3, 3), (1, 6), (4, 3), (2, 6), (0, 0), (0, 1), (4, 0), (3, 6), (4, 6), (4, 4), (0, 0), (0, 0), (5, 5), (2, 2), (1, 1)]","['is_person', 'is_person', 'is_person', 'is_person', 'is_person', 'is_person', 'is_place', 'living_in_same_place', 'paternal_grandparent_of', 'living_in_same_place', 'no_brothers', 'living_in', 'grandson_of', 'living_in', 'is_underage', 'living_in_same_place', 'living_in_same_place', 'living_in', 'living_in', 'is_underage', 'no_brothers', 'is_female', 'is_male', 'is_female', 'no_sons']","(4, 1)",['living_in_same_place'],31
"[(0, 0), (1, 1), (2, 2), (3, 3), (4, 4), (5, 5), (6, 6), (7, 7), (3, 2), (5, 7), (5, 2), (0, 4), (4, 4), (4, 7), (0, 0), (2, 2), (1, 6), (4, 3), (5, 1), (3, 7), (2, 2), (0, 7), (3, 1), (0, 0), (1, 1), (2, 2), (1, 3), (2, 2), (5, 5), (2, 7)]","['is_person', 'is_person', 'is_person', 'is_person', 'is_person', 'is_person', 'is_place', 'is_place', 'living_in_same_place', 'living_in', 'living_in_same_place', 'school_mates_with', 'is_male', 'living_in', 'is_female', 'no_sisters', 'living_in', 'living_in_same_place', 'wife_of', 'living_in', 'is_female', 'living_in', 'sister_of', 'is_underage', 'is_female', 'no_sons', 'paternal_uncle_of', 'is_underage', 'no_brothers', 'living_in']","(4, 2)",['living_in_same_place'],32
"[(0, 0), (1, 1), (2, 2), (3, 3), (4, 4), (5, 5), (6, 6), (7, 7), (3, 2), (5, 7), (5, 2), (0, 4), (4, 4), (4, 7), (0, 0), (2, 2), (1, 6), (4, 3), (5, 1), (3, 7), (2, 2), (0, 7), (3, 1), (0, 0), (1, 1), (2, 2), (1, 3), (2, 2), (5, 5), (2, 7)]","['is_person', 'is_person', 'is_person', 'is_person', 'is_person', 'is_person', 'is_place', 'is_place', 'living_in_same_place', 'living_in', 'living_in_same_place', 'school_mates_with', 'is_male', 'living_in', 'is_female', 'no_sisters', 'living_in', 'living_in_same_place', 'wife_of', 'living_in', 'is_female', 'living_in', 'sister_of', 'is_underage', 'is_female', 'no_sons', 'paternal_uncle_of', 'is_underage', 'no_brothers', 'living_in']","(4, 5)",['living_in_same_place'],32
"[(0, 0), (1, 1), (2, 2), (3, 3), (4, 4), (5, 5), (6, 6), (7, 7), (3, 2), (5, 7), (5, 2), (0, 4), (4, 4), (4, 7), (0, 0), (2, 2), (1, 6), (4, 3), (5, 1), (3, 7), (2, 2), (0, 7), (3, 1), (0, 0), (1, 1), (2, 2), (1, 3), (2, 2), (5, 5), (2, 7)]","['is_person', 'is_person', 'is_person', 'is_person', 'is_person', 'is_person', 'is_place', 'is_place', 'living_in_same_place', 'living_in', 'living_in_same_place', 'school_mates_with', 'is_male', 'living_in', 'is_female', 'no_sisters', 'living_in', 'living_in_same_place', 'wife_of', 'living_in', 'is_female', 'living_in', 'sister_of', 'is_underage', 'is_female', 'no_sons', 'paternal_uncle_of', 'is_underage', 'no_brothers', 'living_in']","(3, 3)",['is_female'],32
"[(0, 0), (1, 1), (2, 2), (3, 3), (4, 4), (5, 5), (6, 6), (7, 7), (3, 2), (5, 7), (5, 2), (0, 4), (4, 4), (4, 7), (0, 0), (2, 2), (1, 6), (4, 3), (5, 1), (3, 7), (2, 2), (0, 7), (3, 1), (0, 0), (1, 1), (2, 2), (1, 3), (2, 2), (5, 5), (2, 7)]","['is_person', 'is_person', 'is_person', 'is_person', 'is_person', 'is_person', 'is_place', 'is_place', 'living_in_same_place', 'living_in', 'living_in_same_place', 'school_mates_with', 'is_male', 'living_in', 'is_female', 'no_sisters', 'living_in', 'living_in_same_place', 'wife_of', 'living_in', 'is_female', 'living_in', 'sister_of', 'is_underage', 'is_female', 'no_sons', 'paternal_uncle_of', 'is_underage', 'no_brothers', 'living_in']","(5, 0)",['living_in_same_place'],32
"[(0, 0), (1, 1), (2, 2), (3, 3), (4, 4), (5, 5), (6, 6), (7, 7), (3, 2), (5, 7), (5, 2), (0, 4), (4, 4), (4, 7), (0, 0), (2, 2), (1, 6), (4, 3), (5, 1), (3, 7), (2, 2), (0, 7), (3, 1), (0, 0), (1, 1), (2, 2), (1, 3), (2, 2), (5, 5), (2, 7)]","['is_person', 'is_person', 'is_person', 'is_person', 'is_person', 'is_person', 'is_place', 'is_place', 'living_in_same_place', 'living_in', 'living_in_same_place', 'school_mates_with', 'is_male', 'living_in', 'is_female', 'no_sisters', 'living_in', 'living_in_same_place', 'wife_of', 'living_in', 'is_female', 'living_in', 'sister_of', 'is_underage', 'is_female', 'no_sons', 'paternal_uncle_of', 'is_underage', 'no_brothers', 'living_in']","(1, 5)","['wife_of', 'spouse_of']",32
"[(0, 0), (1, 1), (2, 2), (3, 3), (4, 4), (5, 5), (6, 6), (7, 7), (3, 2), (5, 7), (5, 2), (0, 4), (4, 4), (4, 7), (0, 0), (2, 2), (1, 6), (4, 3), (5, 1), (3, 7), (2, 2), (0, 7), (3, 1), (0, 0), (1, 1), (2, 2), (1, 3), (2, 2), (5, 5), (2, 7)]","['is_person', 'is_person', 'is_person', 'is_person', 'is_person', 'is_person', 'is_place', 'is_place', 'living_in_same_place', 'living_in', 'living_in_same_place', 'school_mates_with', 'is_male', 'living_in', 'is_female', 'no_sisters', 'living_in', 'living_in_same_place', 'wife_of', 'living_in', 'is_female', 'living_in', 'sister_of', 'is_underage', 'is_female', 'no_sons', 'paternal_uncle_of', 'is_underage', 'no_brothers', 'living_in']","(5, 1)","['wife_of', 'spouse_of']",32
"[(0, 0), (1, 1), (2, 2), (3, 3), (4, 4), (5, 5), (6, 6), (7, 7), (3, 2), (5, 7), (5, 2), (0, 4), (4, 4), (4, 7), (0, 0), (2, 2), (1, 6), (4, 3), (5, 1), (3, 7), (2, 2), (0, 7), (3, 1), (0, 0), (1, 1), (2, 2), (1, 3), (2, 2), (5, 5), (2, 7)]","['is_person', 'is_person', 'is_person', 'is_person', 'is_person', 'is_person', 'is_place', 'is_place', 'living_in_same_place', 'living_in', 'living_in_same_place', 'school_mates_with', 'is_male', 'living_in', 'is_female', 'no_sisters', 'living_in', 'living_in_same_place', 'wife_of', 'living_in', 'is_female', 'living_in', 'sister_of', 'is_underage', 'is_female', 'no_sons', 'paternal_uncle_of', 'is_underage', 'no_brothers', 'living_in']","(3, 5)","['living_in_same_place', 'sibling_in_law_of', 'sister_in_law_of']",32
"[(0, 0), (1, 1), (2, 2), (3, 3), (4, 4), (5, 5), (6, 6), (7, 7), (3, 2), (5, 7), (5, 2), (0, 4), (4, 4), (4, 7), (0, 0), (2, 2), (1, 6), (4, 3), (5, 1), (3, 7), (2, 2), (0, 7), (3, 1), (0, 0), (1, 1), (2, 2), (1, 3), (2, 2), (5, 5), (2, 7)]","['is_person', 'is_person', 'is_person', 'is_person', 'is_person', 'is_person', 'is_place', 'is_place', 'living_in_same_place', 'living_in', 'living_in_same_place', 'school_mates_with', 'is_male', 'living_in', 'is_female', 'no_sisters', 'living_in', 'living_in_same_place', 'wife_of', 'living_in', 'is_female', 'living_in', 'sister_of', 'is_underage', 'is_female', 'no_sons', 'paternal_uncle_of', 'is_underage', 'no_brothers', 'living_in']","(2, 5)",['living_in_same_place'],32
"[(0, 0), (1, 1), (2, 2), (3, 3), (4, 4), (5, 5), (6, 6), (7, 7), (3, 2), (5, 7), (5, 2), (0, 4), (4, 4), (4, 7), (0, 0), (2, 2), (1, 6), (4, 3), (5, 1), (3, 7), (2, 2), (0, 7), (3, 1), (0, 0), (1, 1), (2, 2), (1, 3), (2, 2), (5, 5), (2, 7)]","['is_person', 'is_person', 'is_person', 'is_person', 'is_person', 'is_person', 'is_place', 'is_place', 'living_in_same_place', 'living_in', 'living_in_same_place', 'school_mates_with', 'is_male', 'living_in', 'is_female', 'no_sisters', 'living_in', 'living_in_same_place', 'wife_of', 'living_in', 'is_female', 'living_in', 'sister_of', 'is_underage', 'is_female', 'no_sons', 'paternal_uncle_of', 'is_underage', 'no_brothers', 'living_in']","(5, 3)","['living_in_same_place', 'sibling_in_law_of', 'sister_in_law_of']",32
"[(0, 0), (1, 1), (2, 2), (3, 3), (4, 4), (5, 5), (6, 6), (7, 7), (3, 2), (5, 7), (5, 2), (0, 4), (4, 4), (4, 7), (0, 0), (2, 2), (1, 6), (4, 3), (5, 1), (3, 7), (2, 2), (0, 7), (3, 1), (0, 0), (1, 1), (2, 2), (1, 3), (2, 2), (5, 5), (2, 7)]","['is_person', 'is_person', 'is_person', 'is_person', 'is_person', 'is_person', 'is_place', 'is_place', 'living_in_same_place', 'living_in', 'living_in_same_place', 'school_mates_with', 'is_male', 'living_in', 'is_female', 'no_sisters', 'living_in', 'living_in_same_place', 'wife_of', 'living_in', 'is_female', 'living_in', 'sister_of', 'is_underage', 'is_female', 'no_sons', 'paternal_uncle_of', 'is_underage', 'no_brothers', 'living_in']","(5, 4)",['living_in_same_place'],32
"[(0, 0), (1, 1), (2, 2), (3, 3), (4, 4), (5, 5), (6, 6), (7, 7), (3, 2), (5, 7), (5, 2), (0, 4), (4, 4), (4, 7), (0, 0), (2, 2), (1, 6), (4, 3), (5, 1), (3, 7), (2, 2), (0, 7), (3, 1), (0, 0), (1, 1), (2, 2), (1, 3), (2, 2), (5, 5), (2, 7)]","['is_person', 'is_person', 'is_person', 'is_person', 'is_person', 'is_person', 'is_place', 'is_place', 'living_in_same_place', 'living_in', 'living_in_same_place', 'school_mates_with', 'is_male', 'living_in', 'is_female', 'no_sisters', 'living_in', 'living_in_same_place', 'wife_of', 'living_in', 'is_female', 'living_in', 'sister_of', 'is_underage', 'is_female', 'no_sons', 'paternal_uncle_of', 'is_underage', 'no_brothers', 'living_in']","(1, 3)","['paternal_uncle_of', 'sibling_of', 'sister_of']",32
"[(0, 0), (1, 1), (2, 2), (3, 3), (4, 4), (5, 5), (6, 6), (7, 7), (3, 2), (5, 7), (5, 2), (0, 4), (4, 4), (4, 7), (0, 0), (2, 2), (1, 6), (4, 3), (5, 1), (3, 7), (2, 2), (0, 7), (3, 1), (0, 0), (1, 1), (2, 2), (1, 3), (2, 2), (5, 5), (2, 7)]","['is_person', 'is_person', 'is_person', 'is_person', 'is_person', 'is_person', 'is_place', 'is_place', 'living_in_same_place', 'living_in', 'living_in_same_place', 'school_mates_with', 'is_male', 'living_in', 'is_female', 'no_sisters', 'living_in', 'living_in_same_place', 'wife_of', 'living_in', 'is_female', 'living_in', 'sister_of', 'is_underage', 'is_female', 'no_sons', 'paternal_uncle_of', 'is_underage', 'no_brothers', 'living_in']","(3, 1)","['sister_of', 'sibling_of']",32
"[(0, 0), (1, 1), (2, 2), (3, 3), (4, 4), (5, 5), (6, 6), (7, 7), (3, 2), (5, 7), (5, 2), (0, 4), (4, 4), (4, 7), (0, 0), (2, 2), (1, 6), (4, 3), (5, 1), (3, 7), (2, 2), (0, 7), (3, 1), (0, 0), (1, 1), (2, 2), (1, 3), (2, 2), (5, 5), (2, 7)]","['is_person', 'is_person', 'is_person', 'is_person', 'is_person', 'is_person', 'is_place', 'is_place', 'living_in_same_place', 'living_in', 'living_in_same_place', 'school_mates_with', 'is_male', 'living_in', 'is_female', 'no_sisters', 'living_in', 'living_in_same_place', 'wife_of', 'living_in', 'is_female', 'living_in', 'sister_of', 'is_underage', 'is_female', 'no_sons', 'paternal_uncle_of', 'is_underage', 'no_brothers', 'living_in']","(0, 2)",['living_in_same_place'],32
"[(0, 0), (1, 1), (2, 2), (3, 3), (4, 4), (5, 5), (6, 6), (7, 7), (3, 2), (5, 7), (5, 2), (0, 4), (4, 4), (4, 7), (0, 0), (2, 2), (1, 6), (4, 3), (5, 1), (3, 7), (2, 2), (0, 7), (3, 1), (0, 0), (1, 1), (2, 2), (1, 3), (2, 2), (5, 5), (2, 7)]","['is_person', 'is_person', 'is_person', 'is_person', 'is_person', 'is_person', 'is_place', 'is_place', 'living_in_same_place', 'living_in', 'living_in_same_place', 'school_mates_with', 'is_male', 'living_in', 'is_female', 'no_sisters', 'living_in', 'living_in_same_place', 'wife_of', 'living_in', 'is_female', 'living_in', 'sister_of', 'is_underage', 'is_female', 'no_sons', 'paternal_uncle_of', 'is_underage', 'no_brothers', 'living_in']","(0, 5)",['living_in_same_place'],32
"[(0, 0), (1, 1), (2, 2), (3, 3), (4, 4), (5, 5), (6, 6), (7, 7), (3, 2), (5, 7), (5, 2), (0, 4), (4, 4), (4, 7), (0, 0), (2, 2), (1, 6), (4, 3), (5, 1), (3, 7), (2, 2), (0, 7), (3, 1), (0, 0), (1, 1), (2, 2), (1, 3), (2, 2), (5, 5), (2, 7)]","['is_person', 'is_person', 'is_person', 'is_person', 'is_person', 'is_person', 'is_place', 'is_place', 'living_in_same_place', 'living_in', 'living_in_same_place', 'school_mates_with', 'is_male', 'living_in', 'is_female', 'no_sisters', 'living_in', 'living_in_same_place', 'wife_of', 'living_in', 'is_female', 'living_in', 'sister_of', 'is_underage', 'is_female', 'no_sons', 'paternal_uncle_of', 'is_underage', 'no_brothers', 'living_in']","(3, 4)",['living_in_same_place'],32
"[(0, 0), (1, 1), (2, 2), (3, 3), (4, 4), (5, 5), (6, 6), (7, 7), (3, 2), (5, 7), (5, 2), (0, 4), (4, 4), (4, 7), (0, 0), (2, 2), (1, 6), (4, 3), (5, 1), (3, 7), (2, 2), (0, 7), (3, 1), (0, 0), (1, 1), (2, 2), (1, 3), (2, 2), (5, 5), (2, 7)]","['is_person', 'is_person', 'is_person', 'is_person', 'is_person', 'is_person', 'is_place', 'is_place', 'living_in_same_place', 'living_in', 'living_in_same_place', 'school_mates_with', 'is_male', 'living_in', 'is_female', 'no_sisters', 'living_in', 'living_in_same_place', 'wife_of', 'living_in', 'is_female', 'living_in', 'sister_of', 'is_underage', 'is_female', 'no_sons', 'paternal_uncle_of', 'is_underage', 'no_brothers', 'living_in']","(0, 3)",['living_in_same_place'],32
"[(0, 0), (1, 1), (2, 2), (3, 3), (4, 4), (5, 5), (6, 6), (7, 7), (3, 2), (5, 7), (5, 2), (0, 4), (4, 4), (4, 7), (0, 0), (2, 2), (1, 6), (4, 3), (5, 1), (3, 7), (2, 2), (0, 7), (3, 1), (0, 0), (1, 1), (2, 2), (1, 3), (2, 2), (5, 5), (2, 7)]","['is_person', 'is_person', 'is_person', 'is_person', 'is_person', 'is_person', 'is_place', 'is_place', 'living_in_same_place', 'living_in', 'living_in_same_place', 'school_mates_with', 'is_male', 'living_in', 'is_female', 'no_sisters', 'living_in', 'living_in_same_place', 'wife_of', 'living_in', 'is_female', 'living_in', 'sister_of', 'is_underage', 'is_female', 'no_sons', 'paternal_uncle_of', 'is_underage', 'no_brothers', 'living_in']","(2, 6)",['Not_living_in'],32
"[(0, 0), (1, 1), (2, 2), (3, 3), (4, 4), (5, 5), (6, 6), (7, 7), (3, 2), (5, 7), (5, 2), (0, 4), (4, 4), (4, 7), (0, 0), (2, 2), (1, 6), (4, 3), (5, 1), (3, 7), (2, 2), (0, 7), (3, 1), (0, 0), (1, 1), (2, 2), (1, 3), (2, 2), (5, 5), (2, 7)]","['is_person', 'is_person', 'is_person', 'is_person', 'is_person', 'is_person', 'is_place', 'is_place', 'living_in_same_place', 'living_in', 'living_in_same_place', 'school_mates_with', 'is_male', 'living_in', 'is_female', 'no_sisters', 'living_in', 'living_in_same_place', 'wife_of', 'living_in', 'is_female', 'living_in', 'sister_of', 'is_underage', 'is_female', 'no_sons', 'paternal_uncle_of', 'is_underage', 'no_brothers', 'living_in']","(0, 4)","['school_mates_with', 'living_in_same_place']",32
"[(0, 0), (1, 1), (2, 2), (3, 3), (4, 4), (5, 5), (6, 6), (7, 7), (3, 2), (5, 7), (5, 2), (0, 4), (4, 4), (4, 7), (0, 0), (2, 2), (1, 6), (4, 3), (5, 1), (3, 7), (2, 2), (0, 7), (3, 1), (0, 0), (1, 1), (2, 2), (1, 3), (2, 2), (5, 5), (2, 7)]","['is_person', 'is_person', 'is_person', 'is_person', 'is_person', 'is_person', 'is_place', 'is_place', 'living_in_same_place', 'living_in', 'living_in_same_place', 'school_mates_with', 'is_male', 'living_in', 'is_female', 'no_sisters', 'living_in', 'living_in_same_place', 'wife_of', 'living_in', 'is_female', 'living_in', 'sister_of', 'is_underage', 'is_female', 'no_sons', 'paternal_uncle_of', 'is_underage', 'no_brothers', 'living_in']","(0, 6)",['Not_living_in'],32
"[(0, 0), (1, 1), (2, 2), (3, 3), (4, 4), (5, 5), (6, 6), (7, 7), (3, 2), (5, 7), (5, 2), (0, 4), (4, 4), (4, 7), (0, 0), (2, 2), (1, 6), (4, 3), (5, 1), (3, 7), (2, 2), (0, 7), (3, 1), (0, 0), (1, 1), (2, 2), (1, 3), (2, 2), (5, 5), (2, 7)]","['is_person', 'is_person', 'is_person', 'is_person', 'is_person', 'is_person', 'is_place', 'is_place', 'living_in_same_place', 'living_in', 'living_in_same_place', 'school_mates_with', 'is_male', 'living_in', 'is_female', 'no_sisters', 'living_in', 'living_in_same_place', 'wife_of', 'living_in', 'is_female', 'living_in', 'sister_of', 'is_underage', 'is_female', 'no_sons', 'paternal_uncle_of', 'is_underage', 'no_brothers', 'living_in']","(5, 5)","['no_brothers', 'is_female']",32
"[(0, 0), (1, 1), (2, 2), (3, 3), (4, 4), (5, 5), (6, 6), (7, 7), (3, 2), (5, 7), (5, 2), (0, 4), (4, 4), (4, 7), (0, 0), (2, 2), (1, 6), (4, 3), (5, 1), (3, 7), (2, 2), (0, 7), (3, 1), (0, 0), (1, 1), (2, 2), (1, 3), (2, 2), (5, 5), (2, 7)]","['is_person', 'is_person', 'is_person', 'is_person', 'is_person', 'is_person', 'is_place', 'is_place', 'living_in_same_place', 'living_in', 'living_in_same_place', 'school_mates_with', 'is_male', 'living_in', 'is_female', 'no_sisters', 'living_in', 'living_in_same_place', 'wife_of', 'living_in', 'is_female', 'living_in', 'sister_of', 'is_underage', 'is_female', 'no_sons', 'paternal_uncle_of', 'is_underage', 'no_brothers', 'living_in']","(5, 6)",['Not_living_in'],32
"[(0, 0), (1, 1), (2, 2), (3, 3), (4, 4), (5, 5), (6, 6), (7, 7), (3, 2), (5, 7), (5, 2), (0, 4), (4, 4), (4, 7), (0, 0), (2, 2), (1, 6), (4, 3), (5, 1), (3, 7), (2, 2), (0, 7), (3, 1), (0, 0), (1, 1), (2, 2), (1, 3), (2, 2), (5, 5), (2, 7)]","['is_person', 'is_person', 'is_person', 'is_person', 'is_person', 'is_person', 'is_place', 'is_place', 'living_in_same_place', 'living_in', 'living_in_same_place', 'school_mates_with', 'is_male', 'living_in', 'is_female', 'no_sisters', 'living_in', 'living_in_same_place', 'wife_of', 'living_in', 'is_female', 'living_in', 'sister_of', 'is_underage', 'is_female', 'no_sons', 'paternal_uncle_of', 'is_underage', 'no_brothers', 'living_in']","(4, 4)","['is_male', 'is_underage']",32
"[(0, 0), (1, 1), (2, 2), (3, 3), (4, 4), (5, 5), (6, 6), (7, 7), (3, 2), (5, 7), (5, 2), (0, 4), (4, 4), (4, 7), (0, 0), (2, 2), (1, 6), (4, 3), (5, 1), (3, 7), (2, 2), (0, 7), (3, 1), (0, 0), (1, 1), (2, 2), (1, 3), (2, 2), (5, 5), (2, 7)]","['is_person', 'is_person', 'is_person', 'is_person', 'is_person', 'is_person', 'is_place', 'is_place', 'living_in_same_place', 'living_in', 'living_in_same_place', 'school_mates_with', 'is_male', 'living_in', 'is_female', 'no_sisters', 'living_in', 'living_in_same_place', 'wife_of', 'living_in', 'is_female', 'living_in', 'sister_of', 'is_underage', 'is_female', 'no_sons', 'paternal_uncle_of', 'is_underage', 'no_brothers', 'living_in']","(4, 0)","['school_mates_with', 'living_in_same_place']",32
"[(0, 0), (1, 1), (2, 2), (3, 3), (4, 4), (5, 5), (6, 6), (7, 7), (3, 2), (5, 7), (5, 2), (0, 4), (4, 4), (4, 7), (0, 0), (2, 2), (1, 6), (4, 3), (5, 1), (3, 7), (2, 2), (0, 7), (3, 1), (0, 0), (1, 1), (2, 2), (1, 3), (2, 2), (5, 5), (2, 7)]","['is_person', 'is_person', 'is_person', 'is_person', 'is_person', 'is_person', 'is_place', 'is_place', 'living_in_same_place', 'living_in', 'living_in_same_place', 'school_mates_with', 'is_male', 'living_in', 'is_female', 'no_sisters', 'living_in', 'living_in_same_place', 'wife_of', 'living_in', 'is_female', 'living_in', 'sister_of', 'is_underage', 'is_female', 'no_sons', 'paternal_uncle_of', 'is_underage', 'no_brothers', 'living_in']","(3, 6)",['Not_living_in'],32
"[(0, 0), (1, 1), (2, 2), (3, 3), (4, 4), (5, 5), (6, 6), (7, 7), (3, 2), (5, 7), (5, 2), (0, 4), (4, 4), (4, 7), (0, 0), (2, 2), (1, 6), (4, 3), (5, 1), (3, 7), (2, 2), (0, 7), (3, 1), (0, 0), (1, 1), (2, 2), (1, 3), (2, 2), (5, 5), (2, 7)]","['is_person', 'is_person', 'is_person', 'is_person', 'is_person', 'is_person', 'is_place', 'is_place', 'living_in_same_place', 'living_in', 'living_in_same_place', 'school_mates_with', 'is_male', 'living_in', 'is_female', 'no_sisters', 'living_in', 'living_in_same_place', 'wife_of', 'living_in', 'is_female', 'living_in', 'sister_of', 'is_underage', 'is_female', 'no_sons', 'paternal_uncle_of', 'is_underage', 'no_brothers', 'living_in']","(1, 7)",['Not_living_in'],32
"[(0, 0), (1, 1), (2, 2), (3, 3), (4, 4), (5, 5), (6, 6), (7, 7), (3, 2), (5, 7), (5, 2), (0, 4), (4, 4), (4, 7), (0, 0), (2, 2), (1, 6), (4, 3), (5, 1), (3, 7), (2, 2), (0, 7), (3, 1), (0, 0), (1, 1), (2, 2), (1, 3), (2, 2), (5, 5), (2, 7)]","['is_person', 'is_person', 'is_person', 'is_person', 'is_person', 'is_person', 'is_place', 'is_place', 'living_in_same_place', 'living_in', 'living_in_same_place', 'school_mates_with', 'is_male', 'living_in', 'is_female', 'no_sisters', 'living_in', 'living_in_same_place', 'wife_of', 'living_in', 'is_female', 'living_in', 'sister_of', 'is_underage', 'is_female', 'no_sons', 'paternal_uncle_of', 'is_underage', 'no_brothers', 'living_in']","(4, 6)",['Not_living_in'],32
"[(0, 0), (1, 1), (2, 2), (3, 3), (4, 4), (5, 5), (6, 6), (7, 7), (3, 2), (5, 7), (5, 2), (0, 4), (4, 4), (4, 7), (0, 0), (2, 2), (1, 6), (4, 3), (5, 1), (3, 7), (2, 2), (0, 7), (3, 1), (0, 0), (1, 1), (2, 2), (1, 3), (2, 2), (5, 5), (2, 7)]","['is_person', 'is_person', 'is_person', 'is_person', 'is_person', 'is_person', 'is_place', 'is_place', 'living_in_same_place', 'living_in', 'living_in_same_place', 'school_mates_with', 'is_male', 'living_in', 'is_female', 'no_sisters', 'living_in', 'living_in_same_place', 'wife_of', 'living_in', 'is_female', 'living_in', 'sister_of', 'is_underage', 'is_female', 'no_sons', 'paternal_uncle_of', 'is_underage', 'no_brothers', 'living_in']","(2, 3)",['living_in_same_place'],32
"[(0, 0), (1, 1), (2, 2), (3, 3), (4, 4), (5, 5), (6, 6), (7, 7), (3, 2), (5, 7), (5, 2), (0, 4), (4, 4), (4, 7), (0, 0), (2, 2), (1, 6), (4, 3), (5, 1), (3, 7), (2, 2), (0, 7), (3, 1), (0, 0), (1, 1), (2, 2), (1, 3), (2, 2), (5, 5), (2, 7)]","['is_person', 'is_person', 'is_person', 'is_person', 'is_person', 'is_person', 'is_place', 'is_place', 'living_in_same_place', 'living_in', 'living_in_same_place', 'school_mates_with', 'is_male', 'living_in', 'is_female', 'no_sisters', 'living_in', 'living_in_same_place', 'wife_of', 'living_in', 'is_female', 'living_in', 'sister_of', 'is_underage', 'is_female', 'no_sons', 'paternal_uncle_of', 'is_underage', 'no_brothers', 'living_in']","(2, 0)",['living_in_same_place'],32
"[(0, 0), (1, 1), (2, 2), (3, 3), (4, 4), (5, 5), (6, 6), (7, 7), (3, 2), (5, 7), (5, 2), (0, 4), (4, 4), (4, 7), (0, 0), (2, 2), (1, 6), (4, 3), (5, 1), (3, 7), (2, 2), (0, 7), (3, 1), (0, 0), (1, 1), (2, 2), (1, 3), (2, 2), (5, 5), (2, 7)]","['is_person', 'is_person', 'is_person', 'is_person', 'is_person', 'is_person', 'is_place', 'is_place', 'living_in_same_place', 'living_in', 'living_in_same_place', 'school_mates_with', 'is_male', 'living_in', 'is_female', 'no_sisters', 'living_in', 'living_in_same_place', 'wife_of', 'living_in', 'is_female', 'living_in', 'sister_of', 'is_underage', 'is_female', 'no_sons', 'paternal_uncle_of', 'is_underage', 'no_brothers', 'living_in']","(2, 4)",['living_in_same_place'],32
"[(0, 0), (1, 1), (2, 2), (3, 3), (4, 4), (5, 5), (6, 6), (7, 7), (3, 2), (5, 7), (5, 2), (0, 4), (4, 4), (4, 7), (0, 0), (2, 2), (1, 6), (4, 3), (5, 1), (3, 7), (2, 2), (0, 7), (3, 1), (0, 0), (1, 1), (2, 2), (1, 3), (2, 2), (5, 5), (2, 7)]","['is_person', 'is_person', 'is_person', 'is_person', 'is_person', 'is_person', 'is_place', 'is_place', 'living_in_same_place', 'living_in', 'living_in_same_place', 'school_mates_with', 'is_male', 'living_in', 'is_female', 'no_sisters', 'living_in', 'living_in_same_place', 'wife_of', 'living_in', 'is_female', 'living_in', 'sister_of', 'is_underage', 'is_female', 'no_sons', 'paternal_uncle_of', 'is_underage', 'no_brothers', 'living_in']","(3, 0)",['living_in_same_place'],32
"[(0, 0), (1, 1), (2, 2), (3, 3), (4, 4), (5, 5), (6, 6), (1, 6), (2, 0), (2, 2), (0, 0), (2, 6), (4, 4), (5, 6), (4, 6), (0, 5), (5, 0), (0, 0), (3, 6), (3, 3), (4, 4), (4, 1), (0, 0), (5, 6)]","['is_person', 'is_person', 'is_person', 'is_person', 'is_person', 'is_person', 'is_place', 'living_in', 'living_in_same_place', 'is_underage', 'no_brothers', 'living_in', 'no_sons', 'living_in', 'living_in', 'living_in_same_place', 'paternal_grandmother_of', 'is_underage', 'living_in', 'is_underage', 'is_underage', 'living_in_same_place', 'is_female', 'maternal_uncle_of']","(5, 0)","['paternal_grandmother_of', 'living_in_same_place']",33
"[(0, 0), (1, 1), (2, 2), (3, 3), (4, 4), (5, 5), (6, 6), (1, 6), (2, 0), (2, 2), (0, 0), (2, 6), (4, 4), (5, 6), (4, 6), (0, 5), (5, 0), (0, 0), (3, 6), (3, 3), (4, 4), (4, 1), (0, 0), (5, 6)]","['is_person', 'is_person', 'is_person', 'is_person', 'is_person', 'is_person', 'is_place', 'living_in', 'living_in_same_place', 'is_underage', 'no_brothers', 'living_in', 'no_sons', 'living_in', 'living_in', 'living_in_same_place', 'paternal_grandmother_of', 'is_underage', 'living_in', 'is_underage', 'is_underage', 'living_in_same_place', 'is_female', 'maternal_uncle_of']","(0, 2)",['living_in_same_place'],33
"[(0, 0), (1, 1), (2, 2), (3, 3), (4, 4), (5, 5), (6, 6), (1, 6), (2, 0), (2, 2), (0, 0), (2, 6), (4, 4), (5, 6), (4, 6), (0, 5), (5, 0), (0, 0), (3, 6), (3, 3), (4, 4), (4, 1), (0, 0), (5, 6)]","['is_person', 'is_person', 'is_person', 'is_person', 'is_person', 'is_person', 'is_place', 'living_in', 'living_in_same_place', 'is_underage', 'no_brothers', 'living_in', 'no_sons', 'living_in', 'living_in', 'living_in_same_place', 'paternal_grandmother_of', 'is_underage', 'living_in', 'is_underage', 'is_underage', 'living_in_same_place', 'is_female', 'maternal_uncle_of']","(0, 6)",['living_in'],33
"[(0, 0), (1, 1), (2, 2), (3, 3), (4, 4), (5, 5), (6, 6), (1, 6), (2, 0), (2, 2), (0, 0), (2, 6), (4, 4), (5, 6), (4, 6), (0, 5), (5, 0), (0, 0), (3, 6), (3, 3), (4, 4), (4, 1), (0, 0), (5, 6)]","['is_person', 'is_person', 'is_person', 'is_person', 'is_person', 'is_person', 'is_place', 'living_in', 'living_in_same_place', 'is_underage', 'no_brothers', 'living_in', 'no_sons', 'living_in', 'living_in', 'living_in_same_place', 'paternal_grandmother_of', 'is_underage', 'living_in', 'is_underage', 'is_underage', 'living_in_same_place', 'is_female', 'maternal_uncle_of']","(1, 4)",['living_in_same_place'],33
"[(0, 0), (1, 1), (2, 2), (3, 3), (4, 4), (5, 5), (6, 6), (1, 6), (2, 0), (2, 2), (0, 0), (2, 6), (4, 4), (5, 6), (4, 6), (0, 5), (5, 0), (0, 0), (3, 6), (3, 3), (4, 4), (4, 1), (0, 0), (5, 6)]","['is_person', 'is_person', 'is_person', 'is_person', 'is_person', 'is_person', 'is_place', 'living_in', 'living_in_same_place', 'is_underage', 'no_brothers', 'living_in', 'no_sons', 'living_in', 'living_in', 'living_in_same_place', 'paternal_grandmother_of', 'is_underage', 'living_in', 'is_underage', 'is_underage', 'living_in_same_place', 'is_female', 'maternal_uncle_of']","(2, 5)",['living_in_same_place'],33
"[(0, 0), (1, 1), (2, 2), (3, 3), (4, 4), (5, 5), (6, 6), (1, 6), (2, 0), (2, 2), (0, 0), (2, 6), (4, 4), (5, 6), (4, 6), (0, 5), (5, 0), (0, 0), (3, 6), (3, 3), (4, 4), (4, 1), (0, 0), (5, 6)]","['is_person', 'is_person', 'is_person', 'is_person', 'is_person', 'is_person', 'is_place', 'living_in', 'living_in_same_place', 'is_underage', 'no_brothers', 'living_in', 'no_sons', 'living_in', 'living_in', 'living_in_same_place', 'paternal_grandmother_of', 'is_underage', 'living_in', 'is_underage', 'is_underage', 'living_in_same_place', 'is_female', 'maternal_uncle_of']","(5, 2)",['living_in_same_place'],33
"[(0, 0), (1, 1), (2, 2), (3, 3), (4, 4), (5, 5), (6, 6), (7, 7), (5, 5), (0, 2), (2, 4), (4, 7), (1, 1), (6, 5), (6, 1), (3, 7), (0, 0), (6, 6), (2, 7), (1, 1), (0, 0), (2, 2), (0, 1), (1, 7), (3, 1), (2, 2), (5, 4), (5, 1), (6, 6), (4, 4), (3, 6), (6, 7)]","['is_person', 'is_person', 'is_person', 'is_person', 'is_person', 'is_person', 'is_person', 'is_place', 'is_male', 'living_in_same_place', 'living_in_same_place', 'living_in', 'is_underage', 'living_in_same_place', 'living_in_same_place', 'living_in', 'is_male', 'no_sons', 'living_in', 'is_male', 'is_underage', 'is_female', 'living_in_same_place', 'living_in', 'child_in_law_of', 'is_underage', 'living_in_same_place', 'living_in_same_place', 'no_sisters', 'no_sons', 'living_in_same_place', 'living_in']","(4, 2)",['living_in_same_place'],34
"[(0, 0), (1, 1), (2, 2), (3, 3), (4, 4), (5, 5), (6, 6), (7, 7), (5, 5), (0, 2), (2, 4), (4, 7), (1, 1), (6, 5), (6, 1), (3, 7), (0, 0), (6, 6), (2, 7), (1, 1), (0, 0), (2, 2), (0, 1), (1, 7), (3, 1), (2, 2), (5, 4), (5, 1), (6, 6), (4, 4), (3, 6), (6, 7)]","['is_person', 'is_person', 'is_person', 'is_person', 'is_person', 'is_person', 'is_person', 'is_place', 'is_male', 'living_in_same_place', 'living_in_same_place', 'living_in', 'is_underage', 'living_in_same_place', 'living_in_same_place', 'living_in', 'is_male', 'no_sons', 'living_in', 'is_male', 'is_underage', 'is_female', 'living_in_same_place', 'living_in', 'child_in_law_of', 'is_underage', 'living_in_same_place', 'living_in_same_place', 'no_sisters', 'no_sons', 'living_in_same_place', 'living_in']","(4, 5)",['living_in_same_place'],34
"[(0, 0), (1, 1), (2, 2), (3, 3), (4, 4), (5, 5), (6, 6), (7, 7), (5, 5), (0, 2), (2, 4), (4, 7), (1, 1), (6, 5), (6, 1), (3, 7), (0, 0), (6, 6), (2, 7), (1, 1), (0, 0), (2, 2), (0, 1), (1, 7), (3, 1), (2, 2), (5, 4), (5, 1), (6, 6), (4, 4), (3, 6), (6, 7)]","['is_person', 'is_person', 'is_person', 'is_person', 'is_person', 'is_person', 'is_person', 'is_place', 'is_male', 'living_in_same_place', 'living_in_same_place', 'living_in', 'is_underage', 'living_in_same_place', 'living_in_same_place', 'living_in', 'is_male', 'no_sons', 'living_in', 'is_male', 'is_underage', 'is_female', 'living_in_same_place', 'living_in', 'child_in_law_of', 'is_underage', 'living_in_same_place', 'living_in_same_place', 'no_sisters', 'no_sons', 'living_in_same_place', 'living_in']","(3, 2)",['living_in_same_place'],34
"[(0, 0), (1, 1), (2, 2), (3, 3), (4, 4), (5, 5), (6, 6), (7, 7), (5, 5), (0, 2), (2, 4), (4, 7), (1, 1), (6, 5), (6, 1), (3, 7), (0, 0), (6, 6), (2, 7), (1, 1), (0, 0), (2, 2), (0, 1), (1, 7), (3, 1), (2, 2), (5, 4), (5, 1), (6, 6), (4, 4), (3, 6), (6, 7)]","['is_person', 'is_person', 'is_person', 'is_person', 'is_person', 'is_person', 'is_person', 'is_place', 'is_male', 'living_in_same_place', 'living_in_same_place', 'living_in', 'is_underage', 'living_in_same_place', 'living_in_same_place', 'living_in', 'is_male', 'no_sons', 'living_in', 'is_male', 'is_underage', 'is_female', 'living_in_same_place', 'living_in', 'child_in_law_of', 'is_underage', 'living_in_same_place', 'living_in_same_place', 'no_sisters', 'no_sons', 'living_in_same_place', 'living_in']","(6, 4)",['living_in_same_place'],34
"[(0, 0), (1, 1), (2, 2), (3, 3), (4, 4), (5, 5), (6, 6), (7, 7), (5, 5), (0, 2), (2, 4), (4, 7), (1, 1), (6, 5), (6, 1), (3, 7), (0, 0), (6, 6), (2, 7), (1, 1), (0, 0), (2, 2), (0, 1), (1, 7), (3, 1), (2, 2), (5, 4), (5, 1), (6, 6), (4, 4), (3, 6), (6, 7)]","['is_person', 'is_person', 'is_person', 'is_person', 'is_person', 'is_person', 'is_person', 'is_place', 'is_male', 'living_in_same_place', 'living_in_same_place', 'living_in', 'is_underage', 'living_in_same_place', 'living_in_same_place', 'living_in', 'is_male', 'no_sons', 'living_in', 'is_male', 'is_underage', 'is_female', 'living_in_same_place', 'living_in', 'child_in_law_of', 'is_underage', 'living_in_same_place', 'living_in_same_place', 'no_sisters', 'no_sons', 'living_in_same_place', 'living_in']","(5, 0)",['living_in_same_place'],34
"[(0, 0), (1, 1), (2, 2), (3, 3), (4, 4), (5, 5), (6, 6), (7, 7), (5, 5), (0, 2), (2, 4), (4, 7), (1, 1), (6, 5), (6, 1), (3, 7), (0, 0), (6, 6), (2, 7), (1, 1), (0, 0), (2, 2), (0, 1), (1, 7), (3, 1), (2, 2), (5, 4), (5, 1), (6, 6), (4, 4), (3, 6), (6, 7)]","['is_person', 'is_person', 'is_person', 'is_person', 'is_person', 'is_person', 'is_person', 'is_place', 'is_male', 'living_in_same_place', 'living_in_same_place', 'living_in', 'is_underage', 'living_in_same_place', 'living_in_same_place', 'living_in', 'is_male', 'no_sons', 'living_in', 'is_male', 'is_underage', 'is_female', 'living_in_same_place', 'living_in', 'child_in_law_of', 'is_underage', 'living_in_same_place', 'living_in_same_place', 'no_sisters', 'no_sons', 'living_in_same_place', 'living_in']","(2, 0)",['living_in_same_place'],34
"[(0, 0), (1, 1), (2, 2), (3, 3), (4, 4), (5, 5), (6, 6), (7, 7), (5, 5), (0, 2), (2, 4), (4, 7), (1, 1), (6, 5), (6, 1), (3, 7), (0, 0), (6, 6), (2, 7), (1, 1), (0, 0), (2, 2), (0, 1), (1, 7), (3, 1), (2, 2), (5, 4), (5, 1), (6, 6), (4, 4), (3, 6), (6, 7)]","['is_person', 'is_person', 'is_person', 'is_person', 'is_person', 'is_person', 'is_person', 'is_place', 'is_male', 'living_in_same_place', 'living_in_same_place', 'living_in', 'is_underage', 'living_in_same_place', 'living_in_same_place', 'living_in', 'is_male', 'no_sons', 'living_in', 'is_male', 'is_underage', 'is_female', 'living_in_same_place', 'living_in', 'child_in_law_of', 'is_underage', 'living_in_same_place', 'living_in_same_place', 'no_sisters', 'no_sons', 'living_in_same_place', 'living_in']","(5, 6)",['living_in_same_place'],34
"[(0, 0), (1, 1), (2, 2), (3, 3), (4, 4), (5, 5), (6, 6), (7, 7), (5, 5), (0, 2), (2, 4), (4, 7), (1, 1), (6, 5), (6, 1), (3, 7), (0, 0), (6, 6), (2, 7), (1, 1), (0, 0), (2, 2), (0, 1), (1, 7), (3, 1), (2, 2), (5, 4), (5, 1), (6, 6), (4, 4), (3, 6), (6, 7)]","['is_person', 'is_person', 'is_person', 'is_person', 'is_person', 'is_person', 'is_person', 'is_place', 'is_male', 'living_in_same_place', 'living_in_same_place', 'living_in', 'is_underage', 'living_in_same_place', 'living_in_same_place', 'living_in', 'is_male', 'no_sons', 'living_in', 'is_male', 'is_underage', 'is_female', 'living_in_same_place', 'living_in', 'child_in_law_of', 'is_underage', 'living_in_same_place', 'living_in_same_place', 'no_sisters', 'no_sons', 'living_in_same_place', 'living_in']","(1, 4)",['living_in_same_place'],34
"[(0, 0), (1, 1), (2, 2), (3, 3), (4, 4), (5, 5), (6, 6), (7, 7), (5, 5), (0, 2), (2, 4), (4, 7), (1, 1), (6, 5), (6, 1), (3, 7), (0, 0), (6, 6), (2, 7), (1, 1), (0, 0), (2, 2), (0, 1), (1, 7), (3, 1), (2, 2), (5, 4), (5, 1), (6, 6), (4, 4), (3, 6), (6, 7)]","['is_person', 'is_person', 'is_person', 'is_person', 'is_person', 'is_person', 'is_person', 'is_place', 'is_male', 'living_in_same_place', 'living_in_same_place', 'living_in', 'is_underage', 'living_in_same_place', 'living_in_same_place', 'living_in', 'is_male', 'no_sons', 'living_in', 'is_male', 'is_underage', 'is_female', 'living_in_same_place', 'living_in', 'child_in_law_of', 'is_underage', 'living_in_same_place', 'living_in_same_place', 'no_sisters', 'no_sons', 'living_in_same_place', 'living_in']","(3, 5)",['living_in_same_place'],34
"[(0, 0), (1, 1), (2, 2), (3, 3), (4, 4), (5, 5), (6, 6), (7, 7), (5, 5), (0, 2), (2, 4), (4, 7), (1, 1), (6, 5), (6, 1), (3, 7), (0, 0), (6, 6), (2, 7), (1, 1), (0, 0), (2, 2), (0, 1), (1, 7), (3, 1), (2, 2), (5, 4), (5, 1), (6, 6), (4, 4), (3, 6), (6, 7)]","['is_person', 'is_person', 'is_person', 'is_person', 'is_person', 'is_person', 'is_person', 'is_place', 'is_male', 'living_in_same_place', 'living_in_same_place', 'living_in', 'is_underage', 'living_in_same_place', 'living_in_same_place', 'living_in', 'is_male', 'no_sons', 'living_in', 'is_male', 'is_underage', 'is_female', 'living_in_same_place', 'living_in', 'child_in_law_of', 'is_underage', 'living_in_same_place', 'living_in_same_place', 'no_sisters', 'no_sons', 'living_in_same_place', 'living_in']","(2, 5)",['living_in_same_place'],34
"[(0, 0), (1, 1), (2, 2), (3, 3), (4, 4), (5, 5), (6, 6), (7, 7), (5, 5), (0, 2), (2, 4), (4, 7), (1, 1), (6, 5), (6, 1), (3, 7), (0, 0), (6, 6), (2, 7), (1, 1), (0, 0), (2, 2), (0, 1), (1, 7), (3, 1), (2, 2), (5, 4), (5, 1), (6, 6), (4, 4), (3, 6), (6, 7)]","['is_person', 'is_person', 'is_person', 'is_person', 'is_person', 'is_person', 'is_person', 'is_place', 'is_male', 'living_in_same_place', 'living_in_same_place', 'living_in', 'is_underage', 'living_in_same_place', 'living_in_same_place', 'living_in', 'is_male', 'no_sons', 'living_in', 'is_male', 'is_underage', 'is_female', 'living_in_same_place', 'living_in', 'child_in_law_of', 'is_underage', 'living_in_same_place', 'living_in_same_place', 'no_sisters', 'no_sons', 'living_in_same_place', 'living_in']","(5, 3)",['living_in_same_place'],34
"[(0, 0), (1, 1), (2, 2), (3, 3), (4, 4), (5, 5), (6, 6), (7, 7), (5, 5), (0, 2), (2, 4), (4, 7), (1, 1), (6, 5), (6, 1), (3, 7), (0, 0), (6, 6), (2, 7), (1, 1), (0, 0), (2, 2), (0, 1), (1, 7), (3, 1), (2, 2), (5, 4), (5, 1), (6, 6), (4, 4), (3, 6), (6, 7)]","['is_person', 'is_person', 'is_person', 'is_person', 'is_person', 'is_person', 'is_person', 'is_place', 'is_male', 'living_in_same_place', 'living_in_same_place', 'living_in', 'is_underage', 'living_in_same_place', 'living_in_same_place', 'living_in', 'is_male', 'no_sons', 'living_in', 'is_male', 'is_underage', 'is_female', 'living_in_same_place', 'living_in', 'child_in_law_of', 'is_underage', 'living_in_same_place', 'living_in_same_place', 'no_sisters', 'no_sons', 'living_in_same_place', 'living_in']","(6, 2)",['living_in_same_place'],34
"[(0, 0), (1, 1), (2, 2), (3, 3), (4, 4), (5, 5), (6, 6), (7, 7), (5, 5), (0, 2), (2, 4), (4, 7), (1, 1), (6, 5), (6, 1), (3, 7), (0, 0), (6, 6), (2, 7), (1, 1), (0, 0), (2, 2), (0, 1), (1, 7), (3, 1), (2, 2), (5, 4), (5, 1), (6, 6), (4, 4), (3, 6), (6, 7)]","['is_person', 'is_person', 'is_person', 'is_person', 'is_person', 'is_person', 'is_person', 'is_place', 'is_male', 'living_in_same_place', 'living_in_same_place', 'living_in', 'is_underage', 'living_in_same_place', 'living_in_same_place', 'living_in', 'is_male', 'no_sons', 'living_in', 'is_male', 'is_underage', 'is_female', 'living_in_same_place', 'living_in', 'child_in_law_of', 'is_underage', 'living_in_same_place', 'living_in_same_place', 'no_sisters', 'no_sons', 'living_in_same_place', 'living_in']","(4, 6)",['living_in_same_place'],34
"[(0, 0), (1, 1), (2, 2), (3, 3), (4, 4), (5, 5), (6, 6), (7, 7), (5, 5), (0, 2), (2, 4), (4, 7), (1, 1), (6, 5), (6, 1), (3, 7), (0, 0), (6, 6), (2, 7), (1, 1), (0, 0), (2, 2), (0, 1), (1, 7), (3, 1), (2, 2), (5, 4), (5, 1), (6, 6), (4, 4), (3, 6), (6, 7)]","['is_person', 'is_person', 'is_person', 'is_person', 'is_person', 'is_person', 'is_person', 'is_place', 'is_male', 'living_in_same_place', 'living_in_same_place', 'living_in', 'is_underage', 'living_in_same_place', 'living_in_same_place', 'living_in', 'is_male', 'no_sons', 'living_in', 'is_male', 'is_underage', 'is_female', 'living_in_same_place', 'living_in', 'child_in_law_of', 'is_underage', 'living_in_same_place', 'living_in_same_place', 'no_sisters', 'no_sons', 'living_in_same_place', 'living_in']","(3, 4)",['living_in_same_place'],34
"[(0, 0), (1, 1), (2, 2), (3, 3), (4, 4), (5, 5), (6, 6), (7, 7), (5, 5), (0, 2), (2, 4), (4, 7), (1, 1), (6, 5), (6, 1), (3, 7), (0, 0), (6, 6), (2, 7), (1, 1), (0, 0), (2, 2), (0, 1), (1, 7), (3, 1), (2, 2), (5, 4), (5, 1), (6, 6), (4, 4), (3, 6), (6, 7)]","['is_person', 'is_person', 'is_person', 'is_person', 'is_person', 'is_person', 'is_person', 'is_place', 'is_male', 'living_in_same_place', 'living_in_same_place', 'living_in', 'is_underage', 'living_in_same_place', 'living_in_same_place', 'living_in', 'is_male', 'no_sons', 'living_in', 'is_male', 'is_underage', 'is_female', 'living_in_same_place', 'living_in', 'child_in_law_of', 'is_underage', 'living_in_same_place', 'living_in_same_place', 'no_sisters', 'no_sons', 'living_in_same_place', 'living_in']","(0, 5)",['living_in_same_place'],34
"[(0, 0), (1, 1), (2, 2), (3, 3), (4, 4), (5, 5), (6, 6), (7, 7), (5, 5), (0, 2), (2, 4), (4, 7), (1, 1), (6, 5), (6, 1), (3, 7), (0, 0), (6, 6), (2, 7), (1, 1), (0, 0), (2, 2), (0, 1), (1, 7), (3, 1), (2, 2), (5, 4), (5, 1), (6, 6), (4, 4), (3, 6), (6, 7)]","['is_person', 'is_person', 'is_person', 'is_person', 'is_person', 'is_person', 'is_person', 'is_place', 'is_male', 'living_in_same_place', 'living_in_same_place', 'living_in', 'is_underage', 'living_in_same_place', 'living_in_same_place', 'living_in', 'is_male', 'no_sons', 'living_in', 'is_male', 'is_underage', 'is_female', 'living_in_same_place', 'living_in', 'child_in_law_of', 'is_underage', 'living_in_same_place', 'living_in_same_place', 'no_sisters', 'no_sons', 'living_in_same_place', 'living_in']","(0, 3)",['living_in_same_place'],34
"[(0, 0), (1, 1), (2, 2), (3, 3), (4, 4), (5, 5), (6, 6), (7, 7), (5, 5), (0, 2), (2, 4), (4, 7), (1, 1), (6, 5), (6, 1), (3, 7), (0, 0), (6, 6), (2, 7), (1, 1), (0, 0), (2, 2), (0, 1), (1, 7), (3, 1), (2, 2), (5, 4), (5, 1), (6, 6), (4, 4), (3, 6), (6, 7)]","['is_person', 'is_person', 'is_person', 'is_person', 'is_person', 'is_person', 'is_person', 'is_place', 'is_male', 'living_in_same_place', 'living_in_same_place', 'living_in', 'is_underage', 'living_in_same_place', 'living_in_same_place', 'living_in', 'is_male', 'no_sons', 'living_in', 'is_male', 'is_underage', 'is_female', 'living_in_same_place', 'living_in', 'child_in_law_of', 'is_underage', 'living_in_same_place', 'living_in_same_place', 'no_sisters', 'no_sons', 'living_in_same_place', 'living_in']","(0, 7)",['living_in'],34
"[(0, 0), (1, 1), (2, 2), (3, 3), (4, 4), (5, 5), (6, 6), (7, 7), (5, 5), (0, 2), (2, 4), (4, 7), (1, 1), (6, 5), (6, 1), (3, 7), (0, 0), (6, 6), (2, 7), (1, 1), (0, 0), (2, 2), (0, 1), (1, 7), (3, 1), (2, 2), (5, 4), (5, 1), (6, 6), (4, 4), (3, 6), (6, 7)]","['is_person', 'is_person', 'is_person', 'is_person', 'is_person', 'is_person', 'is_person', 'is_place', 'is_male', 'living_in_same_place', 'living_in_same_place', 'living_in', 'is_underage', 'living_in_same_place', 'living_in_same_place', 'living_in', 'is_male', 'no_sons', 'living_in', 'is_male', 'is_underage', 'is_female', 'living_in_same_place', 'living_in', 'child_in_law_of', 'is_underage', 'living_in_same_place', 'living_in_same_place', 'no_sisters', 'no_sons', 'living_in_same_place', 'living_in']","(3, 1)","['child_in_law_of', 'living_in_same_place']",34
"[(0, 0), (1, 1), (2, 2), (3, 3), (4, 4), (5, 5), (6, 6), (7, 7), (5, 5), (0, 2), (2, 4), (4, 7), (1, 1), (6, 5), (6, 1), (3, 7), (0, 0), (6, 6), (2, 7), (1, 1), (0, 0), (2, 2), (0, 1), (1, 7), (3, 1), (2, 2), (5, 4), (5, 1), (6, 6), (4, 4), (3, 6), (6, 7)]","['is_person', 'is_person', 'is_person', 'is_person', 'is_person', 'is_person', 'is_person', 'is_place', 'is_male', 'living_in_same_place', 'living_in_same_place', 'living_in', 'is_underage', 'living_in_same_place', 'living_in_same_place', 'living_in', 'is_male', 'no_sons', 'living_in', 'is_male', 'is_underage', 'is_female', 'living_in_same_place', 'living_in', 'child_in_law_of', 'is_underage', 'living_in_same_place', 'living_in_same_place', 'no_sisters', 'no_sons', 'living_in_same_place', 'living_in']","(0, 6)",['living_in_same_place'],34
"[(0, 0), (1, 1), (2, 2), (3, 3), (4, 4), (5, 5), (6, 6), (7, 7), (5, 5), (0, 2), (2, 4), (4, 7), (1, 1), (6, 5), (6, 1), (3, 7), (0, 0), (6, 6), (2, 7), (1, 1), (0, 0), (2, 2), (0, 1), (1, 7), (3, 1), (2, 2), (5, 4), (5, 1), (6, 6), (4, 4), (3, 6), (6, 7)]","['is_person', 'is_person', 'is_person', 'is_person', 'is_person', 'is_person', 'is_person', 'is_place', 'is_male', 'living_in_same_place', 'living_in_same_place', 'living_in', 'is_underage', 'living_in_same_place', 'living_in_same_place', 'living_in', 'is_male', 'no_sons', 'living_in', 'is_male', 'is_underage', 'is_female', 'living_in_same_place', 'living_in', 'child_in_law_of', 'is_underage', 'living_in_same_place', 'living_in_same_place', 'no_sisters', 'no_sons', 'living_in_same_place', 'living_in']","(0, 4)",['living_in_same_place'],34
"[(0, 0), (1, 1), (2, 2), (3, 3), (4, 4), (5, 5), (6, 6), (7, 7), (5, 5), (0, 2), (2, 4), (4, 7), (1, 1), (6, 5), (6, 1), (3, 7), (0, 0), (6, 6), (2, 7), (1, 1), (0, 0), (2, 2), (0, 1), (1, 7), (3, 1), (2, 2), (5, 4), (5, 1), (6, 6), (4, 4), (3, 6), (6, 7)]","['is_person', 'is_person', 'is_person', 'is_person', 'is_person', 'is_person', 'is_person', 'is_place', 'is_male', 'living_in_same_place', 'living_in_same_place', 'living_in', 'is_underage', 'living_in_same_place', 'living_in_same_place', 'living_in', 'is_male', 'no_sons', 'living_in', 'is_male', 'is_underage', 'is_female', 'living_in_same_place', 'living_in', 'child_in_law_of', 'is_underage', 'living_in_same_place', 'living_in_same_place', 'no_sisters', 'no_sons', 'living_in_same_place', 'living_in']","(1, 5)",['living_in_same_place'],34
"[(0, 0), (1, 1), (2, 2), (3, 3), (4, 4), (5, 5), (6, 6), (7, 7), (5, 5), (0, 2), (2, 4), (4, 7), (1, 1), (6, 5), (6, 1), (3, 7), (0, 0), (6, 6), (2, 7), (1, 1), (0, 0), (2, 2), (0, 1), (1, 7), (3, 1), (2, 2), (5, 4), (5, 1), (6, 6), (4, 4), (3, 6), (6, 7)]","['is_person', 'is_person', 'is_person', 'is_person', 'is_person', 'is_person', 'is_person', 'is_place', 'is_male', 'living_in_same_place', 'living_in_same_place', 'living_in', 'is_underage', 'living_in_same_place', 'living_in_same_place', 'living_in', 'is_male', 'no_sons', 'living_in', 'is_male', 'is_underage', 'is_female', 'living_in_same_place', 'living_in', 'child_in_law_of', 'is_underage', 'living_in_same_place', 'living_in_same_place', 'no_sisters', 'no_sons', 'living_in_same_place', 'living_in']","(2, 1)",['living_in_same_place'],34
"[(0, 0), (1, 1), (2, 2), (3, 3), (4, 4), (5, 5), (6, 6), (7, 7), (5, 5), (0, 2), (2, 4), (4, 7), (1, 1), (6, 5), (6, 1), (3, 7), (0, 0), (6, 6), (2, 7), (1, 1), (0, 0), (2, 2), (0, 1), (1, 7), (3, 1), (2, 2), (5, 4), (5, 1), (6, 6), (4, 4), (3, 6), (6, 7)]","['is_person', 'is_person', 'is_person', 'is_person', 'is_person', 'is_person', 'is_person', 'is_place', 'is_male', 'living_in_same_place', 'living_in_same_place', 'living_in', 'is_underage', 'living_in_same_place', 'living_in_same_place', 'living_in', 'is_male', 'no_sons', 'living_in', 'is_male', 'is_underage', 'is_female', 'living_in_same_place', 'living_in', 'child_in_law_of', 'is_underage', 'living_in_same_place', 'living_in_same_place', 'no_sisters', 'no_sons', 'living_in_same_place', 'living_in']","(1, 3)","['living_in_same_place', 'parent_in_law_of', 'father_in_law_of']",34
"[(0, 0), (1, 1), (2, 2), (3, 3), (4, 4), (5, 5), (6, 6), (7, 7), (5, 5), (0, 2), (2, 4), (4, 7), (1, 1), (6, 5), (6, 1), (3, 7), (0, 0), (6, 6), (2, 7), (1, 1), (0, 0), (2, 2), (0, 1), (1, 7), (3, 1), (2, 2), (5, 4), (5, 1), (6, 6), (4, 4), (3, 6), (6, 7)]","['is_person', 'is_person', 'is_person', 'is_person', 'is_person', 'is_person', 'is_person', 'is_place', 'is_male', 'living_in_same_place', 'living_in_same_place', 'living_in', 'is_underage', 'living_in_same_place', 'living_in_same_place', 'living_in', 'is_male', 'no_sons', 'living_in', 'is_male', 'is_underage', 'is_female', 'living_in_same_place', 'living_in', 'child_in_law_of', 'is_underage', 'living_in_same_place', 'living_in_same_place', 'no_sisters', 'no_sons', 'living_in_same_place', 'living_in']","(6, 0)",['living_in_same_place'],34
"[(0, 0), (1, 1), (2, 2), (3, 3), (4, 4), (5, 5), (6, 6), (7, 7), (5, 5), (0, 2), (2, 4), (4, 7), (1, 1), (6, 5), (6, 1), (3, 7), (0, 0), (6, 6), (2, 7), (1, 1), (0, 0), (2, 2), (0, 1), (1, 7), (3, 1), (2, 2), (5, 4), (5, 1), (6, 6), (4, 4), (3, 6), (6, 7)]","['is_person', 'is_person', 'is_person', 'is_person', 'is_person', 'is_person', 'is_person', 'is_place', 'is_male', 'living_in_same_place', 'living_in_same_place', 'living_in', 'is_underage', 'living_in_same_place', 'living_in_same_place', 'living_in', 'is_male', 'no_sons', 'living_in', 'is_male', 'is_underage', 'is_female', 'living_in_same_place', 'living_in', 'child_in_law_of', 'is_underage', 'living_in_same_place', 'living_in_same_place', 'no_sisters', 'no_sons', 'living_in_same_place', 'living_in']","(5, 7)",['living_in'],34
"[(0, 0), (1, 1), (2, 2), (3, 3), (4, 4), (5, 5), (6, 6), (7, 7), (5, 5), (0, 2), (2, 4), (4, 7), (1, 1), (6, 5), (6, 1), (3, 7), (0, 0), (6, 6), (2, 7), (1, 1), (0, 0), (2, 2), (0, 1), (1, 7), (3, 1), (2, 2), (5, 4), (5, 1), (6, 6), (4, 4), (3, 6), (6, 7)]","['is_person', 'is_person', 'is_person', 'is_person', 'is_person', 'is_person', 'is_person', 'is_place', 'is_male', 'living_in_same_place', 'living_in_same_place', 'living_in', 'is_underage', 'living_in_same_place', 'living_in_same_place', 'living_in', 'is_male', 'no_sons', 'living_in', 'is_male', 'is_underage', 'is_female', 'living_in_same_place', 'living_in', 'child_in_law_of', 'is_underage', 'living_in_same_place', 'living_in_same_place', 'no_sisters', 'no_sons', 'living_in_same_place', 'living_in']","(5, 2)",['living_in_same_place'],34
"[(0, 0), (1, 1), (2, 2), (3, 3), (4, 4), (5, 5), (6, 6), (7, 7), (5, 5), (0, 2), (2, 4), (4, 7), (1, 1), (6, 5), (6, 1), (3, 7), (0, 0), (6, 6), (2, 7), (1, 1), (0, 0), (2, 2), (0, 1), (1, 7), (3, 1), (2, 2), (5, 4), (5, 1), (6, 6), (4, 4), (3, 6), (6, 7)]","['is_person', 'is_person', 'is_person', 'is_person', 'is_person', 'is_person', 'is_person', 'is_place', 'is_male', 'living_in_same_place', 'living_in_same_place', 'living_in', 'is_underage', 'living_in_same_place', 'living_in_same_place', 'living_in', 'is_male', 'no_sons', 'living_in', 'is_male', 'is_underage', 'is_female', 'living_in_same_place', 'living_in', 'child_in_law_of', 'is_underage', 'living_in_same_place', 'living_in_same_place', 'no_sisters', 'no_sons', 'living_in_same_place', 'living_in']","(4, 0)",['living_in_same_place'],34
"[(0, 0), (1, 1), (2, 2), (3, 3), (4, 4), (5, 5), (6, 6), (7, 7), (5, 5), (0, 2), (2, 4), (4, 7), (1, 1), (6, 5), (6, 1), (3, 7), (0, 0), (6, 6), (2, 7), (1, 1), (0, 0), (2, 2), (0, 1), (1, 7), (3, 1), (2, 2), (5, 4), (5, 1), (6, 6), (4, 4), (3, 6), (6, 7)]","['is_person', 'is_person', 'is_person', 'is_person', 'is_person', 'is_person', 'is_person', 'is_place', 'is_male', 'living_in_same_place', 'living_in_same_place', 'living_in', 'is_underage', 'living_in_same_place', 'living_in_same_place', 'living_in', 'is_male', 'no_sons', 'living_in', 'is_male', 'is_underage', 'is_female', 'living_in_same_place', 'living_in', 'child_in_law_of', 'is_underage', 'living_in_same_place', 'living_in_same_place', 'no_sisters', 'no_sons', 'living_in_same_place', 'living_in']","(1, 0)",['living_in_same_place'],34
"[(0, 0), (1, 1), (2, 2), (3, 3), (4, 4), (5, 5), (6, 6), (7, 7), (5, 5), (0, 2), (2, 4), (4, 7), (1, 1), (6, 5), (6, 1), (3, 7), (0, 0), (6, 6), (2, 7), (1, 1), (0, 0), (2, 2), (0, 1), (1, 7), (3, 1), (2, 2), (5, 4), (5, 1), (6, 6), (4, 4), (3, 6), (6, 7)]","['is_person', 'is_person', 'is_person', 'is_person', 'is_person', 'is_person', 'is_person', 'is_place', 'is_male', 'living_in_same_place', 'living_in_same_place', 'living_in', 'is_underage', 'living_in_same_place', 'living_in_same_place', 'living_in', 'is_male', 'no_sons', 'living_in', 'is_male', 'is_underage', 'is_female', 'living_in_same_place', 'living_in', 'child_in_law_of', 'is_underage', 'living_in_same_place', 'living_in_same_place', 'no_sisters', 'no_sons', 'living_in_same_place', 'living_in']","(4, 3)",['living_in_same_place'],34
"[(0, 0), (1, 1), (2, 2), (3, 3), (4, 4), (5, 5), (6, 6), (7, 7), (5, 5), (0, 2), (2, 4), (4, 7), (1, 1), (6, 5), (6, 1), (3, 7), (0, 0), (6, 6), (2, 7), (1, 1), (0, 0), (2, 2), (0, 1), (1, 7), (3, 1), (2, 2), (5, 4), (5, 1), (6, 6), (4, 4), (3, 6), (6, 7)]","['is_person', 'is_person', 'is_person', 'is_person', 'is_person', 'is_person', 'is_person', 'is_place', 'is_male', 'living_in_same_place', 'living_in_same_place', 'living_in', 'is_underage', 'living_in_same_place', 'living_in_same_place', 'living_in', 'is_male', 'no_sons', 'living_in', 'is_male', 'is_underage', 'is_female', 'living_in_same_place', 'living_in', 'child_in_law_of', 'is_underage', 'living_in_same_place', 'living_in_same_place', 'no_sisters', 'no_sons', 'living_in_same_place', 'living_in']","(6, 3)",['living_in_same_place'],34
"[(0, 0), (1, 1), (2, 2), (3, 3), (4, 4), (5, 5), (6, 6), (7, 7), (5, 5), (0, 2), (2, 4), (4, 7), (1, 1), (6, 5), (6, 1), (3, 7), (0, 0), (6, 6), (2, 7), (1, 1), (0, 0), (2, 2), (0, 1), (1, 7), (3, 1), (2, 2), (5, 4), (5, 1), (6, 6), (4, 4), (3, 6), (6, 7)]","['is_person', 'is_person', 'is_person', 'is_person', 'is_person', 'is_person', 'is_person', 'is_place', 'is_male', 'living_in_same_place', 'living_in_same_place', 'living_in', 'is_underage', 'living_in_same_place', 'living_in_same_place', 'living_in', 'is_male', 'no_sons', 'living_in', 'is_male', 'is_underage', 'is_female', 'living_in_same_place', 'living_in', 'child_in_law_of', 'is_underage', 'living_in_same_place', 'living_in_same_place', 'no_sisters', 'no_sons', 'living_in_same_place', 'living_in']","(2, 3)",['living_in_same_place'],34
"[(0, 0), (1, 1), (2, 2), (3, 3), (4, 4), (5, 5), (6, 6), (7, 7), (5, 5), (0, 2), (2, 4), (4, 7), (1, 1), (6, 5), (6, 1), (3, 7), (0, 0), (6, 6), (2, 7), (1, 1), (0, 0), (2, 2), (0, 1), (1, 7), (3, 1), (2, 2), (5, 4), (5, 1), (6, 6), (4, 4), (3, 6), (6, 7)]","['is_person', 'is_person', 'is_person', 'is_person', 'is_person', 'is_person', 'is_person', 'is_place', 'is_male', 'living_in_same_place', 'living_in_same_place', 'living_in', 'is_underage', 'living_in_same_place', 'living_in_same_place', 'living_in', 'is_male', 'no_sons', 'living_in', 'is_male', 'is_underage', 'is_female', 'living_in_same_place', 'living_in', 'child_in_law_of', 'is_underage', 'living_in_same_place', 'living_in_same_place', 'no_sisters', 'no_sons', 'living_in_same_place', 'living_in']","(2, 6)",['living_in_same_place'],34
"[(0, 0), (1, 1), (2, 2), (3, 3), (4, 4), (5, 5), (6, 6), (7, 7), (5, 5), (0, 2), (2, 4), (4, 7), (1, 1), (6, 5), (6, 1), (3, 7), (0, 0), (6, 6), (2, 7), (1, 1), (0, 0), (2, 2), (0, 1), (1, 7), (3, 1), (2, 2), (5, 4), (5, 1), (6, 6), (4, 4), (3, 6), (6, 7)]","['is_person', 'is_person', 'is_person', 'is_person', 'is_person', 'is_person', 'is_person', 'is_place', 'is_male', 'living_in_same_place', 'living_in_same_place', 'living_in', 'is_underage', 'living_in_same_place', 'living_in_same_place', 'living_in', 'is_male', 'no_sons', 'living_in', 'is_male', 'is_underage', 'is_female', 'living_in_same_place', 'living_in', 'child_in_law_of', 'is_underage', 'living_in_same_place', 'living_in_same_place', 'no_sisters', 'no_sons', 'living_in_same_place', 'living_in']","(1, 2)",['living_in_same_place'],34
"[(0, 0), (1, 1), (2, 2), (3, 3), (4, 4), (5, 5), (6, 6), (7, 7), (5, 5), (0, 2), (2, 4), (4, 7), (1, 1), (6, 5), (6, 1), (3, 7), (0, 0), (6, 6), (2, 7), (1, 1), (0, 0), (2, 2), (0, 1), (1, 7), (3, 1), (2, 2), (5, 4), (5, 1), (6, 6), (4, 4), (3, 6), (6, 7)]","['is_person', 'is_person', 'is_person', 'is_person', 'is_person', 'is_person', 'is_person', 'is_place', 'is_male', 'living_in_same_place', 'living_in_same_place', 'living_in', 'is_underage', 'living_in_same_place', 'living_in_same_place', 'living_in', 'is_male', 'no_sons', 'living_in', 'is_male', 'is_underage', 'is_female', 'living_in_same_place', 'living_in', 'child_in_law_of', 'is_underage', 'living_in_same_place', 'living_in_same_place', 'no_sisters', 'no_sons', 'living_in_same_place', 'living_in']","(1, 6)",['living_in_same_place'],34
"[(0, 0), (1, 1), (2, 2), (3, 3), (4, 4), (5, 5), (6, 6), (7, 7), (5, 5), (0, 2), (2, 4), (4, 7), (1, 1), (6, 5), (6, 1), (3, 7), (0, 0), (6, 6), (2, 7), (1, 1), (0, 0), (2, 2), (0, 1), (1, 7), (3, 1), (2, 2), (5, 4), (5, 1), (6, 6), (4, 4), (3, 6), (6, 7)]","['is_person', 'is_person', 'is_person', 'is_person', 'is_person', 'is_person', 'is_person', 'is_place', 'is_male', 'living_in_same_place', 'living_in_same_place', 'living_in', 'is_underage', 'living_in_same_place', 'living_in_same_place', 'living_in', 'is_male', 'no_sons', 'living_in', 'is_male', 'is_underage', 'is_female', 'living_in_same_place', 'living_in', 'child_in_law_of', 'is_underage', 'living_in_same_place', 'living_in_same_place', 'no_sisters', 'no_sons', 'living_in_same_place', 'living_in']","(3, 0)",['living_in_same_place'],34
"[(0, 0), (1, 1), (2, 2), (3, 3), (4, 4), (5, 5), (6, 6), (7, 7), (5, 5), (0, 2), (2, 4), (4, 7), (1, 1), (6, 5), (6, 1), (3, 7), (0, 0), (6, 6), (2, 7), (1, 1), (0, 0), (2, 2), (0, 1), (1, 7), (3, 1), (2, 2), (5, 4), (5, 1), (6, 6), (4, 4), (3, 6), (6, 7)]","['is_person', 'is_person', 'is_person', 'is_person', 'is_person', 'is_person', 'is_person', 'is_place', 'is_male', 'living_in_same_place', 'living_in_same_place', 'living_in', 'is_underage', 'living_in_same_place', 'living_in_same_place', 'living_in', 'is_male', 'no_sons', 'living_in', 'is_male', 'is_underage', 'is_female', 'living_in_same_place', 'living_in', 'child_in_law_of', 'is_underage', 'living_in_same_place', 'living_in_same_place', 'no_sisters', 'no_sons', 'living_in_same_place', 'living_in']","(4, 1)",['living_in_same_place'],34
"[(0, 0), (1, 1), (2, 2), (3, 3), (4, 4), (5, 5), (6, 6), (7, 7), (3, 5), (3, 3), (3, 6), (3, 0), (0, 7), (2, 2), (2, 2), (1, 1), (5, 5), (1, 7), (6, 7), (3, 7), (2, 7), (4, 7), (6, 6), (5, 5), (5, 7), (5, 7), (2, 1), (5, 1), (3, 3)]","['is_person', 'is_person', 'is_person', 'is_person', 'is_person', 'is_person', 'is_person', 'is_place', 'maternal_uncle_of', 'no_sisters', 'child_in_law_of', 'living_in_same_place', 'living_in', 'is_underage', 'is_male', 'is_male', 'no_sisters', 'living_in', 'living_in', 'living_in', 'living_in', 'living_in', 'is_male', 'is_female', 'maternal_grandmother_of', 'living_in', 'living_in_same_place', 'living_in_same_place', 'is_male']","(3, 6)","['child_in_law_of', 'son_in_law_of']",35
"[(0, 0), (1, 1), (2, 2), (3, 3), (4, 4), (5, 5), (6, 6), (7, 7), (3, 5), (3, 3), (3, 6), (3, 0), (0, 7), (2, 2), (2, 2), (1, 1), (5, 5), (1, 7), (6, 7), (3, 7), (2, 7), (4, 7), (6, 6), (5, 5), (5, 7), (5, 7), (2, 1), (5, 1), (3, 3)]","['is_person', 'is_person', 'is_person', 'is_person', 'is_person', 'is_person', 'is_person', 'is_place', 'maternal_uncle_of', 'no_sisters', 'child_in_law_of', 'living_in_same_place', 'living_in', 'is_underage', 'is_male', 'is_male', 'no_sisters', 'living_in', 'living_in', 'living_in', 'living_in', 'living_in', 'is_male', 'is_female', 'maternal_grandmother_of', 'living_in', 'living_in_same_place', 'living_in_same_place', 'is_male']","(6, 3)","['father_in_law_of', 'parent_in_law_of']",35
"[(0, 0), (1, 1), (2, 2), (3, 3), (4, 4), (5, 5), (6, 6), (7, 7), (3, 5), (3, 3), (3, 6), (3, 0), (0, 7), (2, 2), (2, 2), (1, 1), (5, 5), (1, 7), (6, 7), (3, 7), (2, 7), (4, 7), (6, 6), (5, 5), (5, 7), (5, 7), (2, 1), (5, 1), (3, 3)]","['is_person', 'is_person', 'is_person', 'is_person', 'is_person', 'is_person', 'is_person', 'is_place', 'maternal_uncle_of', 'no_sisters', 'child_in_law_of', 'living_in_same_place', 'living_in', 'is_underage', 'is_male', 'is_male', 'no_sisters', 'living_in', 'living_in', 'living_in', 'living_in', 'living_in', 'is_male', 'is_female', 'maternal_grandmother_of', 'living_in', 'living_in_same_place', 'living_in_same_place', 'is_male']","(1, 5)",['living_in_same_place'],35
"[(0, 0), (1, 1), (2, 2), (3, 3), (4, 4), (5, 5), (6, 6), (7, 7), (3, 5), (3, 3), (3, 6), (3, 0), (0, 7), (2, 2), (2, 2), (1, 1), (5, 5), (1, 7), (6, 7), (3, 7), (2, 7), (4, 7), (6, 6), (5, 5), (5, 7), (5, 7), (2, 1), (5, 1), (3, 3)]","['is_person', 'is_person', 'is_person', 'is_person', 'is_person', 'is_person', 'is_person', 'is_place', 'maternal_uncle_of', 'no_sisters', 'child_in_law_of', 'living_in_same_place', 'living_in', 'is_underage', 'is_male', 'is_male', 'no_sisters', 'living_in', 'living_in', 'living_in', 'living_in', 'living_in', 'is_male', 'is_female', 'maternal_grandmother_of', 'living_in', 'living_in_same_place', 'living_in_same_place', 'is_male']","(2, 5)",['living_in_same_place'],35
"[(0, 0), (1, 1), (2, 2), (3, 3), (4, 4), (5, 5), (6, 6), (7, 7), (3, 5), (3, 3), (3, 6), (3, 0), (0, 7), (2, 2), (2, 2), (1, 1), (5, 5), (1, 7), (6, 7), (3, 7), (2, 7), (4, 7), (6, 6), (5, 5), (5, 7), (5, 7), (2, 1), (5, 1), (3, 3)]","['is_person', 'is_person', 'is_person', 'is_person', 'is_person', 'is_person', 'is_person', 'is_place', 'maternal_uncle_of', 'no_sisters', 'child_in_law_of', 'living_in_same_place', 'living_in', 'is_underage', 'is_male', 'is_male', 'no_sisters', 'living_in', 'living_in', 'living_in', 'living_in', 'living_in', 'is_male', 'is_female', 'maternal_grandmother_of', 'living_in', 'living_in_same_place', 'living_in_same_place', 'is_male']","(0, 3)",['living_in_same_place'],35
"[(0, 0), (1, 1), (2, 2), (3, 3), (4, 4), (5, 5), (6, 6), (7, 7), (3, 5), (3, 3), (3, 6), (3, 0), (0, 7), (2, 2), (2, 2), (1, 1), (5, 5), (1, 7), (6, 7), (3, 7), (2, 7), (4, 7), (6, 6), (5, 5), (5, 7), (5, 7), (2, 1), (5, 1), (3, 3)]","['is_person', 'is_person', 'is_person', 'is_person', 'is_person', 'is_person', 'is_person', 'is_place', 'maternal_uncle_of', 'no_sisters', 'child_in_law_of', 'living_in_same_place', 'living_in', 'is_underage', 'is_male', 'is_male', 'no_sisters', 'living_in', 'living_in', 'living_in', 'living_in', 'living_in', 'is_male', 'is_female', 'maternal_grandmother_of', 'living_in', 'living_in_same_place', 'living_in_same_place', 'is_male']","(5, 2)",['living_in_same_place'],35
"[(0, 0), (1, 1), (2, 2), (3, 3), (4, 4), (5, 5), (6, 6), (7, 7), (3, 5), (3, 3), (3, 6), (3, 0), (0, 7), (2, 2), (2, 2), (1, 1), (5, 5), (1, 7), (6, 7), (3, 7), (2, 7), (4, 7), (6, 6), (5, 5), (5, 7), (5, 7), (2, 1), (5, 1), (3, 3)]","['is_person', 'is_person', 'is_person', 'is_person', 'is_person', 'is_person', 'is_person', 'is_place', 'maternal_uncle_of', 'no_sisters', 'child_in_law_of', 'living_in_same_place', 'living_in', 'is_underage', 'is_male', 'is_male', 'no_sisters', 'living_in', 'living_in', 'living_in', 'living_in', 'living_in', 'is_male', 'is_female', 'maternal_grandmother_of', 'living_in', 'living_in_same_place', 'living_in_same_place', 'is_male']","(1, 2)",['living_in_same_place'],35
"[(0, 0), (1, 1), (2, 2), (3, 3), (4, 4), (2, 2), (0, 1), (3, 4), (2, 2), (0, 0), (2, 4), (1, 1), (0, 4), (2, 2), (3, 0), (1, 4), (1, 1), (0, 2), (0, 0)]","['is_person', 'is_person', 'is_person', 'is_person', 'is_place', 'is_female', 'living_in_same_place', 'living_in', 'no_daughters', 'is_male', 'living_in', 'is_underage', 'living_in', 'is_underage', 'aunt_of', 'living_in', 'no_sisters', 'living_in_same_place', 'is_underage']","(3, 3)",['is_female'],36
"[(0, 0), (1, 1), (2, 2), (3, 3), (4, 4), (2, 2), (0, 1), (3, 4), (2, 2), (0, 0), (2, 4), (1, 1), (0, 4), (2, 2), (3, 0), (1, 4), (1, 1), (0, 2), (0, 0)]","['is_person', 'is_person', 'is_person', 'is_person', 'is_place', 'is_female', 'living_in_same_place', 'living_in', 'no_daughters', 'is_male', 'living_in', 'is_underage', 'living_in', 'is_underage', 'aunt_of', 'living_in', 'no_sisters', 'living_in_same_place', 'is_underage']","(0, 3)","['nephew_of', 'nibling_of']",36
"[(0, 0), (1, 1), (2, 2), (3, 3), (4, 4), (2, 2), (0, 1), (3, 4), (2, 2), (0, 0), (2, 4), (1, 1), (0, 4), (2, 2), (3, 0), (1, 4), (1, 1), (0, 2), (0, 0)]","['is_person', 'is_person', 'is_person', 'is_person', 'is_place', 'is_female', 'living_in_same_place', 'living_in', 'no_daughters', 'is_male', 'living_in', 'is_underage', 'living_in', 'is_underage', 'aunt_of', 'living_in', 'no_sisters', 'living_in_same_place', 'is_underage']","(2, 1)",['living_in_same_place'],36
"[(0, 0), (1, 1), (2, 2), (3, 3), (4, 4), (2, 2), (0, 1), (3, 4), (2, 2), (0, 0), (2, 4), (1, 1), (0, 4), (2, 2), (3, 0), (1, 4), (1, 1), (0, 2), (0, 0)]","['is_person', 'is_person', 'is_person', 'is_person', 'is_place', 'is_female', 'living_in_same_place', 'living_in', 'no_daughters', 'is_male', 'living_in', 'is_underage', 'living_in', 'is_underage', 'aunt_of', 'living_in', 'no_sisters', 'living_in_same_place', 'is_underage']","(3, 0)","['aunt_of', 'aunt_or_uncle_of']",36
"[(0, 0), (1, 1), (2, 2), (3, 3), (4, 4), (2, 2), (0, 1), (3, 4), (2, 2), (0, 0), (2, 4), (1, 1), (0, 4), (2, 2), (3, 0), (1, 4), (1, 1), (0, 2), (0, 0)]","['is_person', 'is_person', 'is_person', 'is_person', 'is_place', 'is_female', 'living_in_same_place', 'living_in', 'no_daughters', 'is_male', 'living_in', 'is_underage', 'living_in', 'is_underage', 'aunt_of', 'living_in', 'no_sisters', 'living_in_same_place', 'is_underage']","(1, 2)",['living_in_same_place'],36
"[(0, 0), (1, 1), (2, 2), (3, 3), (4, 4), (2, 2), (0, 1), (3, 4), (2, 2), (0, 0), (2, 4), (1, 1), (0, 4), (2, 2), (3, 0), (1, 4), (1, 1), (0, 2), (0, 0)]","['is_person', 'is_person', 'is_person', 'is_person', 'is_place', 'is_female', 'living_in_same_place', 'living_in', 'no_daughters', 'is_male', 'living_in', 'is_underage', 'living_in', 'is_underage', 'aunt_of', 'living_in', 'no_sisters', 'living_in_same_place', 'is_underage']","(2, 0)",['living_in_same_place'],36
"[(0, 0), (1, 1), (2, 2), (3, 3), (4, 4), (2, 2), (0, 1), (3, 4), (2, 2), (0, 0), (2, 4), (1, 1), (0, 4), (2, 2), (3, 0), (1, 4), (1, 1), (0, 2), (0, 0)]","['is_person', 'is_person', 'is_person', 'is_person', 'is_place', 'is_female', 'living_in_same_place', 'living_in', 'no_daughters', 'is_male', 'living_in', 'is_underage', 'living_in', 'is_underage', 'aunt_of', 'living_in', 'no_sisters', 'living_in_same_place', 'is_underage']","(1, 0)",['living_in_same_place'],36
"[(0, 0), (1, 1), (2, 2), (3, 3), (4, 4), (3, 3), (0, 4), (1, 4), (0, 1), (2, 4), (1, 1), (1, 2), (1, 0), (3, 4), (1, 1), (1, 1), (2, 2), (0, 3), (3, 3), (0, 0)]","['is_person', 'is_person', 'is_person', 'is_person', 'is_place', 'is_female', 'living_in', 'living_in', 'living_in_same_place', 'living_in', 'is_male', 'living_in_same_place', 'living_in_same_place', 'living_in', 'is_underage', 'no_daughters', 'no_daughters', 'living_in_same_place', 'is_underage', 'no_brothers']","(3, 2)",['living_in_same_place'],37
"[(0, 0), (1, 1), (2, 2), (3, 3), (4, 4), (3, 3), (0, 4), (1, 4), (0, 1), (2, 4), (1, 1), (1, 2), (1, 0), (3, 4), (1, 1), (1, 1), (2, 2), (0, 3), (3, 3), (0, 0)]","['is_person', 'is_person', 'is_person', 'is_person', 'is_place', 'is_female', 'living_in', 'living_in', 'living_in_same_place', 'living_in', 'is_male', 'living_in_same_place', 'living_in_same_place', 'living_in', 'is_underage', 'no_daughters', 'no_daughters', 'living_in_same_place', 'is_underage', 'no_brothers']","(0, 2)",['living_in_same_place'],37
"[(0, 0), (1, 1), (2, 2), (3, 3), (4, 4), (3, 3), (0, 4), (1, 4), (0, 1), (2, 4), (1, 1), (1, 2), (1, 0), (3, 4), (1, 1), (1, 1), (2, 2), (0, 3), (3, 3), (0, 0)]","['is_person', 'is_person', 'is_person', 'is_person', 'is_place', 'is_female', 'living_in', 'living_in', 'living_in_same_place', 'living_in', 'is_male', 'living_in_same_place', 'living_in_same_place', 'living_in', 'is_underage', 'no_daughters', 'no_daughters', 'living_in_same_place', 'is_underage', 'no_brothers']","(2, 1)",['living_in_same_place'],37
"[(0, 0), (1, 1), (2, 2), (3, 3), (4, 4), (3, 3), (0, 4), (1, 4), (0, 1), (2, 4), (1, 1), (1, 2), (1, 0), (3, 4), (1, 1), (1, 1), (2, 2), (0, 3), (3, 3), (0, 0)]","['is_person', 'is_person', 'is_person', 'is_person', 'is_place', 'is_female', 'living_in', 'living_in', 'living_in_same_place', 'living_in', 'is_male', 'living_in_same_place', 'living_in_same_place', 'living_in', 'is_underage', 'no_daughters', 'no_daughters', 'living_in_same_place', 'is_underage', 'no_brothers']","(1, 3)",['living_in_same_place'],37
"[(0, 0), (1, 1), (2, 2), (3, 3), (4, 4), (3, 3), (0, 4), (1, 4), (0, 1), (2, 4), (1, 1), (1, 2), (1, 0), (3, 4), (1, 1), (1, 1), (2, 2), (0, 3), (3, 3), (0, 0)]","['is_person', 'is_person', 'is_person', 'is_person', 'is_place', 'is_female', 'living_in', 'living_in', 'living_in_same_place', 'living_in', 'is_male', 'living_in_same_place', 'living_in_same_place', 'living_in', 'is_underage', 'no_daughters', 'no_daughters', 'living_in_same_place', 'is_underage', 'no_brothers']","(2, 3)",['living_in_same_place'],37
"[(0, 0), (1, 1), (2, 2), (3, 3), (4, 4), (3, 3), (0, 4), (1, 4), (0, 1), (2, 4), (1, 1), (1, 2), (1, 0), (3, 4), (1, 1), (1, 1), (2, 2), (0, 3), (3, 3), (0, 0)]","['is_person', 'is_person', 'is_person', 'is_person', 'is_place', 'is_female', 'living_in', 'living_in', 'living_in_same_place', 'living_in', 'is_male', 'living_in_same_place', 'living_in_same_place', 'living_in', 'is_underage', 'no_daughters', 'no_daughters', 'living_in_same_place', 'is_underage', 'no_brothers']","(3, 1)",['living_in_same_place'],37
"[(0, 0), (1, 1), (2, 2), (3, 3), (4, 4), (3, 3), (0, 4), (1, 4), (0, 1), (2, 4), (1, 1), (1, 2), (1, 0), (3, 4), (1, 1), (1, 1), (2, 2), (0, 3), (3, 3), (0, 0)]","['is_person', 'is_person', 'is_person', 'is_person', 'is_place', 'is_female', 'living_in', 'living_in', 'living_in_same_place', 'living_in', 'is_male', 'living_in_same_place', 'living_in_same_place', 'living_in', 'is_underage', 'no_daughters', 'no_daughters', 'living_in_same_place', 'is_underage', 'no_brothers']","(2, 0)",['living_in_same_place'],37
"[(0, 0), (1, 1), (2, 2), (3, 3), (4, 4), (3, 3), (0, 4), (1, 4), (0, 1), (2, 4), (1, 1), (1, 2), (1, 0), (3, 4), (1, 1), (1, 1), (2, 2), (0, 3), (3, 3), (0, 0)]","['is_person', 'is_person', 'is_person', 'is_person', 'is_place', 'is_female', 'living_in', 'living_in', 'living_in_same_place', 'living_in', 'is_male', 'living_in_same_place', 'living_in_same_place', 'living_in', 'is_underage', 'no_daughters', 'no_daughters', 'living_in_same_place', 'is_underage', 'no_brothers']","(3, 0)",['living_in_same_place'],37
"[(0, 0), (1, 1), (2, 2), (3, 3), (4, 4), (1, 1), (0, 0), (3, 3), (2, 4), (3, 0), (0, 0), (3, 3), (0, 4), (1, 4), (1, 2), (2, 2), (2, 2)]","['is_person', 'is_person', 'is_person', 'is_person', 'is_place', 'is_female', 'is_underage', 'no_daughters', 'living_in', 'maternal_grandfather_of', 'is_female', 'is_underage', 'living_in', 'living_in', 'living_in_same_place', 'is_underage', 'no_brothers']","(2, 1)",['living_in_same_place'],38
"[(0, 0), (1, 1), (2, 2), (3, 3), (4, 4), (5, 5), (6, 6), (7, 7), (2, 7), (1, 1), (0, 7), (4, 1), (4, 2), (3, 6), (1, 1), (3, 3), (0, 5), (3, 3), (3, 3), (1, 2), (3, 3), (4, 4), (5, 7), (2, 2), (0, 0), (4, 7), (0, 5), (1, 1), (5, 0)]","['is_person', 'is_person', 'is_person', 'is_person', 'is_person', 'is_person', 'is_place', 'is_place', 'living_in', 'is_underage', 'living_in', 'living_in_same_place', 'living_in_same_place', 'living_in', 'no_sons', 'is_female', 'niece_of', 'no_sons', 'is_underage', 'living_in_same_place', 'no_sisters', 'is_female', 'living_in', 'is_underage', 'no_brothers', 'maternal_grandparent_of', 'living_in_same_place', 'no_brothers', 'living_in_same_place']","(0, 0)","['no_brothers', 'is_female']",39
"[(0, 0), (1, 1), (2, 2), (3, 3), (4, 4), (5, 5), (6, 6), (7, 7), (2, 7), (1, 1), (0, 7), (4, 1), (4, 2), (3, 6), (1, 1), (3, 3), (0, 5), (3, 3), (3, 3), (1, 2), (3, 3), (4, 4), (5, 7), (2, 2), (0, 0), (4, 7), (0, 5), (1, 1), (5, 0)]","['is_person', 'is_person', 'is_person', 'is_person', 'is_person', 'is_person', 'is_place', 'is_place', 'living_in', 'is_underage', 'living_in', 'living_in_same_place', 'living_in_same_place', 'living_in', 'no_sons', 'is_female', 'niece_of', 'no_sons', 'is_underage', 'living_in_same_place', 'no_sisters', 'is_female', 'living_in', 'is_underage', 'no_brothers', 'maternal_grandparent_of', 'living_in_same_place', 'no_brothers', 'living_in_same_place']","(2, 4)",['living_in_same_place'],39
"[(0, 0), (1, 1), (2, 2), (3, 3), (4, 4), (5, 5), (6, 6), (7, 7), (2, 7), (1, 1), (0, 7), (4, 1), (4, 2), (3, 6), (1, 1), (3, 3), (0, 5), (3, 3), (3, 3), (1, 2), (3, 3), (4, 4), (5, 7), (2, 2), (0, 0), (4, 7), (0, 5), (1, 1), (5, 0)]","['is_person', 'is_person', 'is_person', 'is_person', 'is_person', 'is_person', 'is_place', 'is_place', 'living_in', 'is_underage', 'living_in', 'living_in_same_place', 'living_in_same_place', 'living_in', 'no_sons', 'is_female', 'niece_of', 'no_sons', 'is_underage', 'living_in_same_place', 'no_sisters', 'is_female', 'living_in', 'is_underage', 'no_brothers', 'maternal_grandparent_of', 'living_in_same_place', 'no_brothers', 'living_in_same_place']","(0, 5)","['niece_of', 'living_in_same_place', 'nibling_of']",39
"[(0, 0), (1, 1), (2, 2), (3, 3), (4, 4), (5, 5), (6, 6), (7, 7), (2, 7), (1, 1), (0, 7), (4, 1), (4, 2), (3, 6), (1, 1), (3, 3), (0, 5), (3, 3), (3, 3), (1, 2), (3, 3), (4, 4), (5, 7), (2, 2), (0, 0), (4, 7), (0, 5), (1, 1), (5, 0)]","['is_person', 'is_person', 'is_person', 'is_person', 'is_person', 'is_person', 'is_place', 'is_place', 'living_in', 'is_underage', 'living_in', 'living_in_same_place', 'living_in_same_place', 'living_in', 'no_sons', 'is_female', 'niece_of', 'no_sons', 'is_underage', 'living_in_same_place', 'no_sisters', 'is_female', 'living_in', 'is_underage', 'no_brothers', 'maternal_grandparent_of', 'living_in_same_place', 'no_brothers', 'living_in_same_place']","(4, 6)",['Not_living_in'],39
"[(0, 0), (1, 1), (2, 2), (3, 3), (4, 4), (5, 5), (6, 6), (7, 7), (2, 7), (1, 1), (0, 7), (4, 1), (4, 2), (3, 6), (1, 1), (3, 3), (0, 5), (3, 3), (3, 3), (1, 2), (3, 3), (4, 4), (5, 7), (2, 2), (0, 0), (4, 7), (0, 5), (1, 1), (5, 0)]","['is_person', 'is_person', 'is_person', 'is_person', 'is_person', 'is_person', 'is_place', 'is_place', 'living_in', 'is_underage', 'living_in', 'living_in_same_place', 'living_in_same_place', 'living_in', 'no_sons', 'is_female', 'niece_of', 'no_sons', 'is_underage', 'living_in_same_place', 'no_sisters', 'is_female', 'living_in', 'is_underage', 'no_brothers', 'maternal_grandparent_of', 'living_in_same_place', 'no_brothers', 'living_in_same_place']","(2, 1)",['living_in_same_place'],39
"[(0, 0), (1, 1), (2, 2), (3, 3), (4, 4), (5, 5), (6, 6), (7, 7), (2, 7), (1, 1), (0, 7), (4, 1), (4, 2), (3, 6), (1, 1), (3, 3), (0, 5), (3, 3), (3, 3), (1, 2), (3, 3), (4, 4), (5, 7), (2, 2), (0, 0), (4, 7), (0, 5), (1, 1), (5, 0)]","['is_person', 'is_person', 'is_person', 'is_person', 'is_person', 'is_person', 'is_place', 'is_place', 'living_in', 'is_underage', 'living_in', 'living_in_same_place', 'living_in_same_place', 'living_in', 'no_sons', 'is_female', 'niece_of', 'no_sons', 'is_underage', 'living_in_same_place', 'no_sisters', 'is_female', 'living_in', 'is_underage', 'no_brothers', 'maternal_grandparent_of', 'living_in_same_place', 'no_brothers', 'living_in_same_place']","(0, 6)",['Not_living_in'],39
"[(0, 0), (1, 1), (2, 2), (3, 3), (4, 4), (5, 5), (6, 6), (7, 7), (2, 7), (1, 1), (0, 7), (4, 1), (4, 2), (3, 6), (1, 1), (3, 3), (0, 5), (3, 3), (3, 3), (1, 2), (3, 3), (4, 4), (5, 7), (2, 2), (0, 0), (4, 7), (0, 5), (1, 1), (5, 0)]","['is_person', 'is_person', 'is_person', 'is_person', 'is_person', 'is_person', 'is_place', 'is_place', 'living_in', 'is_underage', 'living_in', 'living_in_same_place', 'living_in_same_place', 'living_in', 'no_sons', 'is_female', 'niece_of', 'no_sons', 'is_underage', 'living_in_same_place', 'no_sisters', 'is_female', 'living_in', 'is_underage', 'no_brothers', 'maternal_grandparent_of', 'living_in_same_place', 'no_brothers', 'living_in_same_place']","(1, 7)",['living_in'],39
"[(0, 0), (1, 1), (2, 2), (3, 3), (4, 4), (5, 5), (6, 6), (7, 7), (2, 7), (1, 1), (0, 7), (4, 1), (4, 2), (3, 6), (1, 1), (3, 3), (0, 5), (3, 3), (3, 3), (1, 2), (3, 3), (4, 4), (5, 7), (2, 2), (0, 0), (4, 7), (0, 5), (1, 1), (5, 0)]","['is_person', 'is_person', 'is_person', 'is_person', 'is_person', 'is_person', 'is_place', 'is_place', 'living_in', 'is_underage', 'living_in', 'living_in_same_place', 'living_in_same_place', 'living_in', 'no_sons', 'is_female', 'niece_of', 'no_sons', 'is_underage', 'living_in_same_place', 'no_sisters', 'is_female', 'living_in', 'is_underage', 'no_brothers', 'maternal_grandparent_of', 'living_in_same_place', 'no_brothers', 'living_in_same_place']","(1, 4)",['living_in_same_place'],39
"[(0, 0), (1, 1), (2, 2), (3, 3), (4, 4), (5, 5), (6, 6), (7, 7), (2, 7), (1, 1), (0, 7), (4, 1), (4, 2), (3, 6), (1, 1), (3, 3), (0, 5), (3, 3), (3, 3), (1, 2), (3, 3), (4, 4), (5, 7), (2, 2), (0, 0), (4, 7), (0, 5), (1, 1), (5, 0)]","['is_person', 'is_person', 'is_person', 'is_person', 'is_person', 'is_person', 'is_place', 'is_place', 'living_in', 'is_underage', 'living_in', 'living_in_same_place', 'living_in_same_place', 'living_in', 'no_sons', 'is_female', 'niece_of', 'no_sons', 'is_underage', 'living_in_same_place', 'no_sisters', 'is_female', 'living_in', 'is_underage', 'no_brothers', 'maternal_grandparent_of', 'living_in_same_place', 'no_brothers', 'living_in_same_place']","(4, 7)","['maternal_grandparent_of', 'living_in']",39
"[(0, 0), (1, 1), (2, 2), (3, 3), (4, 4), (5, 5), (6, 6), (7, 7), (2, 7), (1, 1), (0, 7), (4, 1), (4, 2), (3, 6), (1, 1), (3, 3), (0, 5), (3, 3), (3, 3), (1, 2), (3, 3), (4, 4), (5, 7), (2, 2), (0, 0), (4, 7), (0, 5), (1, 1), (5, 0)]","['is_person', 'is_person', 'is_person', 'is_person', 'is_person', 'is_person', 'is_place', 'is_place', 'living_in', 'is_underage', 'living_in', 'living_in_same_place', 'living_in_same_place', 'living_in', 'no_sons', 'is_female', 'niece_of', 'no_sons', 'is_underage', 'living_in_same_place', 'no_sisters', 'is_female', 'living_in', 'is_underage', 'no_brothers', 'maternal_grandparent_of', 'living_in_same_place', 'no_brothers', 'living_in_same_place']","(5, 6)",['Not_living_in'],39
"[(0, 0), (1, 1), (2, 2), (3, 3), (4, 4), (5, 5), (6, 6), (7, 7), (2, 7), (1, 1), (0, 7), (4, 1), (4, 2), (3, 6), (1, 1), (3, 3), (0, 5), (3, 3), (3, 3), (1, 2), (3, 3), (4, 4), (5, 7), (2, 2), (0, 0), (4, 7), (0, 5), (1, 1), (5, 0)]","['is_person', 'is_person', 'is_person', 'is_person', 'is_person', 'is_person', 'is_place', 'is_place', 'living_in', 'is_underage', 'living_in', 'living_in_same_place', 'living_in_same_place', 'living_in', 'no_sons', 'is_female', 'niece_of', 'no_sons', 'is_underage', 'living_in_same_place', 'no_sisters', 'is_female', 'living_in', 'is_underage', 'no_brothers', 'maternal_grandparent_of', 'living_in_same_place', 'no_brothers', 'living_in_same_place']","(5, 0)","['living_in_same_place', 'aunt_or_uncle_of']",39
"[(0, 0), (1, 1), (2, 2), (3, 3), (4, 4), (5, 5), (6, 6), (7, 7), (2, 7), (1, 1), (0, 7), (4, 1), (4, 2), (3, 6), (1, 1), (3, 3), (0, 5), (3, 3), (3, 3), (1, 2), (3, 3), (4, 4), (5, 7), (2, 2), (0, 0), (4, 7), (0, 5), (1, 1), (5, 0)]","['is_person', 'is_person', 'is_person', 'is_person', 'is_person', 'is_person', 'is_place', 'is_place', 'living_in', 'is_underage', 'living_in', 'living_in_same_place', 'living_in_same_place', 'living_in', 'no_sons', 'is_female', 'niece_of', 'no_sons', 'is_underage', 'living_in_same_place', 'no_sisters', 'is_female', 'living_in', 'is_underage', 'no_brothers', 'maternal_grandparent_of', 'living_in_same_place', 'no_brothers', 'living_in_same_place']","(3, 7)",['Not_living_in'],39
"[(0, 0), (1, 1), (2, 2), (3, 3), (4, 4), (5, 5), (6, 6), (7, 7), (2, 7), (1, 1), (0, 7), (4, 1), (4, 2), (3, 6), (1, 1), (3, 3), (0, 5), (3, 3), (3, 3), (1, 2), (3, 3), (4, 4), (5, 7), (2, 2), (0, 0), (4, 7), (0, 5), (1, 1), (5, 0)]","['is_person', 'is_person', 'is_person', 'is_person', 'is_person', 'is_person', 'is_place', 'is_place', 'living_in', 'is_underage', 'living_in', 'living_in_same_place', 'living_in_same_place', 'living_in', 'no_sons', 'is_female', 'niece_of', 'no_sons', 'is_underage', 'living_in_same_place', 'no_sisters', 'is_female', 'living_in', 'is_underage', 'no_brothers', 'maternal_grandparent_of', 'living_in_same_place', 'no_brothers', 'living_in_same_place']","(2, 6)",['Not_living_in'],39
"[(0, 0), (1, 1), (2, 2), (3, 3), (4, 4), (5, 5), (6, 6), (7, 7), (2, 7), (1, 1), (0, 7), (4, 1), (4, 2), (3, 6), (1, 1), (3, 3), (0, 5), (3, 3), (3, 3), (1, 2), (3, 3), (4, 4), (5, 7), (2, 2), (0, 0), (4, 7), (0, 5), (1, 1), (5, 0)]","['is_person', 'is_person', 'is_person', 'is_person', 'is_person', 'is_person', 'is_place', 'is_place', 'living_in', 'is_underage', 'living_in', 'living_in_same_place', 'living_in_same_place', 'living_in', 'no_sons', 'is_female', 'niece_of', 'no_sons', 'is_underage', 'living_in_same_place', 'no_sisters', 'is_female', 'living_in', 'is_underage', 'no_brothers', 'maternal_grandparent_of', 'living_in_same_place', 'no_brothers', 'living_in_same_place']","(1, 6)",['Not_living_in'],39
"[(0, 0), (1, 1), (2, 2), (3, 3), (4, 4), (5, 5), (6, 6), (0, 0), (4, 6), (5, 1), (5, 6), (2, 6), (4, 4), (3, 4), (4, 4), (5, 5), (4, 4), (1, 6), (4, 4), (2, 2), (2, 2), (0, 0), (3, 3), (1, 2), (0, 6), (5, 5), (2, 3)]","['is_person', 'is_person', 'is_person', 'is_person', 'is_person', 'is_person', 'is_place', 'no_sisters', 'living_in', 'living_in_same_place', 'living_in', 'maternal_grandparent_of', 'no_daughters', 'living_in_same_place', 'is_female', 'is_female', 'is_underage', 'living_in', 'no_brothers', 'is_male', 'is_underage', 'is_underage', 'is_underage', 'living_in_same_place', 'living_in', 'is_underage', 'living_in_same_place']","(4, 2)",['living_in_same_place'],40
"[(0, 0), (1, 1), (2, 2), (3, 3), (4, 4), (5, 5), (6, 6), (0, 0), (4, 6), (5, 1), (5, 6), (2, 6), (4, 4), (3, 4), (4, 4), (5, 5), (4, 4), (1, 6), (4, 4), (2, 2), (2, 2), (0, 0), (3, 3), (1, 2), (0, 6), (5, 5), (2, 3)]","['is_person', 'is_person', 'is_person', 'is_person', 'is_person', 'is_person', 'is_place', 'no_sisters', 'living_in', 'living_in_same_place', 'living_in', 'maternal_grandparent_of', 'no_daughters', 'living_in_same_place', 'is_female', 'is_female', 'is_underage', 'living_in', 'no_brothers', 'is_male', 'is_underage', 'is_underage', 'is_underage', 'living_in_same_place', 'living_in', 'is_underage', 'living_in_same_place']","(4, 5)",['living_in_same_place'],40
"[(0, 0), (1, 1), (2, 2), (3, 3), (4, 4), (5, 5), (6, 6), (0, 0), (4, 6), (5, 1), (5, 6), (2, 6), (4, 4), (3, 4), (4, 4), (5, 5), (4, 4), (1, 6), (4, 4), (2, 2), (2, 2), (0, 0), (3, 3), (1, 2), (0, 6), (5, 5), (2, 3)]","['is_person', 'is_person', 'is_person', 'is_person', 'is_person', 'is_person', 'is_place', 'no_sisters', 'living_in', 'living_in_same_place', 'living_in', 'maternal_grandparent_of', 'no_daughters', 'living_in_same_place', 'is_female', 'is_female', 'is_underage', 'living_in', 'no_brothers', 'is_male', 'is_underage', 'is_underage', 'is_underage', 'living_in_same_place', 'living_in', 'is_underage', 'living_in_same_place']","(3, 2)",['living_in_same_place'],40
"[(0, 0), (1, 1), (2, 2), (3, 3), (4, 4), (5, 5), (6, 6), (0, 0), (4, 6), (5, 1), (5, 6), (2, 6), (4, 4), (3, 4), (4, 4), (5, 5), (4, 4), (1, 6), (4, 4), (2, 2), (2, 2), (0, 0), (3, 3), (1, 2), (0, 6), (5, 5), (2, 3)]","['is_person', 'is_person', 'is_person', 'is_person', 'is_person', 'is_person', 'is_place', 'no_sisters', 'living_in', 'living_in_same_place', 'living_in', 'maternal_grandparent_of', 'no_daughters', 'living_in_same_place', 'is_female', 'is_female', 'is_underage', 'living_in', 'no_brothers', 'is_male', 'is_underage', 'is_underage', 'is_underage', 'living_in_same_place', 'living_in', 'is_underage', 'living_in_same_place']","(4, 3)",['living_in_same_place'],40
"[(0, 0), (1, 1), (2, 2), (3, 3), (4, 4), (5, 5), (6, 6), (0, 0), (4, 6), (5, 1), (5, 6), (2, 6), (4, 4), (3, 4), (4, 4), (5, 5), (4, 4), (1, 6), (4, 4), (2, 2), (2, 2), (0, 0), (3, 3), (1, 2), (0, 6), (5, 5), (2, 3)]","['is_person', 'is_person', 'is_person', 'is_person', 'is_person', 'is_person', 'is_place', 'no_sisters', 'living_in', 'living_in_same_place', 'living_in', 'maternal_grandparent_of', 'no_daughters', 'living_in_same_place', 'is_female', 'is_female', 'is_underage', 'living_in', 'no_brothers', 'is_male', 'is_underage', 'is_underage', 'is_underage', 'living_in_same_place', 'living_in', 'is_underage', 'living_in_same_place']","(1, 5)",['living_in_same_place'],40
"[(0, 0), (1, 1), (2, 2), (3, 3), (4, 4), (5, 5), (6, 6), (0, 0), (4, 6), (5, 1), (5, 6), (2, 6), (4, 4), (3, 4), (4, 4), (5, 5), (4, 4), (1, 6), (4, 4), (2, 2), (2, 2), (0, 0), (3, 3), (1, 2), (0, 6), (5, 5), (2, 3)]","['is_person', 'is_person', 'is_person', 'is_person', 'is_person', 'is_person', 'is_place', 'no_sisters', 'living_in', 'living_in_same_place', 'living_in', 'maternal_grandparent_of', 'no_daughters', 'living_in_same_place', 'is_female', 'is_female', 'is_underage', 'living_in', 'no_brothers', 'is_male', 'is_underage', 'is_underage', 'is_underage', 'living_in_same_place', 'living_in', 'is_underage', 'living_in_same_place']","(2, 1)",['living_in_same_place'],40
"[(0, 0), (1, 1), (2, 2), (3, 3), (4, 4), (5, 5), (6, 6), (0, 0), (4, 6), (5, 1), (5, 6), (2, 6), (4, 4), (3, 4), (4, 4), (5, 5), (4, 4), (1, 6), (4, 4), (2, 2), (2, 2), (0, 0), (3, 3), (1, 2), (0, 6), (5, 5), (2, 3)]","['is_person', 'is_person', 'is_person', 'is_person', 'is_person', 'is_person', 'is_place', 'no_sisters', 'living_in', 'living_in_same_place', 'living_in', 'maternal_grandparent_of', 'no_daughters', 'living_in_same_place', 'is_female', 'is_female', 'is_underage', 'living_in', 'no_brothers', 'is_male', 'is_underage', 'is_underage', 'is_underage', 'living_in_same_place', 'living_in', 'is_underage', 'living_in_same_place']","(3, 6)",['living_in'],40
"[(0, 0), (1, 1), (2, 2), (3, 3), (4, 4), (5, 5), (6, 6), (0, 0), (4, 6), (5, 1), (5, 6), (2, 6), (4, 4), (3, 4), (4, 4), (5, 5), (4, 4), (1, 6), (4, 4), (2, 2), (2, 2), (0, 0), (3, 3), (1, 2), (0, 6), (5, 5), (2, 3)]","['is_person', 'is_person', 'is_person', 'is_person', 'is_person', 'is_person', 'is_place', 'no_sisters', 'living_in', 'living_in_same_place', 'living_in', 'maternal_grandparent_of', 'no_daughters', 'living_in_same_place', 'is_female', 'is_female', 'is_underage', 'living_in', 'no_brothers', 'is_male', 'is_underage', 'is_underage', 'is_underage', 'living_in_same_place', 'living_in', 'is_underage', 'living_in_same_place']","(1, 3)",['living_in_same_place'],40
"[(0, 0), (1, 1), (2, 2), (3, 3), (4, 4), (5, 5), (6, 6), (0, 0), (4, 6), (5, 1), (5, 6), (2, 6), (4, 4), (3, 4), (4, 4), (5, 5), (4, 4), (1, 6), (4, 4), (2, 2), (2, 2), (0, 0), (3, 3), (1, 2), (0, 6), (5, 5), (2, 3)]","['is_person', 'is_person', 'is_person', 'is_person', 'is_person', 'is_person', 'is_place', 'no_sisters', 'living_in', 'living_in_same_place', 'living_in', 'maternal_grandparent_of', 'no_daughters', 'living_in_same_place', 'is_female', 'is_female', 'is_underage', 'living_in', 'no_brothers', 'is_male', 'is_underage', 'is_underage', 'is_underage', 'living_in_same_place', 'living_in', 'is_underage', 'living_in_same_place']","(2, 6)","['maternal_grandparent_of', 'living_in']",40
"[(0, 0), (1, 1), (2, 2), (3, 3), (4, 4), (5, 5), (6, 6), (0, 0), (4, 6), (5, 1), (5, 6), (2, 6), (4, 4), (3, 4), (4, 4), (5, 5), (4, 4), (1, 6), (4, 4), (2, 2), (2, 2), (0, 0), (3, 3), (1, 2), (0, 6), (5, 5), (2, 3)]","['is_person', 'is_person', 'is_person', 'is_person', 'is_person', 'is_person', 'is_place', 'no_sisters', 'living_in', 'living_in_same_place', 'living_in', 'maternal_grandparent_of', 'no_daughters', 'living_in_same_place', 'is_female', 'is_female', 'is_underage', 'living_in', 'no_brothers', 'is_male', 'is_underage', 'is_underage', 'is_underage', 'living_in_same_place', 'living_in', 'is_underage', 'living_in_same_place']","(1, 4)",['living_in_same_place'],40
"[(0, 0), (1, 1), (2, 2), (3, 3), (4, 4), (5, 5), (6, 6), (0, 0), (4, 6), (5, 1), (5, 6), (2, 6), (4, 4), (3, 4), (4, 4), (5, 5), (4, 4), (1, 6), (4, 4), (2, 2), (2, 2), (0, 0), (3, 3), (1, 2), (0, 6), (5, 5), (2, 3)]","['is_person', 'is_person', 'is_person', 'is_person', 'is_person', 'is_person', 'is_place', 'no_sisters', 'living_in', 'living_in_same_place', 'living_in', 'maternal_grandparent_of', 'no_daughters', 'living_in_same_place', 'is_female', 'is_female', 'is_underage', 'living_in', 'no_brothers', 'is_male', 'is_underage', 'is_underage', 'is_underage', 'living_in_same_place', 'living_in', 'is_underage', 'living_in_same_place']","(3, 5)",['living_in_same_place'],40
"[(0, 0), (1, 1), (2, 2), (3, 3), (4, 4), (5, 5), (6, 6), (0, 0), (4, 6), (5, 1), (5, 6), (2, 6), (4, 4), (3, 4), (4, 4), (5, 5), (4, 4), (1, 6), (4, 4), (2, 2), (2, 2), (0, 0), (3, 3), (1, 2), (0, 6), (5, 5), (2, 3)]","['is_person', 'is_person', 'is_person', 'is_person', 'is_person', 'is_person', 'is_place', 'no_sisters', 'living_in', 'living_in_same_place', 'living_in', 'maternal_grandparent_of', 'no_daughters', 'living_in_same_place', 'is_female', 'is_female', 'is_underage', 'living_in', 'no_brothers', 'is_male', 'is_underage', 'is_underage', 'is_underage', 'living_in_same_place', 'living_in', 'is_underage', 'living_in_same_place']","(5, 3)",['living_in_same_place'],40
"[(0, 0), (1, 1), (2, 2), (3, 3), (4, 4), (5, 5), (6, 6), (0, 0), (4, 6), (5, 1), (5, 6), (2, 6), (4, 4), (3, 4), (4, 4), (5, 5), (4, 4), (1, 6), (4, 4), (2, 2), (2, 2), (0, 0), (3, 3), (1, 2), (0, 6), (5, 5), (2, 3)]","['is_person', 'is_person', 'is_person', 'is_person', 'is_person', 'is_person', 'is_place', 'no_sisters', 'living_in', 'living_in_same_place', 'living_in', 'maternal_grandparent_of', 'no_daughters', 'living_in_same_place', 'is_female', 'is_female', 'is_underage', 'living_in', 'no_brothers', 'is_male', 'is_underage', 'is_underage', 'is_underage', 'living_in_same_place', 'living_in', 'is_underage', 'living_in_same_place']","(5, 4)",['living_in_same_place'],40
"[(0, 0), (1, 1), (2, 2), (3, 3), (4, 4), (5, 5), (6, 6), (0, 0), (4, 6), (5, 1), (5, 6), (2, 6), (4, 4), (3, 4), (4, 4), (5, 5), (4, 4), (1, 6), (4, 4), (2, 2), (2, 2), (0, 0), (3, 3), (1, 2), (0, 6), (5, 5), (2, 3)]","['is_person', 'is_person', 'is_person', 'is_person', 'is_person', 'is_person', 'is_place', 'no_sisters', 'living_in', 'living_in_same_place', 'living_in', 'maternal_grandparent_of', 'no_daughters', 'living_in_same_place', 'is_female', 'is_female', 'is_underage', 'living_in', 'no_brothers', 'is_male', 'is_underage', 'is_underage', 'is_underage', 'living_in_same_place', 'living_in', 'is_underage', 'living_in_same_place']","(2, 5)",['living_in_same_place'],40
"[(0, 0), (1, 1), (2, 2), (3, 3), (4, 4), (5, 5), (6, 6), (0, 0), (4, 6), (5, 1), (5, 6), (2, 6), (4, 4), (3, 4), (4, 4), (5, 5), (4, 4), (1, 6), (4, 4), (2, 2), (2, 2), (0, 0), (3, 3), (1, 2), (0, 6), (5, 5), (2, 3)]","['is_person', 'is_person', 'is_person', 'is_person', 'is_person', 'is_person', 'is_place', 'no_sisters', 'living_in', 'living_in_same_place', 'living_in', 'maternal_grandparent_of', 'no_daughters', 'living_in_same_place', 'is_female', 'is_female', 'is_underage', 'living_in', 'no_brothers', 'is_male', 'is_underage', 'is_underage', 'is_underage', 'living_in_same_place', 'living_in', 'is_underage', 'living_in_same_place']","(5, 2)",['living_in_same_place'],40
"[(0, 0), (1, 1), (2, 2), (3, 3), (4, 4), (5, 5), (6, 6), (0, 0), (4, 6), (5, 1), (5, 6), (2, 6), (4, 4), (3, 4), (4, 4), (5, 5), (4, 4), (1, 6), (4, 4), (2, 2), (2, 2), (0, 0), (3, 3), (1, 2), (0, 6), (5, 5), (2, 3)]","['is_person', 'is_person', 'is_person', 'is_person', 'is_person', 'is_person', 'is_place', 'no_sisters', 'living_in', 'living_in_same_place', 'living_in', 'maternal_grandparent_of', 'no_daughters', 'living_in_same_place', 'is_female', 'is_female', 'is_underage', 'living_in', 'no_brothers', 'is_male', 'is_underage', 'is_underage', 'is_underage', 'living_in_same_place', 'living_in', 'is_underage', 'living_in_same_place']","(3, 1)",['living_in_same_place'],40
"[(0, 0), (1, 1), (2, 2), (3, 3), (4, 4), (5, 5), (6, 6), (0, 0), (4, 6), (5, 1), (5, 6), (2, 6), (4, 4), (3, 4), (4, 4), (5, 5), (4, 4), (1, 6), (4, 4), (2, 2), (2, 2), (0, 0), (3, 3), (1, 2), (0, 6), (5, 5), (2, 3)]","['is_person', 'is_person', 'is_person', 'is_person', 'is_person', 'is_person', 'is_place', 'no_sisters', 'living_in', 'living_in_same_place', 'living_in', 'maternal_grandparent_of', 'no_daughters', 'living_in_same_place', 'is_female', 'is_female', 'is_underage', 'living_in', 'no_brothers', 'is_male', 'is_underage', 'is_underage', 'is_underage', 'living_in_same_place', 'living_in', 'is_underage', 'living_in_same_place']","(2, 4)",['living_in_same_place'],40
"[(0, 0), (1, 1), (2, 2), (3, 3), (4, 4), (5, 5), (6, 6), (0, 0), (4, 6), (5, 1), (5, 6), (2, 6), (4, 4), (3, 4), (4, 4), (5, 5), (4, 4), (1, 6), (4, 4), (2, 2), (2, 2), (0, 0), (3, 3), (1, 2), (0, 6), (5, 5), (2, 3)]","['is_person', 'is_person', 'is_person', 'is_person', 'is_person', 'is_person', 'is_place', 'no_sisters', 'living_in', 'living_in_same_place', 'living_in', 'maternal_grandparent_of', 'no_daughters', 'living_in_same_place', 'is_female', 'is_female', 'is_underage', 'living_in', 'no_brothers', 'is_male', 'is_underage', 'is_underage', 'is_underage', 'living_in_same_place', 'living_in', 'is_underage', 'living_in_same_place']","(4, 1)",['living_in_same_place'],40
"[(0, 0), (1, 1), (2, 2), (3, 3), (4, 4), (5, 5), (6, 6), (7, 7), (1, 7), (3, 3), (6, 6), (0, 7), (5, 7), (4, 0), (2, 7), (5, 5), (6, 7), (1, 6), (1, 3), (5, 4), (1, 1), (2, 2), (3, 3), (0, 0), (4, 3), (4, 4), (1, 5), (4, 4), (6, 1), (2, 4)]","['is_person', 'is_person', 'is_person', 'is_person', 'is_person', 'is_person', 'is_person', 'is_place', 'living_in', 'no_sons', 'no_daughters', 'living_in', 'living_in', 'daughter_of', 'living_in', 'is_underage', 'living_in', 'living_in_same_place', 'grandparent_of', 'living_in_same_place', 'is_female', 'is_female', 'is_underage', 'no_sisters', 'school_mates_with', 'no_sisters', 'living_in_same_place', 'is_female', 'grandchild_of', 'living_in_same_place']","(4, 2)",['living_in_same_place'],41
"[(0, 0), (1, 1), (2, 2), (3, 3), (4, 4), (5, 5), (6, 6), (7, 7), (1, 7), (3, 3), (6, 6), (0, 7), (5, 7), (4, 0), (2, 7), (5, 5), (6, 7), (1, 6), (1, 3), (5, 4), (1, 1), (2, 2), (3, 3), (0, 0), (4, 3), (4, 4), (1, 5), (4, 4), (6, 1), (2, 4)]","['is_person', 'is_person', 'is_person', 'is_person', 'is_person', 'is_person', 'is_person', 'is_place', 'living_in', 'no_sons', 'no_daughters', 'living_in', 'living_in', 'daughter_of', 'living_in', 'is_underage', 'living_in', 'living_in_same_place', 'grandparent_of', 'living_in_same_place', 'is_female', 'is_female', 'is_underage', 'no_sisters', 'school_mates_with', 'no_sisters', 'living_in_same_place', 'is_female', 'grandchild_of', 'living_in_same_place']","(4, 5)",['living_in_same_place'],41
"[(0, 0), (1, 1), (2, 2), (3, 3), (4, 4), (5, 5), (6, 6), (7, 7), (1, 7), (3, 3), (6, 6), (0, 7), (5, 7), (4, 0), (2, 7), (5, 5), (6, 7), (1, 6), (1, 3), (5, 4), (1, 1), (2, 2), (3, 3), (0, 0), (4, 3), (4, 4), (1, 5), (4, 4), (6, 1), (2, 4)]","['is_person', 'is_person', 'is_person', 'is_person', 'is_person', 'is_person', 'is_person', 'is_place', 'living_in', 'no_sons', 'no_daughters', 'living_in', 'living_in', 'daughter_of', 'living_in', 'is_underage', 'living_in', 'living_in_same_place', 'grandparent_of', 'living_in_same_place', 'is_female', 'is_female', 'is_underage', 'no_sisters', 'school_mates_with', 'no_sisters', 'living_in_same_place', 'is_female', 'grandchild_of', 'living_in_same_place']","(3, 2)",['living_in_same_place'],41
"[(0, 0), (1, 1), (2, 2), (3, 3), (4, 4), (5, 5), (6, 6), (7, 7), (1, 7), (3, 3), (6, 6), (0, 7), (5, 7), (4, 0), (2, 7), (5, 5), (6, 7), (1, 6), (1, 3), (5, 4), (1, 1), (2, 2), (3, 3), (0, 0), (4, 3), (4, 4), (1, 5), (4, 4), (6, 1), (2, 4)]","['is_person', 'is_person', 'is_person', 'is_person', 'is_person', 'is_person', 'is_person', 'is_place', 'living_in', 'no_sons', 'no_daughters', 'living_in', 'living_in', 'daughter_of', 'living_in', 'is_underage', 'living_in', 'living_in_same_place', 'grandparent_of', 'living_in_same_place', 'is_female', 'is_female', 'is_underage', 'no_sisters', 'school_mates_with', 'no_sisters', 'living_in_same_place', 'is_female', 'grandchild_of', 'living_in_same_place']","(6, 4)",['living_in_same_place'],41
"[(0, 0), (1, 1), (2, 2), (3, 3), (4, 4), (5, 5), (6, 6), (7, 7), (1, 7), (3, 3), (6, 6), (0, 7), (5, 7), (4, 0), (2, 7), (5, 5), (6, 7), (1, 6), (1, 3), (5, 4), (1, 1), (2, 2), (3, 3), (0, 0), (4, 3), (4, 4), (1, 5), (4, 4), (6, 1), (2, 4)]","['is_person', 'is_person', 'is_person', 'is_person', 'is_person', 'is_person', 'is_person', 'is_place', 'living_in', 'no_sons', 'no_daughters', 'living_in', 'living_in', 'daughter_of', 'living_in', 'is_underage', 'living_in', 'living_in_same_place', 'grandparent_of', 'living_in_same_place', 'is_female', 'is_female', 'is_underage', 'no_sisters', 'school_mates_with', 'no_sisters', 'living_in_same_place', 'is_female', 'grandchild_of', 'living_in_same_place']","(5, 0)",['living_in_same_place'],41
"[(0, 0), (1, 1), (2, 2), (3, 3), (4, 4), (5, 5), (6, 6), (7, 7), (1, 7), (3, 3), (6, 6), (0, 7), (5, 7), (4, 0), (2, 7), (5, 5), (6, 7), (1, 6), (1, 3), (5, 4), (1, 1), (2, 2), (3, 3), (0, 0), (4, 3), (4, 4), (1, 5), (4, 4), (6, 1), (2, 4)]","['is_person', 'is_person', 'is_person', 'is_person', 'is_person', 'is_person', 'is_person', 'is_place', 'living_in', 'no_sons', 'no_daughters', 'living_in', 'living_in', 'daughter_of', 'living_in', 'is_underage', 'living_in', 'living_in_same_place', 'grandparent_of', 'living_in_same_place', 'is_female', 'is_female', 'is_underage', 'no_sisters', 'school_mates_with', 'no_sisters', 'living_in_same_place', 'is_female', 'grandchild_of', 'living_in_same_place']","(6, 5)",['living_in_same_place'],41
"[(0, 0), (1, 1), (2, 2), (3, 3), (4, 4), (5, 5), (6, 6), (7, 7), (1, 7), (3, 3), (6, 6), (0, 7), (5, 7), (4, 0), (2, 7), (5, 5), (6, 7), (1, 6), (1, 3), (5, 4), (1, 1), (2, 2), (3, 3), (0, 0), (4, 3), (4, 4), (1, 5), (4, 4), (6, 1), (2, 4)]","['is_person', 'is_person', 'is_person', 'is_person', 'is_person', 'is_person', 'is_person', 'is_place', 'living_in', 'no_sons', 'no_daughters', 'living_in', 'living_in', 'daughter_of', 'living_in', 'is_underage', 'living_in', 'living_in_same_place', 'grandparent_of', 'living_in_same_place', 'is_female', 'is_female', 'is_underage', 'no_sisters', 'school_mates_with', 'no_sisters', 'living_in_same_place', 'is_female', 'grandchild_of', 'living_in_same_place']","(5, 6)",['living_in_same_place'],41
"[(0, 0), (1, 1), (2, 2), (3, 3), (4, 4), (5, 5), (6, 6), (7, 7), (1, 7), (3, 3), (6, 6), (0, 7), (5, 7), (4, 0), (2, 7), (5, 5), (6, 7), (1, 6), (1, 3), (5, 4), (1, 1), (2, 2), (3, 3), (0, 0), (4, 3), (4, 4), (1, 5), (4, 4), (6, 1), (2, 4)]","['is_person', 'is_person', 'is_person', 'is_person', 'is_person', 'is_person', 'is_person', 'is_place', 'living_in', 'no_sons', 'no_daughters', 'living_in', 'living_in', 'daughter_of', 'living_in', 'is_underage', 'living_in', 'living_in_same_place', 'grandparent_of', 'living_in_same_place', 'is_female', 'is_female', 'is_underage', 'no_sisters', 'school_mates_with', 'no_sisters', 'living_in_same_place', 'is_female', 'grandchild_of', 'living_in_same_place']","(3, 1)","['grandchild_of', 'living_in_same_place']",41
"[(0, 0), (1, 1), (2, 2), (3, 3), (4, 4), (5, 5), (6, 6), (7, 7), (1, 7), (3, 3), (6, 6), (0, 7), (5, 7), (4, 0), (2, 7), (5, 5), (6, 7), (1, 6), (1, 3), (5, 4), (1, 1), (2, 2), (3, 3), (0, 0), (4, 3), (4, 4), (1, 5), (4, 4), (6, 1), (2, 4)]","['is_person', 'is_person', 'is_person', 'is_person', 'is_person', 'is_person', 'is_person', 'is_place', 'living_in', 'no_sons', 'no_daughters', 'living_in', 'living_in', 'daughter_of', 'living_in', 'is_underage', 'living_in', 'living_in_same_place', 'grandparent_of', 'living_in_same_place', 'is_female', 'is_female', 'is_underage', 'no_sisters', 'school_mates_with', 'no_sisters', 'living_in_same_place', 'is_female', 'grandchild_of', 'living_in_same_place']","(4, 0)","['daughter_of', 'child_of', 'living_in_same_place']",41
"[(0, 0), (1, 1), (2, 2), (3, 3), (4, 4), (5, 5), (6, 6), (7, 7), (1, 7), (3, 3), (6, 6), (0, 7), (5, 7), (4, 0), (2, 7), (5, 5), (6, 7), (1, 6), (1, 3), (5, 4), (1, 1), (2, 2), (3, 3), (0, 0), (4, 3), (4, 4), (1, 5), (4, 4), (6, 1), (2, 4)]","['is_person', 'is_person', 'is_person', 'is_person', 'is_person', 'is_person', 'is_person', 'is_place', 'living_in', 'no_sons', 'no_daughters', 'living_in', 'living_in', 'daughter_of', 'living_in', 'is_underage', 'living_in', 'living_in_same_place', 'grandparent_of', 'living_in_same_place', 'is_female', 'is_female', 'is_underage', 'no_sisters', 'school_mates_with', 'no_sisters', 'living_in_same_place', 'is_female', 'grandchild_of', 'living_in_same_place']","(1, 4)",['living_in_same_place'],41
"[(0, 0), (1, 1), (2, 2), (3, 3), (4, 4), (5, 5), (6, 6), (7, 7), (1, 7), (3, 3), (6, 6), (0, 7), (5, 7), (4, 0), (2, 7), (5, 5), (6, 7), (1, 6), (1, 3), (5, 4), (1, 1), (2, 2), (3, 3), (0, 0), (4, 3), (4, 4), (1, 5), (4, 4), (6, 1), (2, 4)]","['is_person', 'is_person', 'is_person', 'is_person', 'is_person', 'is_person', 'is_person', 'is_place', 'living_in', 'no_sons', 'no_daughters', 'living_in', 'living_in', 'daughter_of', 'living_in', 'is_underage', 'living_in', 'living_in_same_place', 'grandparent_of', 'living_in_same_place', 'is_female', 'is_female', 'is_underage', 'no_sisters', 'school_mates_with', 'no_sisters', 'living_in_same_place', 'is_female', 'grandchild_of', 'living_in_same_place']","(2, 5)",['living_in_same_place'],41
"[(0, 0), (1, 1), (2, 2), (3, 3), (4, 4), (5, 5), (6, 6), (7, 7), (1, 7), (3, 3), (6, 6), (0, 7), (5, 7), (4, 0), (2, 7), (5, 5), (6, 7), (1, 6), (1, 3), (5, 4), (1, 1), (2, 2), (3, 3), (0, 0), (4, 3), (4, 4), (1, 5), (4, 4), (6, 1), (2, 4)]","['is_person', 'is_person', 'is_person', 'is_person', 'is_person', 'is_person', 'is_person', 'is_place', 'living_in', 'no_sons', 'no_daughters', 'living_in', 'living_in', 'daughter_of', 'living_in', 'is_underage', 'living_in', 'living_in_same_place', 'grandparent_of', 'living_in_same_place', 'is_female', 'is_female', 'is_underage', 'no_sisters', 'school_mates_with', 'no_sisters', 'living_in_same_place', 'is_female', 'grandchild_of', 'living_in_same_place']","(5, 3)",['living_in_same_place'],41
"[(0, 0), (1, 1), (2, 2), (3, 3), (4, 4), (5, 5), (6, 6), (7, 7), (1, 7), (3, 3), (6, 6), (0, 7), (5, 7), (4, 0), (2, 7), (5, 5), (6, 7), (1, 6), (1, 3), (5, 4), (1, 1), (2, 2), (3, 3), (0, 0), (4, 3), (4, 4), (1, 5), (4, 4), (6, 1), (2, 4)]","['is_person', 'is_person', 'is_person', 'is_person', 'is_person', 'is_person', 'is_person', 'is_place', 'living_in', 'no_sons', 'no_daughters', 'living_in', 'living_in', 'daughter_of', 'living_in', 'is_underage', 'living_in', 'living_in_same_place', 'grandparent_of', 'living_in_same_place', 'is_female', 'is_female', 'is_underage', 'no_sisters', 'school_mates_with', 'no_sisters', 'living_in_same_place', 'is_female', 'grandchild_of', 'living_in_same_place']","(3, 5)",['living_in_same_place'],41
"[(0, 0), (1, 1), (2, 2), (3, 3), (4, 4), (5, 5), (6, 6), (7, 7), (1, 7), (3, 3), (6, 6), (0, 7), (5, 7), (4, 0), (2, 7), (5, 5), (6, 7), (1, 6), (1, 3), (5, 4), (1, 1), (2, 2), (3, 3), (0, 0), (4, 3), (4, 4), (1, 5), (4, 4), (6, 1), (2, 4)]","['is_person', 'is_person', 'is_person', 'is_person', 'is_person', 'is_person', 'is_person', 'is_place', 'living_in', 'no_sons', 'no_daughters', 'living_in', 'living_in', 'daughter_of', 'living_in', 'is_underage', 'living_in', 'living_in_same_place', 'grandparent_of', 'living_in_same_place', 'is_female', 'is_female', 'is_underage', 'no_sisters', 'school_mates_with', 'no_sisters', 'living_in_same_place', 'is_female', 'grandchild_of', 'living_in_same_place']","(6, 1)","['grandchild_of', 'living_in_same_place']",41
"[(0, 0), (1, 1), (2, 2), (3, 3), (4, 4), (5, 5), (6, 6), (7, 7), (1, 7), (3, 3), (6, 6), (0, 7), (5, 7), (4, 0), (2, 7), (5, 5), (6, 7), (1, 6), (1, 3), (5, 4), (1, 1), (2, 2), (3, 3), (0, 0), (4, 3), (4, 4), (1, 5), (4, 4), (6, 1), (2, 4)]","['is_person', 'is_person', 'is_person', 'is_person', 'is_person', 'is_person', 'is_person', 'is_place', 'living_in', 'no_sons', 'no_daughters', 'living_in', 'living_in', 'daughter_of', 'living_in', 'is_underage', 'living_in', 'living_in_same_place', 'grandparent_of', 'living_in_same_place', 'is_female', 'is_female', 'is_underage', 'no_sisters', 'school_mates_with', 'no_sisters', 'living_in_same_place', 'is_female', 'grandchild_of', 'living_in_same_place']","(1, 3)","['grandparent_of', 'grandmother_of', 'living_in_same_place']",41
"[(0, 0), (1, 1), (2, 2), (3, 3), (4, 4), (5, 5), (6, 6), (7, 7), (1, 7), (3, 3), (6, 6), (0, 7), (5, 7), (4, 0), (2, 7), (5, 5), (6, 7), (1, 6), (1, 3), (5, 4), (1, 1), (2, 2), (3, 3), (0, 0), (4, 3), (4, 4), (1, 5), (4, 4), (6, 1), (2, 4)]","['is_person', 'is_person', 'is_person', 'is_person', 'is_person', 'is_person', 'is_person', 'is_place', 'living_in', 'no_sons', 'no_daughters', 'living_in', 'living_in', 'daughter_of', 'living_in', 'is_underage', 'living_in', 'living_in_same_place', 'grandparent_of', 'living_in_same_place', 'is_female', 'is_female', 'is_underage', 'no_sisters', 'school_mates_with', 'no_sisters', 'living_in_same_place', 'is_female', 'grandchild_of', 'living_in_same_place']","(0, 2)",['living_in_same_place'],41
"[(0, 0), (1, 1), (2, 2), (3, 3), (4, 4), (5, 5), (6, 6), (7, 7), (1, 7), (3, 3), (6, 6), (0, 7), (5, 7), (4, 0), (2, 7), (5, 5), (6, 7), (1, 6), (1, 3), (5, 4), (1, 1), (2, 2), (3, 3), (0, 0), (4, 3), (4, 4), (1, 5), (4, 4), (6, 1), (2, 4)]","['is_person', 'is_person', 'is_person', 'is_person', 'is_person', 'is_person', 'is_person', 'is_place', 'living_in', 'no_sons', 'no_daughters', 'living_in', 'living_in', 'daughter_of', 'living_in', 'is_underage', 'living_in', 'living_in_same_place', 'grandparent_of', 'living_in_same_place', 'is_female', 'is_female', 'is_underage', 'no_sisters', 'school_mates_with', 'no_sisters', 'living_in_same_place', 'is_female', 'grandchild_of', 'living_in_same_place']","(6, 2)",['living_in_same_place'],41
"[(0, 0), (1, 1), (2, 2), (3, 3), (4, 4), (5, 5), (6, 6), (7, 7), (1, 7), (3, 3), (6, 6), (0, 7), (5, 7), (4, 0), (2, 7), (5, 5), (6, 7), (1, 6), (1, 3), (5, 4), (1, 1), (2, 2), (3, 3), (0, 0), (4, 3), (4, 4), (1, 5), (4, 4), (6, 1), (2, 4)]","['is_person', 'is_person', 'is_person', 'is_person', 'is_person', 'is_person', 'is_person', 'is_place', 'living_in', 'no_sons', 'no_daughters', 'living_in', 'living_in', 'daughter_of', 'living_in', 'is_underage', 'living_in', 'living_in_same_place', 'grandparent_of', 'living_in_same_place', 'is_female', 'is_female', 'is_underage', 'no_sisters', 'school_mates_with', 'no_sisters', 'living_in_same_place', 'is_female', 'grandchild_of', 'living_in_same_place']","(0, 4)","['parent_of', 'living_in_same_place']",41
"[(0, 0), (1, 1), (2, 2), (3, 3), (4, 4), (5, 5), (6, 6), (7, 7), (1, 7), (3, 3), (6, 6), (0, 7), (5, 7), (4, 0), (2, 7), (5, 5), (6, 7), (1, 6), (1, 3), (5, 4), (1, 1), (2, 2), (3, 3), (0, 0), (4, 3), (4, 4), (1, 5), (4, 4), (6, 1), (2, 4)]","['is_person', 'is_person', 'is_person', 'is_person', 'is_person', 'is_person', 'is_person', 'is_place', 'living_in', 'no_sons', 'no_daughters', 'living_in', 'living_in', 'daughter_of', 'living_in', 'is_underage', 'living_in', 'living_in_same_place', 'grandparent_of', 'living_in_same_place', 'is_female', 'is_female', 'is_underage', 'no_sisters', 'school_mates_with', 'no_sisters', 'living_in_same_place', 'is_female', 'grandchild_of', 'living_in_same_place']","(4, 6)",['living_in_same_place'],41
"[(0, 0), (1, 1), (2, 2), (3, 3), (4, 4), (5, 5), (6, 6), (7, 7), (1, 7), (3, 3), (6, 6), (0, 7), (5, 7), (4, 0), (2, 7), (5, 5), (6, 7), (1, 6), (1, 3), (5, 4), (1, 1), (2, 2), (3, 3), (0, 0), (4, 3), (4, 4), (1, 5), (4, 4), (6, 1), (2, 4)]","['is_person', 'is_person', 'is_person', 'is_person', 'is_person', 'is_person', 'is_person', 'is_place', 'living_in', 'no_sons', 'no_daughters', 'living_in', 'living_in', 'daughter_of', 'living_in', 'is_underage', 'living_in', 'living_in_same_place', 'grandparent_of', 'living_in_same_place', 'is_female', 'is_female', 'is_underage', 'no_sisters', 'school_mates_with', 'no_sisters', 'living_in_same_place', 'is_female', 'grandchild_of', 'living_in_same_place']","(0, 5)",['living_in_same_place'],41
"[(0, 0), (1, 1), (2, 2), (3, 3), (4, 4), (5, 5), (6, 6), (7, 7), (1, 7), (3, 3), (6, 6), (0, 7), (5, 7), (4, 0), (2, 7), (5, 5), (6, 7), (1, 6), (1, 3), (5, 4), (1, 1), (2, 2), (3, 3), (0, 0), (4, 3), (4, 4), (1, 5), (4, 4), (6, 1), (2, 4)]","['is_person', 'is_person', 'is_person', 'is_person', 'is_person', 'is_person', 'is_person', 'is_place', 'living_in', 'no_sons', 'no_daughters', 'living_in', 'living_in', 'daughter_of', 'living_in', 'is_underage', 'living_in', 'living_in_same_place', 'grandparent_of', 'living_in_same_place', 'is_female', 'is_female', 'is_underage', 'no_sisters', 'school_mates_with', 'no_sisters', 'living_in_same_place', 'is_female', 'grandchild_of', 'living_in_same_place']","(3, 4)","['living_in_same_place', 'school_mates_with']",41
"[(0, 0), (1, 1), (2, 2), (3, 3), (4, 4), (5, 5), (6, 6), (7, 7), (1, 7), (3, 3), (6, 6), (0, 7), (5, 7), (4, 0), (2, 7), (5, 5), (6, 7), (1, 6), (1, 3), (5, 4), (1, 1), (2, 2), (3, 3), (0, 0), (4, 3), (4, 4), (1, 5), (4, 4), (6, 1), (2, 4)]","['is_person', 'is_person', 'is_person', 'is_person', 'is_person', 'is_person', 'is_person', 'is_place', 'living_in', 'no_sons', 'no_daughters', 'living_in', 'living_in', 'daughter_of', 'living_in', 'is_underage', 'living_in', 'living_in_same_place', 'grandparent_of', 'living_in_same_place', 'is_female', 'is_female', 'is_underage', 'no_sisters', 'school_mates_with', 'no_sisters', 'living_in_same_place', 'is_female', 'grandchild_of', 'living_in_same_place']","(0, 3)",['living_in_same_place'],41
"[(0, 0), (1, 1), (2, 2), (3, 3), (4, 4), (5, 5), (6, 6), (7, 7), (1, 7), (3, 3), (6, 6), (0, 7), (5, 7), (4, 0), (2, 7), (5, 5), (6, 7), (1, 6), (1, 3), (5, 4), (1, 1), (2, 2), (3, 3), (0, 0), (4, 3), (4, 4), (1, 5), (4, 4), (6, 1), (2, 4)]","['is_person', 'is_person', 'is_person', 'is_person', 'is_person', 'is_person', 'is_person', 'is_place', 'living_in', 'no_sons', 'no_daughters', 'living_in', 'living_in', 'daughter_of', 'living_in', 'is_underage', 'living_in', 'living_in_same_place', 'grandparent_of', 'living_in_same_place', 'is_female', 'is_female', 'is_underage', 'no_sisters', 'school_mates_with', 'no_sisters', 'living_in_same_place', 'is_female', 'grandchild_of', 'living_in_same_place']","(4, 7)",['living_in'],41
"[(0, 0), (1, 1), (2, 2), (3, 3), (4, 4), (5, 5), (6, 6), (7, 7), (1, 7), (3, 3), (6, 6), (0, 7), (5, 7), (4, 0), (2, 7), (5, 5), (6, 7), (1, 6), (1, 3), (5, 4), (1, 1), (2, 2), (3, 3), (0, 0), (4, 3), (4, 4), (1, 5), (4, 4), (6, 1), (2, 4)]","['is_person', 'is_person', 'is_person', 'is_person', 'is_person', 'is_person', 'is_person', 'is_place', 'living_in', 'no_sons', 'no_daughters', 'living_in', 'living_in', 'daughter_of', 'living_in', 'is_underage', 'living_in', 'living_in_same_place', 'grandparent_of', 'living_in_same_place', 'is_female', 'is_female', 'is_underage', 'no_sisters', 'school_mates_with', 'no_sisters', 'living_in_same_place', 'is_female', 'grandchild_of', 'living_in_same_place']","(0, 1)",['living_in_same_place'],41
"[(0, 0), (1, 1), (2, 2), (3, 3), (4, 4), (5, 5), (6, 6), (7, 7), (1, 7), (3, 3), (6, 6), (0, 7), (5, 7), (4, 0), (2, 7), (5, 5), (6, 7), (1, 6), (1, 3), (5, 4), (1, 1), (2, 2), (3, 3), (0, 0), (4, 3), (4, 4), (1, 5), (4, 4), (6, 1), (2, 4)]","['is_person', 'is_person', 'is_person', 'is_person', 'is_person', 'is_person', 'is_person', 'is_place', 'living_in', 'no_sons', 'no_daughters', 'living_in', 'living_in', 'daughter_of', 'living_in', 'is_underage', 'living_in', 'living_in_same_place', 'grandparent_of', 'living_in_same_place', 'is_female', 'is_female', 'is_underage', 'no_sisters', 'school_mates_with', 'no_sisters', 'living_in_same_place', 'is_female', 'grandchild_of', 'living_in_same_place']","(1, 6)","['living_in_same_place', 'grandparent_of', 'grandmother_of']",41
"[(0, 0), (1, 1), (2, 2), (3, 3), (4, 4), (5, 5), (6, 6), (7, 7), (1, 7), (3, 3), (6, 6), (0, 7), (5, 7), (4, 0), (2, 7), (5, 5), (6, 7), (1, 6), (1, 3), (5, 4), (1, 1), (2, 2), (3, 3), (0, 0), (4, 3), (4, 4), (1, 5), (4, 4), (6, 1), (2, 4)]","['is_person', 'is_person', 'is_person', 'is_person', 'is_person', 'is_person', 'is_person', 'is_place', 'living_in', 'no_sons', 'no_daughters', 'living_in', 'living_in', 'daughter_of', 'living_in', 'is_underage', 'living_in', 'living_in_same_place', 'grandparent_of', 'living_in_same_place', 'is_female', 'is_female', 'is_underage', 'no_sisters', 'school_mates_with', 'no_sisters', 'living_in_same_place', 'is_female', 'grandchild_of', 'living_in_same_place']","(0, 6)",['living_in_same_place'],41
"[(0, 0), (1, 1), (2, 2), (3, 3), (4, 4), (5, 5), (6, 6), (7, 7), (1, 7), (3, 3), (6, 6), (0, 7), (5, 7), (4, 0), (2, 7), (5, 5), (6, 7), (1, 6), (1, 3), (5, 4), (1, 1), (2, 2), (3, 3), (0, 0), (4, 3), (4, 4), (1, 5), (4, 4), (6, 1), (2, 4)]","['is_person', 'is_person', 'is_person', 'is_person', 'is_person', 'is_person', 'is_person', 'is_place', 'living_in', 'no_sons', 'no_daughters', 'living_in', 'living_in', 'daughter_of', 'living_in', 'is_underage', 'living_in', 'living_in_same_place', 'grandparent_of', 'living_in_same_place', 'is_female', 'is_female', 'is_underage', 'no_sisters', 'school_mates_with', 'no_sisters', 'living_in_same_place', 'is_female', 'grandchild_of', 'living_in_same_place']","(2, 1)",['living_in_same_place'],41
"[(0, 0), (1, 1), (2, 2), (3, 3), (4, 4), (5, 5), (6, 6), (7, 7), (1, 7), (3, 3), (6, 6), (0, 7), (5, 7), (4, 0), (2, 7), (5, 5), (6, 7), (1, 6), (1, 3), (5, 4), (1, 1), (2, 2), (3, 3), (0, 0), (4, 3), (4, 4), (1, 5), (4, 4), (6, 1), (2, 4)]","['is_person', 'is_person', 'is_person', 'is_person', 'is_person', 'is_person', 'is_person', 'is_place', 'living_in', 'no_sons', 'no_daughters', 'living_in', 'living_in', 'daughter_of', 'living_in', 'is_underage', 'living_in', 'living_in_same_place', 'grandparent_of', 'living_in_same_place', 'is_female', 'is_female', 'is_underage', 'no_sisters', 'school_mates_with', 'no_sisters', 'living_in_same_place', 'is_female', 'grandchild_of', 'living_in_same_place']","(6, 0)",['living_in_same_place'],41
"[(0, 0), (1, 1), (2, 2), (3, 3), (4, 4), (5, 5), (6, 6), (7, 7), (1, 7), (3, 3), (6, 6), (0, 7), (5, 7), (4, 0), (2, 7), (5, 5), (6, 7), (1, 6), (1, 3), (5, 4), (1, 1), (2, 2), (3, 3), (0, 0), (4, 3), (4, 4), (1, 5), (4, 4), (6, 1), (2, 4)]","['is_person', 'is_person', 'is_person', 'is_person', 'is_person', 'is_person', 'is_person', 'is_place', 'living_in', 'no_sons', 'no_daughters', 'living_in', 'living_in', 'daughter_of', 'living_in', 'is_underage', 'living_in', 'living_in_same_place', 'grandparent_of', 'living_in_same_place', 'is_female', 'is_female', 'is_underage', 'no_sisters', 'school_mates_with', 'no_sisters', 'living_in_same_place', 'is_female', 'grandchild_of', 'living_in_same_place']","(4, 4)","['no_sisters', 'is_female', 'is_underage']",41
"[(0, 0), (1, 1), (2, 2), (3, 3), (4, 4), (5, 5), (6, 6), (7, 7), (1, 7), (3, 3), (6, 6), (0, 7), (5, 7), (4, 0), (2, 7), (5, 5), (6, 7), (1, 6), (1, 3), (5, 4), (1, 1), (2, 2), (3, 3), (0, 0), (4, 3), (4, 4), (1, 5), (4, 4), (6, 1), (2, 4)]","['is_person', 'is_person', 'is_person', 'is_person', 'is_person', 'is_person', 'is_person', 'is_place', 'living_in', 'no_sons', 'no_daughters', 'living_in', 'living_in', 'daughter_of', 'living_in', 'is_underage', 'living_in', 'living_in_same_place', 'grandparent_of', 'living_in_same_place', 'is_female', 'is_female', 'is_underage', 'no_sisters', 'school_mates_with', 'no_sisters', 'living_in_same_place', 'is_female', 'grandchild_of', 'living_in_same_place']","(3, 7)",['living_in'],41
"[(0, 0), (1, 1), (2, 2), (3, 3), (4, 4), (5, 5), (6, 6), (7, 7), (1, 7), (3, 3), (6, 6), (0, 7), (5, 7), (4, 0), (2, 7), (5, 5), (6, 7), (1, 6), (1, 3), (5, 4), (1, 1), (2, 2), (3, 3), (0, 0), (4, 3), (4, 4), (1, 5), (4, 4), (6, 1), (2, 4)]","['is_person', 'is_person', 'is_person', 'is_person', 'is_person', 'is_person', 'is_person', 'is_place', 'living_in', 'no_sons', 'no_daughters', 'living_in', 'living_in', 'daughter_of', 'living_in', 'is_underage', 'living_in', 'living_in_same_place', 'grandparent_of', 'living_in_same_place', 'is_female', 'is_female', 'is_underage', 'no_sisters', 'school_mates_with', 'no_sisters', 'living_in_same_place', 'is_female', 'grandchild_of', 'living_in_same_place']","(5, 2)",['living_in_same_place'],41
"[(0, 0), (1, 1), (2, 2), (3, 3), (4, 4), (5, 5), (6, 6), (7, 7), (1, 7), (3, 3), (6, 6), (0, 7), (5, 7), (4, 0), (2, 7), (5, 5), (6, 7), (1, 6), (1, 3), (5, 4), (1, 1), (2, 2), (3, 3), (0, 0), (4, 3), (4, 4), (1, 5), (4, 4), (6, 1), (2, 4)]","['is_person', 'is_person', 'is_person', 'is_person', 'is_person', 'is_person', 'is_person', 'is_place', 'living_in', 'no_sons', 'no_daughters', 'living_in', 'living_in', 'daughter_of', 'living_in', 'is_underage', 'living_in', 'living_in_same_place', 'grandparent_of', 'living_in_same_place', 'is_female', 'is_female', 'is_underage', 'no_sisters', 'school_mates_with', 'no_sisters', 'living_in_same_place', 'is_female', 'grandchild_of', 'living_in_same_place']","(3, 6)",['living_in_same_place'],41
"[(0, 0), (1, 1), (2, 2), (3, 3), (4, 4), (5, 5), (6, 6), (7, 7), (1, 7), (3, 3), (6, 6), (0, 7), (5, 7), (4, 0), (2, 7), (5, 5), (6, 7), (1, 6), (1, 3), (5, 4), (1, 1), (2, 2), (3, 3), (0, 0), (4, 3), (4, 4), (1, 5), (4, 4), (6, 1), (2, 4)]","['is_person', 'is_person', 'is_person', 'is_person', 'is_person', 'is_person', 'is_person', 'is_place', 'living_in', 'no_sons', 'no_daughters', 'living_in', 'living_in', 'daughter_of', 'living_in', 'is_underage', 'living_in', 'living_in_same_place', 'grandparent_of', 'living_in_same_place', 'is_female', 'is_female', 'is_underage', 'no_sisters', 'school_mates_with', 'no_sisters', 'living_in_same_place', 'is_female', 'grandchild_of', 'living_in_same_place']","(1, 0)",['living_in_same_place'],41
"[(0, 0), (1, 1), (2, 2), (3, 3), (4, 4), (5, 5), (6, 6), (7, 7), (1, 7), (3, 3), (6, 6), (0, 7), (5, 7), (4, 0), (2, 7), (5, 5), (6, 7), (1, 6), (1, 3), (5, 4), (1, 1), (2, 2), (3, 3), (0, 0), (4, 3), (4, 4), (1, 5), (4, 4), (6, 1), (2, 4)]","['is_person', 'is_person', 'is_person', 'is_person', 'is_person', 'is_person', 'is_person', 'is_place', 'living_in', 'no_sons', 'no_daughters', 'living_in', 'living_in', 'daughter_of', 'living_in', 'is_underage', 'living_in', 'living_in_same_place', 'grandparent_of', 'living_in_same_place', 'is_female', 'is_female', 'is_underage', 'no_sisters', 'school_mates_with', 'no_sisters', 'living_in_same_place', 'is_female', 'grandchild_of', 'living_in_same_place']","(5, 1)",['living_in_same_place'],41
"[(0, 0), (1, 1), (2, 2), (3, 3), (4, 4), (5, 5), (6, 6), (7, 7), (1, 7), (3, 3), (6, 6), (0, 7), (5, 7), (4, 0), (2, 7), (5, 5), (6, 7), (1, 6), (1, 3), (5, 4), (1, 1), (2, 2), (3, 3), (0, 0), (4, 3), (4, 4), (1, 5), (4, 4), (6, 1), (2, 4)]","['is_person', 'is_person', 'is_person', 'is_person', 'is_person', 'is_person', 'is_person', 'is_place', 'living_in', 'no_sons', 'no_daughters', 'living_in', 'living_in', 'daughter_of', 'living_in', 'is_underage', 'living_in', 'living_in_same_place', 'grandparent_of', 'living_in_same_place', 'is_female', 'is_female', 'is_underage', 'no_sisters', 'school_mates_with', 'no_sisters', 'living_in_same_place', 'is_female', 'grandchild_of', 'living_in_same_place']","(4, 3)","['school_mates_with', 'living_in_same_place']",41
"[(0, 0), (1, 1), (2, 2), (3, 3), (4, 4), (5, 5), (6, 6), (7, 7), (1, 7), (3, 3), (6, 6), (0, 7), (5, 7), (4, 0), (2, 7), (5, 5), (6, 7), (1, 6), (1, 3), (5, 4), (1, 1), (2, 2), (3, 3), (0, 0), (4, 3), (4, 4), (1, 5), (4, 4), (6, 1), (2, 4)]","['is_person', 'is_person', 'is_person', 'is_person', 'is_person', 'is_person', 'is_person', 'is_place', 'living_in', 'no_sons', 'no_daughters', 'living_in', 'living_in', 'daughter_of', 'living_in', 'is_underage', 'living_in', 'living_in_same_place', 'grandparent_of', 'living_in_same_place', 'is_female', 'is_female', 'is_underage', 'no_sisters', 'school_mates_with', 'no_sisters', 'living_in_same_place', 'is_female', 'grandchild_of', 'living_in_same_place']","(6, 3)",['living_in_same_place'],41
"[(0, 0), (1, 1), (2, 2), (3, 3), (4, 4), (5, 5), (6, 6), (7, 7), (1, 7), (3, 3), (6, 6), (0, 7), (5, 7), (4, 0), (2, 7), (5, 5), (6, 7), (1, 6), (1, 3), (5, 4), (1, 1), (2, 2), (3, 3), (0, 0), (4, 3), (4, 4), (1, 5), (4, 4), (6, 1), (2, 4)]","['is_person', 'is_person', 'is_person', 'is_person', 'is_person', 'is_person', 'is_person', 'is_place', 'living_in', 'no_sons', 'no_daughters', 'living_in', 'living_in', 'daughter_of', 'living_in', 'is_underage', 'living_in', 'living_in_same_place', 'grandparent_of', 'living_in_same_place', 'is_female', 'is_female', 'is_underage', 'no_sisters', 'school_mates_with', 'no_sisters', 'living_in_same_place', 'is_female', 'grandchild_of', 'living_in_same_place']","(2, 3)",['living_in_same_place'],41
"[(0, 0), (1, 1), (2, 2), (3, 3), (4, 4), (5, 5), (6, 6), (7, 7), (1, 7), (3, 3), (6, 6), (0, 7), (5, 7), (4, 0), (2, 7), (5, 5), (6, 7), (1, 6), (1, 3), (5, 4), (1, 1), (2, 2), (3, 3), (0, 0), (4, 3), (4, 4), (1, 5), (4, 4), (6, 1), (2, 4)]","['is_person', 'is_person', 'is_person', 'is_person', 'is_person', 'is_person', 'is_person', 'is_place', 'living_in', 'no_sons', 'no_daughters', 'living_in', 'living_in', 'daughter_of', 'living_in', 'is_underage', 'living_in', 'living_in_same_place', 'grandparent_of', 'living_in_same_place', 'is_female', 'is_female', 'is_underage', 'no_sisters', 'school_mates_with', 'no_sisters', 'living_in_same_place', 'is_female', 'grandchild_of', 'living_in_same_place']","(2, 6)",['living_in_same_place'],41
"[(0, 0), (1, 1), (2, 2), (3, 3), (4, 4), (5, 5), (6, 6), (7, 7), (1, 7), (3, 3), (6, 6), (0, 7), (5, 7), (4, 0), (2, 7), (5, 5), (6, 7), (1, 6), (1, 3), (5, 4), (1, 1), (2, 2), (3, 3), (0, 0), (4, 3), (4, 4), (1, 5), (4, 4), (6, 1), (2, 4)]","['is_person', 'is_person', 'is_person', 'is_person', 'is_person', 'is_person', 'is_person', 'is_place', 'living_in', 'no_sons', 'no_daughters', 'living_in', 'living_in', 'daughter_of', 'living_in', 'is_underage', 'living_in', 'living_in_same_place', 'grandparent_of', 'living_in_same_place', 'is_female', 'is_female', 'is_underage', 'no_sisters', 'school_mates_with', 'no_sisters', 'living_in_same_place', 'is_female', 'grandchild_of', 'living_in_same_place']","(1, 2)",['living_in_same_place'],41
"[(0, 0), (1, 1), (2, 2), (3, 3), (4, 4), (5, 5), (6, 6), (7, 7), (1, 7), (3, 3), (6, 6), (0, 7), (5, 7), (4, 0), (2, 7), (5, 5), (6, 7), (1, 6), (1, 3), (5, 4), (1, 1), (2, 2), (3, 3), (0, 0), (4, 3), (4, 4), (1, 5), (4, 4), (6, 1), (2, 4)]","['is_person', 'is_person', 'is_person', 'is_person', 'is_person', 'is_person', 'is_person', 'is_place', 'living_in', 'no_sons', 'no_daughters', 'living_in', 'living_in', 'daughter_of', 'living_in', 'is_underage', 'living_in', 'living_in_same_place', 'grandparent_of', 'living_in_same_place', 'is_female', 'is_female', 'is_underage', 'no_sisters', 'school_mates_with', 'no_sisters', 'living_in_same_place', 'is_female', 'grandchild_of', 'living_in_same_place']","(2, 0)",['living_in_same_place'],41
"[(0, 0), (1, 1), (2, 2), (3, 3), (4, 4), (5, 5), (6, 6), (7, 7), (1, 7), (3, 3), (6, 6), (0, 7), (5, 7), (4, 0), (2, 7), (5, 5), (6, 7), (1, 6), (1, 3), (5, 4), (1, 1), (2, 2), (3, 3), (0, 0), (4, 3), (4, 4), (1, 5), (4, 4), (6, 1), (2, 4)]","['is_person', 'is_person', 'is_person', 'is_person', 'is_person', 'is_person', 'is_person', 'is_place', 'living_in', 'no_sons', 'no_daughters', 'living_in', 'living_in', 'daughter_of', 'living_in', 'is_underage', 'living_in', 'living_in_same_place', 'grandparent_of', 'living_in_same_place', 'is_female', 'is_female', 'is_underage', 'no_sisters', 'school_mates_with', 'no_sisters', 'living_in_same_place', 'is_female', 'grandchild_of', 'living_in_same_place']","(3, 0)",['living_in_same_place'],41
"[(0, 0), (1, 1), (2, 2), (3, 3), (4, 4), (5, 5), (6, 6), (7, 7), (1, 7), (3, 3), (6, 6), (0, 7), (5, 7), (4, 0), (2, 7), (5, 5), (6, 7), (1, 6), (1, 3), (5, 4), (1, 1), (2, 2), (3, 3), (0, 0), (4, 3), (4, 4), (1, 5), (4, 4), (6, 1), (2, 4)]","['is_person', 'is_person', 'is_person', 'is_person', 'is_person', 'is_person', 'is_person', 'is_place', 'living_in', 'no_sons', 'no_daughters', 'living_in', 'living_in', 'daughter_of', 'living_in', 'is_underage', 'living_in', 'living_in_same_place', 'grandparent_of', 'living_in_same_place', 'is_female', 'is_female', 'is_underage', 'no_sisters', 'school_mates_with', 'no_sisters', 'living_in_same_place', 'is_female', 'grandchild_of', 'living_in_same_place']","(4, 1)",['living_in_same_place'],41
"[(0, 0), (1, 1), (2, 2), (3, 3), (4, 4), (5, 5), (6, 6), (7, 7), (1, 7), (4, 7), (3, 3), (3, 3), (6, 6), (6, 0), (1, 1), (3, 2), (4, 4), (5, 7), (6, 5), (2, 2), (6, 6), (0, 0), (4, 4), (0, 0), (2, 1), (1, 1), (6, 3), (2, 2), (3, 7)]","['is_person', 'is_person', 'is_person', 'is_person', 'is_person', 'is_person', 'is_person', 'is_place', 'living_in', 'living_in', 'is_female', 'is_underage', 'is_underage', 'nibling_of', 'no_sisters', 'living_in_same_place', 'is_underage', 'living_in', 'living_in_same_place', 'is_female', 'no_brothers', 'is_male', 'no_sons', 'is_underage', 'living_in_same_place', 'is_male', 'living_in_same_place', 'is_underage', 'living_in']","(2, 7)",['living_in'],42
"[(0, 0), (1, 1), (2, 2), (3, 3), (4, 4), (5, 5), (6, 6), (7, 7), (1, 7), (4, 7), (3, 3), (3, 3), (6, 6), (6, 0), (1, 1), (3, 2), (4, 4), (5, 7), (6, 5), (2, 2), (6, 6), (0, 0), (4, 4), (0, 0), (2, 1), (1, 1), (6, 3), (2, 2), (3, 7)]","['is_person', 'is_person', 'is_person', 'is_person', 'is_person', 'is_person', 'is_person', 'is_place', 'living_in', 'living_in', 'is_female', 'is_underage', 'is_underage', 'nibling_of', 'no_sisters', 'living_in_same_place', 'is_underage', 'living_in', 'living_in_same_place', 'is_female', 'no_brothers', 'is_male', 'no_sons', 'is_underage', 'living_in_same_place', 'is_male', 'living_in_same_place', 'is_underage', 'living_in']","(0, 6)","['uncle_of', 'aunt_or_uncle_of']",42
"[(0, 0), (1, 1), (2, 2), (3, 3), (4, 4), (5, 5), (6, 6), (7, 7), (1, 7), (4, 7), (3, 3), (3, 3), (6, 6), (6, 0), (1, 1), (3, 2), (4, 4), (5, 7), (6, 5), (2, 2), (6, 6), (0, 0), (4, 4), (0, 0), (2, 1), (1, 1), (6, 3), (2, 2), (3, 7)]","['is_person', 'is_person', 'is_person', 'is_person', 'is_person', 'is_person', 'is_person', 'is_place', 'living_in', 'living_in', 'is_female', 'is_underage', 'is_underage', 'nibling_of', 'no_sisters', 'living_in_same_place', 'is_underage', 'living_in', 'living_in_same_place', 'is_female', 'no_brothers', 'is_male', 'no_sons', 'is_underage', 'living_in_same_place', 'is_male', 'living_in_same_place', 'is_underage', 'living_in']","(5, 6)",['living_in_same_place'],42
"[(0, 0), (1, 1), (2, 2), (3, 3), (4, 4), (5, 5), (6, 6), (7, 7), (1, 7), (4, 7), (3, 3), (3, 3), (6, 6), (6, 0), (1, 1), (3, 2), (4, 4), (5, 7), (6, 5), (2, 2), (6, 6), (0, 0), (4, 4), (0, 0), (2, 1), (1, 1), (6, 3), (2, 2), (3, 7)]","['is_person', 'is_person', 'is_person', 'is_person', 'is_person', 'is_person', 'is_person', 'is_place', 'living_in', 'living_in', 'is_female', 'is_underage', 'is_underage', 'nibling_of', 'no_sisters', 'living_in_same_place', 'is_underage', 'living_in', 'living_in_same_place', 'is_female', 'no_brothers', 'is_male', 'no_sons', 'is_underage', 'living_in_same_place', 'is_male', 'living_in_same_place', 'is_underage', 'living_in']","(3, 5)",['living_in_same_place'],42
"[(0, 0), (1, 1), (2, 2), (3, 3), (4, 4), (5, 5), (6, 6), (7, 7), (1, 7), (4, 7), (3, 3), (3, 3), (6, 6), (6, 0), (1, 1), (3, 2), (4, 4), (5, 7), (6, 5), (2, 2), (6, 6), (0, 0), (4, 4), (0, 0), (2, 1), (1, 1), (6, 3), (2, 2), (3, 7)]","['is_person', 'is_person', 'is_person', 'is_person', 'is_person', 'is_person', 'is_person', 'is_place', 'living_in', 'living_in', 'is_female', 'is_underage', 'is_underage', 'nibling_of', 'no_sisters', 'living_in_same_place', 'is_underage', 'living_in', 'living_in_same_place', 'is_female', 'no_brothers', 'is_male', 'no_sons', 'is_underage', 'living_in_same_place', 'is_male', 'living_in_same_place', 'is_underage', 'living_in']","(2, 5)",['living_in_same_place'],42
"[(0, 0), (1, 1), (2, 2), (3, 3), (4, 4), (5, 5), (6, 6), (7, 7), (1, 7), (4, 7), (3, 3), (3, 3), (6, 6), (6, 0), (1, 1), (3, 2), (4, 4), (5, 7), (6, 5), (2, 2), (6, 6), (0, 0), (4, 4), (0, 0), (2, 1), (1, 1), (6, 3), (2, 2), (3, 7)]","['is_person', 'is_person', 'is_person', 'is_person', 'is_person', 'is_person', 'is_person', 'is_place', 'living_in', 'living_in', 'is_female', 'is_underage', 'is_underage', 'nibling_of', 'no_sisters', 'living_in_same_place', 'is_underage', 'living_in', 'living_in_same_place', 'is_female', 'no_brothers', 'is_male', 'no_sons', 'is_underage', 'living_in_same_place', 'is_male', 'living_in_same_place', 'is_underage', 'living_in']","(6, 1)",['living_in_same_place'],42
"[(0, 0), (1, 1), (2, 2), (3, 3), (4, 4), (5, 5), (6, 6), (7, 7), (1, 7), (4, 7), (3, 3), (3, 3), (6, 6), (6, 0), (1, 1), (3, 2), (4, 4), (5, 7), (6, 5), (2, 2), (6, 6), (0, 0), (4, 4), (0, 0), (2, 1), (1, 1), (6, 3), (2, 2), (3, 7)]","['is_person', 'is_person', 'is_person', 'is_person', 'is_person', 'is_person', 'is_person', 'is_place', 'living_in', 'living_in', 'is_female', 'is_underage', 'is_underage', 'nibling_of', 'no_sisters', 'living_in_same_place', 'is_underage', 'living_in', 'living_in_same_place', 'is_female', 'no_brothers', 'is_male', 'no_sons', 'is_underage', 'living_in_same_place', 'is_male', 'living_in_same_place', 'is_underage', 'living_in']","(5, 3)",['living_in_same_place'],42
"[(0, 0), (1, 1), (2, 2), (3, 3), (4, 4), (5, 5), (6, 6), (7, 7), (1, 7), (4, 7), (3, 3), (3, 3), (6, 6), (6, 0), (1, 1), (3, 2), (4, 4), (5, 7), (6, 5), (2, 2), (6, 6), (0, 0), (4, 4), (0, 0), (2, 1), (1, 1), (6, 3), (2, 2), (3, 7)]","['is_person', 'is_person', 'is_person', 'is_person', 'is_person', 'is_person', 'is_person', 'is_place', 'living_in', 'living_in', 'is_female', 'is_underage', 'is_underage', 'nibling_of', 'no_sisters', 'living_in_same_place', 'is_underage', 'living_in', 'living_in_same_place', 'is_female', 'no_brothers', 'is_male', 'no_sons', 'is_underage', 'living_in_same_place', 'is_male', 'living_in_same_place', 'is_underage', 'living_in']","(6, 2)",['living_in_same_place'],42
"[(0, 0), (1, 1), (2, 2), (3, 3), (4, 4), (5, 5), (6, 6), (7, 7), (1, 7), (4, 7), (3, 3), (3, 3), (6, 6), (6, 0), (1, 1), (3, 2), (4, 4), (5, 7), (6, 5), (2, 2), (6, 6), (0, 0), (4, 4), (0, 0), (2, 1), (1, 1), (6, 3), (2, 2), (3, 7)]","['is_person', 'is_person', 'is_person', 'is_person', 'is_person', 'is_person', 'is_person', 'is_place', 'living_in', 'living_in', 'is_female', 'is_underage', 'is_underage', 'nibling_of', 'no_sisters', 'living_in_same_place', 'is_underage', 'living_in', 'living_in_same_place', 'is_female', 'no_brothers', 'is_male', 'no_sons', 'is_underage', 'living_in_same_place', 'is_male', 'living_in_same_place', 'is_underage', 'living_in']","(3, 1)",['living_in_same_place'],42
"[(0, 0), (1, 1), (2, 2), (3, 3), (4, 4), (5, 5), (6, 6), (7, 7), (1, 7), (4, 7), (3, 3), (3, 3), (6, 6), (6, 0), (1, 1), (3, 2), (4, 4), (5, 7), (6, 5), (2, 2), (6, 6), (0, 0), (4, 4), (0, 0), (2, 1), (1, 1), (6, 3), (2, 2), (3, 7)]","['is_person', 'is_person', 'is_person', 'is_person', 'is_person', 'is_person', 'is_person', 'is_place', 'living_in', 'living_in', 'is_female', 'is_underage', 'is_underage', 'nibling_of', 'no_sisters', 'living_in_same_place', 'is_underage', 'living_in', 'living_in_same_place', 'is_female', 'no_brothers', 'is_male', 'no_sons', 'is_underage', 'living_in_same_place', 'is_male', 'living_in_same_place', 'is_underage', 'living_in']","(1, 5)",['living_in_same_place'],42
"[(0, 0), (1, 1), (2, 2), (3, 3), (4, 4), (5, 5), (6, 6), (7, 7), (1, 7), (4, 7), (3, 3), (3, 3), (6, 6), (6, 0), (1, 1), (3, 2), (4, 4), (5, 7), (6, 5), (2, 2), (6, 6), (0, 0), (4, 4), (0, 0), (2, 1), (1, 1), (6, 3), (2, 2), (3, 7)]","['is_person', 'is_person', 'is_person', 'is_person', 'is_person', 'is_person', 'is_person', 'is_place', 'living_in', 'living_in', 'is_female', 'is_underage', 'is_underage', 'nibling_of', 'no_sisters', 'living_in_same_place', 'is_underage', 'living_in', 'living_in_same_place', 'is_female', 'no_brothers', 'is_male', 'no_sons', 'is_underage', 'living_in_same_place', 'is_male', 'living_in_same_place', 'is_underage', 'living_in']","(1, 3)",['living_in_same_place'],42
"[(0, 0), (1, 1), (2, 2), (3, 3), (4, 4), (5, 5), (6, 6), (7, 7), (1, 7), (4, 7), (3, 3), (3, 3), (6, 6), (6, 0), (1, 1), (3, 2), (4, 4), (5, 7), (6, 5), (2, 2), (6, 6), (0, 0), (4, 4), (0, 0), (2, 1), (1, 1), (6, 3), (2, 2), (3, 7)]","['is_person', 'is_person', 'is_person', 'is_person', 'is_person', 'is_person', 'is_person', 'is_place', 'living_in', 'living_in', 'is_female', 'is_underage', 'is_underage', 'nibling_of', 'no_sisters', 'living_in_same_place', 'is_underage', 'living_in', 'living_in_same_place', 'is_female', 'no_brothers', 'is_male', 'no_sons', 'is_underage', 'living_in_same_place', 'is_male', 'living_in_same_place', 'is_underage', 'living_in']","(5, 2)",['living_in_same_place'],42
"[(0, 0), (1, 1), (2, 2), (3, 3), (4, 4), (5, 5), (6, 6), (7, 7), (1, 7), (4, 7), (3, 3), (3, 3), (6, 6), (6, 0), (1, 1), (3, 2), (4, 4), (5, 7), (6, 5), (2, 2), (6, 6), (0, 0), (4, 4), (0, 0), (2, 1), (1, 1), (6, 3), (2, 2), (3, 7)]","['is_person', 'is_person', 'is_person', 'is_person', 'is_person', 'is_person', 'is_person', 'is_place', 'living_in', 'living_in', 'is_female', 'is_underage', 'is_underage', 'nibling_of', 'no_sisters', 'living_in_same_place', 'is_underage', 'living_in', 'living_in_same_place', 'is_female', 'no_brothers', 'is_male', 'no_sons', 'is_underage', 'living_in_same_place', 'is_male', 'living_in_same_place', 'is_underage', 'living_in']","(3, 6)",['living_in_same_place'],42
"[(0, 0), (1, 1), (2, 2), (3, 3), (4, 4), (5, 5), (6, 6), (7, 7), (1, 7), (4, 7), (3, 3), (3, 3), (6, 6), (6, 0), (1, 1), (3, 2), (4, 4), (5, 7), (6, 5), (2, 2), (6, 6), (0, 0), (4, 4), (0, 0), (2, 1), (1, 1), (6, 3), (2, 2), (3, 7)]","['is_person', 'is_person', 'is_person', 'is_person', 'is_person', 'is_person', 'is_person', 'is_place', 'living_in', 'living_in', 'is_female', 'is_underage', 'is_underage', 'nibling_of', 'no_sisters', 'living_in_same_place', 'is_underage', 'living_in', 'living_in_same_place', 'is_female', 'no_brothers', 'is_male', 'no_sons', 'is_underage', 'living_in_same_place', 'is_male', 'living_in_same_place', 'is_underage', 'living_in']","(5, 1)",['living_in_same_place'],42
"[(0, 0), (1, 1), (2, 2), (3, 3), (4, 4), (5, 5), (6, 6), (7, 7), (1, 7), (4, 7), (3, 3), (3, 3), (6, 6), (6, 0), (1, 1), (3, 2), (4, 4), (5, 7), (6, 5), (2, 2), (6, 6), (0, 0), (4, 4), (0, 0), (2, 1), (1, 1), (6, 3), (2, 2), (3, 7)]","['is_person', 'is_person', 'is_person', 'is_person', 'is_person', 'is_person', 'is_person', 'is_place', 'living_in', 'living_in', 'is_female', 'is_underage', 'is_underage', 'nibling_of', 'no_sisters', 'living_in_same_place', 'is_underage', 'living_in', 'living_in_same_place', 'is_female', 'no_brothers', 'is_male', 'no_sons', 'is_underage', 'living_in_same_place', 'is_male', 'living_in_same_place', 'is_underage', 'living_in']","(6, 7)",['living_in'],42
"[(0, 0), (1, 1), (2, 2), (3, 3), (4, 4), (5, 5), (6, 6), (7, 7), (1, 7), (4, 7), (3, 3), (3, 3), (6, 6), (6, 0), (1, 1), (3, 2), (4, 4), (5, 7), (6, 5), (2, 2), (6, 6), (0, 0), (4, 4), (0, 0), (2, 1), (1, 1), (6, 3), (2, 2), (3, 7)]","['is_person', 'is_person', 'is_person', 'is_person', 'is_person', 'is_person', 'is_person', 'is_place', 'living_in', 'living_in', 'is_female', 'is_underage', 'is_underage', 'nibling_of', 'no_sisters', 'living_in_same_place', 'is_underage', 'living_in', 'living_in_same_place', 'is_female', 'no_brothers', 'is_male', 'no_sons', 'is_underage', 'living_in_same_place', 'is_male', 'living_in_same_place', 'is_underage', 'living_in']","(2, 3)",['living_in_same_place'],42
"[(0, 0), (1, 1), (2, 2), (3, 3), (4, 4), (5, 5), (6, 6), (7, 7), (1, 7), (4, 7), (3, 3), (3, 3), (6, 6), (6, 0), (1, 1), (3, 2), (4, 4), (5, 7), (6, 5), (2, 2), (6, 6), (0, 0), (4, 4), (0, 0), (2, 1), (1, 1), (6, 3), (2, 2), (3, 7)]","['is_person', 'is_person', 'is_person', 'is_person', 'is_person', 'is_person', 'is_person', 'is_place', 'living_in', 'living_in', 'is_female', 'is_underage', 'is_underage', 'nibling_of', 'no_sisters', 'living_in_same_place', 'is_underage', 'living_in', 'living_in_same_place', 'is_female', 'no_brothers', 'is_male', 'no_sons', 'is_underage', 'living_in_same_place', 'is_male', 'living_in_same_place', 'is_underage', 'living_in']","(2, 6)",['living_in_same_place'],42
"[(0, 0), (1, 1), (2, 2), (3, 3), (4, 4), (5, 5), (6, 6), (7, 7), (1, 7), (4, 7), (3, 3), (3, 3), (6, 6), (6, 0), (1, 1), (3, 2), (4, 4), (5, 7), (6, 5), (2, 2), (6, 6), (0, 0), (4, 4), (0, 0), (2, 1), (1, 1), (6, 3), (2, 2), (3, 7)]","['is_person', 'is_person', 'is_person', 'is_person', 'is_person', 'is_person', 'is_person', 'is_place', 'living_in', 'living_in', 'is_female', 'is_underage', 'is_underage', 'nibling_of', 'no_sisters', 'living_in_same_place', 'is_underage', 'living_in', 'living_in_same_place', 'is_female', 'no_brothers', 'is_male', 'no_sons', 'is_underage', 'living_in_same_place', 'is_male', 'living_in_same_place', 'is_underage', 'living_in']","(1, 2)",['living_in_same_place'],42
"[(0, 0), (1, 1), (2, 2), (3, 3), (4, 4), (5, 5), (6, 6), (7, 7), (1, 7), (4, 7), (3, 3), (3, 3), (6, 6), (6, 0), (1, 1), (3, 2), (4, 4), (5, 7), (6, 5), (2, 2), (6, 6), (0, 0), (4, 4), (0, 0), (2, 1), (1, 1), (6, 3), (2, 2), (3, 7)]","['is_person', 'is_person', 'is_person', 'is_person', 'is_person', 'is_person', 'is_person', 'is_place', 'living_in', 'living_in', 'is_female', 'is_underage', 'is_underage', 'nibling_of', 'no_sisters', 'living_in_same_place', 'is_underage', 'living_in', 'living_in_same_place', 'is_female', 'no_brothers', 'is_male', 'no_sons', 'is_underage', 'living_in_same_place', 'is_male', 'living_in_same_place', 'is_underage', 'living_in']","(1, 6)",['living_in_same_place'],42
"[(0, 0), (1, 1), (2, 2), (3, 3), (4, 4), (0, 0), (2, 1), (3, 3), (0, 4), (1, 2), (2, 2), (2, 0), (2, 1), (1, 1), (0, 0), (3, 2), (3, 4), (3, 1), (3, 3)]","['is_person', 'is_person', 'is_person', 'is_person', 'is_place', 'is_female', 'living_in_same_place', 'no_sisters', 'maternal_grandfather_of', 'living_in_same_place', 'no_daughters', 'living_in_same_place', 'sister_in_law_of', 'no_brothers', 'no_brothers', 'living_in_same_place', 'living_in', 'living_in_same_place', 'is_female']","(0, 2)",['living_in_same_place'],43
"[(0, 0), (1, 1), (2, 2), (3, 3), (4, 4), (0, 0), (2, 1), (3, 3), (0, 4), (1, 2), (2, 2), (2, 0), (2, 1), (1, 1), (0, 0), (3, 2), (3, 4), (3, 1), (3, 3)]","['is_person', 'is_person', 'is_person', 'is_person', 'is_place', 'is_female', 'living_in_same_place', 'no_sisters', 'maternal_grandfather_of', 'living_in_same_place', 'no_daughters', 'living_in_same_place', 'sister_in_law_of', 'no_brothers', 'no_brothers', 'living_in_same_place', 'living_in', 'living_in_same_place', 'is_female']","(1, 3)",['living_in_same_place'],43
"[(0, 0), (1, 1), (2, 2), (3, 3), (4, 4), (0, 0), (2, 1), (3, 3), (0, 4), (1, 2), (2, 2), (2, 0), (2, 1), (1, 1), (0, 0), (3, 2), (3, 4), (3, 1), (3, 3)]","['is_person', 'is_person', 'is_person', 'is_person', 'is_place', 'is_female', 'living_in_same_place', 'no_sisters', 'maternal_grandfather_of', 'living_in_same_place', 'no_daughters', 'living_in_same_place', 'sister_in_law_of', 'no_brothers', 'no_brothers', 'living_in_same_place', 'living_in', 'living_in_same_place', 'is_female']","(1, 0)",['living_in_same_place'],43
"[(0, 0), (1, 1), (2, 2), (3, 3), (4, 4), (0, 0), (2, 1), (3, 3), (0, 4), (1, 2), (2, 2), (2, 0), (2, 1), (1, 1), (0, 0), (3, 2), (3, 4), (3, 1), (3, 3)]","['is_person', 'is_person', 'is_person', 'is_person', 'is_place', 'is_female', 'living_in_same_place', 'no_sisters', 'maternal_grandfather_of', 'living_in_same_place', 'no_daughters', 'living_in_same_place', 'sister_in_law_of', 'no_brothers', 'no_brothers', 'living_in_same_place', 'living_in', 'living_in_same_place', 'is_female']","(2, 3)",['living_in_same_place'],43
"[(0, 0), (1, 1), (2, 2), (3, 3), (4, 4), (0, 0), (2, 1), (3, 3), (0, 4), (1, 2), (2, 2), (2, 0), (2, 1), (1, 1), (0, 0), (3, 2), (3, 4), (3, 1), (3, 3)]","['is_person', 'is_person', 'is_person', 'is_person', 'is_place', 'is_female', 'living_in_same_place', 'no_sisters', 'maternal_grandfather_of', 'living_in_same_place', 'no_daughters', 'living_in_same_place', 'sister_in_law_of', 'no_brothers', 'no_brothers', 'living_in_same_place', 'living_in', 'living_in_same_place', 'is_female']","(2, 2)","['no_daughters', 'is_female']",43
"[(0, 0), (1, 1), (2, 2), (3, 3), (4, 4), (0, 0), (2, 1), (3, 3), (0, 4), (1, 2), (2, 2), (2, 0), (2, 1), (1, 1), (0, 0), (3, 2), (3, 4), (3, 1), (3, 3)]","['is_person', 'is_person', 'is_person', 'is_person', 'is_place', 'is_female', 'living_in_same_place', 'no_sisters', 'maternal_grandfather_of', 'living_in_same_place', 'no_daughters', 'living_in_same_place', 'sister_in_law_of', 'no_brothers', 'no_brothers', 'living_in_same_place', 'living_in', 'living_in_same_place', 'is_female']","(0, 3)",['living_in_same_place'],43
"[(0, 0), (1, 1), (2, 2), (3, 3), (4, 4), (0, 0), (2, 1), (3, 3), (0, 4), (1, 2), (2, 2), (2, 0), (2, 1), (1, 1), (0, 0), (3, 2), (3, 4), (3, 1), (3, 3)]","['is_person', 'is_person', 'is_person', 'is_person', 'is_place', 'is_female', 'living_in_same_place', 'no_sisters', 'maternal_grandfather_of', 'living_in_same_place', 'no_daughters', 'living_in_same_place', 'sister_in_law_of', 'no_brothers', 'no_brothers', 'living_in_same_place', 'living_in', 'living_in_same_place', 'is_female']","(0, 4)","['maternal_grandfather_of', 'living_in']",43
"[(0, 0), (1, 1), (2, 2), (3, 3), (4, 4), (0, 0), (2, 1), (3, 3), (0, 4), (1, 2), (2, 2), (2, 0), (2, 1), (1, 1), (0, 0), (3, 2), (3, 4), (3, 1), (3, 3)]","['is_person', 'is_person', 'is_person', 'is_person', 'is_place', 'is_female', 'living_in_same_place', 'no_sisters', 'maternal_grandfather_of', 'living_in_same_place', 'no_daughters', 'living_in_same_place', 'sister_in_law_of', 'no_brothers', 'no_brothers', 'living_in_same_place', 'living_in', 'living_in_same_place', 'is_female']","(2, 1)","['living_in_same_place', 'sister_in_law_of', 'sibling_in_law_of']",43
"[(0, 0), (1, 1), (2, 2), (3, 3), (4, 4), (0, 0), (2, 1), (3, 3), (0, 4), (1, 2), (2, 2), (2, 0), (2, 1), (1, 1), (0, 0), (3, 2), (3, 4), (3, 1), (3, 3)]","['is_person', 'is_person', 'is_person', 'is_person', 'is_place', 'is_female', 'living_in_same_place', 'no_sisters', 'maternal_grandfather_of', 'living_in_same_place', 'no_daughters', 'living_in_same_place', 'sister_in_law_of', 'no_brothers', 'no_brothers', 'living_in_same_place', 'living_in', 'living_in_same_place', 'is_female']","(2, 4)",['living_in'],43
"[(0, 0), (1, 1), (2, 2), (3, 3), (4, 4), (0, 0), (2, 1), (3, 3), (0, 4), (1, 2), (2, 2), (2, 0), (2, 1), (1, 1), (0, 0), (3, 2), (3, 4), (3, 1), (3, 3)]","['is_person', 'is_person', 'is_person', 'is_person', 'is_place', 'is_female', 'living_in_same_place', 'no_sisters', 'maternal_grandfather_of', 'living_in_same_place', 'no_daughters', 'living_in_same_place', 'sister_in_law_of', 'no_brothers', 'no_brothers', 'living_in_same_place', 'living_in', 'living_in_same_place', 'is_female']","(3, 0)",['living_in_same_place'],43
"[(0, 0), (1, 1), (2, 2), (3, 3), (4, 4), (0, 0), (2, 1), (3, 3), (0, 4), (1, 2), (2, 2), (2, 0), (2, 1), (1, 1), (0, 0), (3, 2), (3, 4), (3, 1), (3, 3)]","['is_person', 'is_person', 'is_person', 'is_person', 'is_place', 'is_female', 'living_in_same_place', 'no_sisters', 'maternal_grandfather_of', 'living_in_same_place', 'no_daughters', 'living_in_same_place', 'sister_in_law_of', 'no_brothers', 'no_brothers', 'living_in_same_place', 'living_in', 'living_in_same_place', 'is_female']","(0, 1)",['living_in_same_place'],43
"[(0, 0), (1, 1), (2, 2), (3, 3), (4, 4), (0, 0), (2, 1), (3, 3), (0, 4), (1, 2), (2, 2), (2, 0), (2, 1), (1, 1), (0, 0), (3, 2), (3, 4), (3, 1), (3, 3)]","['is_person', 'is_person', 'is_person', 'is_person', 'is_place', 'is_female', 'living_in_same_place', 'no_sisters', 'maternal_grandfather_of', 'living_in_same_place', 'no_daughters', 'living_in_same_place', 'sister_in_law_of', 'no_brothers', 'no_brothers', 'living_in_same_place', 'living_in', 'living_in_same_place', 'is_female']","(1, 4)",['living_in'],43
"[(0, 0), (1, 1), (2, 2), (3, 3), (4, 4), (0, 0), (2, 1), (3, 3), (0, 4), (1, 2), (2, 2), (2, 0), (2, 1), (1, 1), (0, 0), (3, 2), (3, 4), (3, 1), (3, 3)]","['is_person', 'is_person', 'is_person', 'is_person', 'is_place', 'is_female', 'living_in_same_place', 'no_sisters', 'maternal_grandfather_of', 'living_in_same_place', 'no_daughters', 'living_in_same_place', 'sister_in_law_of', 'no_brothers', 'no_brothers', 'living_in_same_place', 'living_in', 'living_in_same_place', 'is_female']","(1, 2)","['living_in_same_place', 'sibling_in_law_of']",43
"[(0, 0), (1, 1), (2, 2), (3, 3), (4, 4), (5, 5), (6, 6), (7, 7), (5, 5), (2, 2), (0, 0), (1, 1), (1, 7), (5, 0), (0, 7), (2, 1), (0, 0), (5, 6), (0, 3), (4, 4), (2, 7), (0, 0), (3, 6), (4, 4), (3, 3), (5, 5), (2, 4), (4, 4), (2, 2)]","['is_person', 'is_person', 'is_person', 'is_person', 'is_person', 'is_person', 'is_place', 'is_place', 'is_female', 'is_male', 'is_female', 'no_sons', 'living_in', 'parent_in_law_of', 'living_in', 'living_in_same_place', 'no_sons', 'living_in', 'nibling_of', 'no_brothers', 'living_in', 'is_underage', 'living_in', 'is_female', 'is_female', 'is_underage', 'living_in_same_place', 'no_sons', 'no_brothers']","(4, 2)",['living_in_same_place'],44
"[(0, 0), (1, 1), (2, 2), (3, 3), (4, 4), (5, 5), (6, 6), (7, 7), (5, 5), (2, 2), (0, 0), (1, 1), (1, 7), (5, 0), (0, 7), (2, 1), (0, 0), (5, 6), (0, 3), (4, 4), (2, 7), (0, 0), (3, 6), (4, 4), (3, 3), (5, 5), (2, 4), (4, 4), (2, 2)]","['is_person', 'is_person', 'is_person', 'is_person', 'is_person', 'is_person', 'is_place', 'is_place', 'is_female', 'is_male', 'is_female', 'no_sons', 'living_in', 'parent_in_law_of', 'living_in', 'living_in_same_place', 'no_sons', 'living_in', 'nibling_of', 'no_brothers', 'living_in', 'is_underage', 'living_in', 'is_female', 'is_female', 'is_underage', 'living_in_same_place', 'no_sons', 'no_brothers']","(3, 0)","['aunt_of', 'aunt_or_uncle_of']",44
"[(0, 0), (1, 1), (2, 2), (3, 3), (4, 4), (5, 5), (6, 6), (7, 7), (5, 5), (2, 2), (0, 0), (1, 1), (1, 7), (5, 0), (0, 7), (2, 1), (0, 0), (5, 6), (0, 3), (4, 4), (2, 7), (0, 0), (3, 6), (4, 4), (3, 3), (5, 5), (2, 4), (4, 4), (2, 2)]","['is_person', 'is_person', 'is_person', 'is_person', 'is_person', 'is_person', 'is_place', 'is_place', 'is_female', 'is_male', 'is_female', 'no_sons', 'living_in', 'parent_in_law_of', 'living_in', 'living_in_same_place', 'no_sons', 'living_in', 'nibling_of', 'no_brothers', 'living_in', 'is_underage', 'living_in', 'is_female', 'is_female', 'is_underage', 'living_in_same_place', 'no_sons', 'no_brothers']","(5, 7)",['Not_living_in'],44
"[(0, 0), (1, 1), (2, 2), (3, 3), (4, 4), (5, 5), (6, 6), (7, 7), (5, 5), (2, 2), (0, 0), (1, 1), (1, 7), (5, 0), (0, 7), (2, 1), (0, 0), (5, 6), (0, 3), (4, 4), (2, 7), (0, 0), (3, 6), (4, 4), (3, 3), (5, 5), (2, 4), (4, 4), (2, 2)]","['is_person', 'is_person', 'is_person', 'is_person', 'is_person', 'is_person', 'is_place', 'is_place', 'is_female', 'is_male', 'is_female', 'no_sons', 'living_in', 'parent_in_law_of', 'living_in', 'living_in_same_place', 'no_sons', 'living_in', 'nibling_of', 'no_brothers', 'living_in', 'is_underage', 'living_in', 'is_female', 'is_female', 'is_underage', 'living_in_same_place', 'no_sons', 'no_brothers']","(0, 5)","['daughter_in_law_of', 'child_in_law_of']",44
"[(0, 0), (1, 1), (2, 2), (3, 3), (4, 4), (5, 5), (6, 6), (7, 7), (5, 5), (2, 2), (0, 0), (1, 1), (1, 7), (5, 0), (0, 7), (2, 1), (0, 0), (5, 6), (0, 3), (4, 4), (2, 7), (0, 0), (3, 6), (4, 4), (3, 3), (5, 5), (2, 4), (4, 4), (2, 2)]","['is_person', 'is_person', 'is_person', 'is_person', 'is_person', 'is_person', 'is_place', 'is_place', 'is_female', 'is_male', 'is_female', 'no_sons', 'living_in', 'parent_in_law_of', 'living_in', 'living_in_same_place', 'no_sons', 'living_in', 'nibling_of', 'no_brothers', 'living_in', 'is_underage', 'living_in', 'is_female', 'is_female', 'is_underage', 'living_in_same_place', 'no_sons', 'no_brothers']","(4, 6)",['Not_living_in'],44
"[(0, 0), (1, 1), (2, 2), (3, 3), (4, 4), (5, 5), (6, 6), (7, 7), (5, 5), (2, 2), (0, 0), (1, 1), (1, 7), (5, 0), (0, 7), (2, 1), (0, 0), (5, 6), (0, 3), (4, 4), (2, 7), (0, 0), (3, 6), (4, 4), (3, 3), (5, 5), (2, 4), (4, 4), (2, 2)]","['is_person', 'is_person', 'is_person', 'is_person', 'is_person', 'is_person', 'is_place', 'is_place', 'is_female', 'is_male', 'is_female', 'no_sons', 'living_in', 'parent_in_law_of', 'living_in', 'living_in_same_place', 'no_sons', 'living_in', 'nibling_of', 'no_brothers', 'living_in', 'is_underage', 'living_in', 'is_female', 'is_female', 'is_underage', 'living_in_same_place', 'no_sons', 'no_brothers']","(0, 6)",['Not_living_in'],44
"[(0, 0), (1, 1), (2, 2), (3, 3), (4, 4), (5, 5), (6, 6), (7, 7), (5, 5), (2, 2), (0, 0), (1, 1), (1, 7), (5, 0), (0, 7), (2, 1), (0, 0), (5, 6), (0, 3), (4, 4), (2, 7), (0, 0), (3, 6), (4, 4), (3, 3), (5, 5), (2, 4), (4, 4), (2, 2)]","['is_person', 'is_person', 'is_person', 'is_person', 'is_person', 'is_person', 'is_place', 'is_place', 'is_female', 'is_male', 'is_female', 'no_sons', 'living_in', 'parent_in_law_of', 'living_in', 'living_in_same_place', 'no_sons', 'living_in', 'nibling_of', 'no_brothers', 'living_in', 'is_underage', 'living_in', 'is_female', 'is_female', 'is_underage', 'living_in_same_place', 'no_sons', 'no_brothers']","(1, 4)",['living_in_same_place'],44
"[(0, 0), (1, 1), (2, 2), (3, 3), (4, 4), (5, 5), (6, 6), (7, 7), (5, 5), (2, 2), (0, 0), (1, 1), (1, 7), (5, 0), (0, 7), (2, 1), (0, 0), (5, 6), (0, 3), (4, 4), (2, 7), (0, 0), (3, 6), (4, 4), (3, 3), (5, 5), (2, 4), (4, 4), (2, 2)]","['is_person', 'is_person', 'is_person', 'is_person', 'is_person', 'is_person', 'is_place', 'is_place', 'is_female', 'is_male', 'is_female', 'no_sons', 'living_in', 'parent_in_law_of', 'living_in', 'living_in_same_place', 'no_sons', 'living_in', 'nibling_of', 'no_brothers', 'living_in', 'is_underage', 'living_in', 'is_female', 'is_female', 'is_underage', 'living_in_same_place', 'no_sons', 'no_brothers']","(4, 7)",['living_in'],44
"[(0, 0), (1, 1), (2, 2), (3, 3), (4, 4), (5, 5), (6, 6), (7, 7), (5, 5), (2, 2), (0, 0), (1, 1), (1, 7), (5, 0), (0, 7), (2, 1), (0, 0), (5, 6), (0, 3), (4, 4), (2, 7), (0, 0), (3, 6), (4, 4), (3, 3), (5, 5), (2, 4), (4, 4), (2, 2)]","['is_person', 'is_person', 'is_person', 'is_person', 'is_person', 'is_person', 'is_place', 'is_place', 'is_female', 'is_male', 'is_female', 'no_sons', 'living_in', 'parent_in_law_of', 'living_in', 'living_in_same_place', 'no_sons', 'living_in', 'nibling_of', 'no_brothers', 'living_in', 'is_underage', 'living_in', 'is_female', 'is_female', 'is_underage', 'living_in_same_place', 'no_sons', 'no_brothers']","(3, 7)",['Not_living_in'],44
"[(0, 0), (1, 1), (2, 2), (3, 3), (4, 4), (5, 5), (6, 6), (7, 7), (5, 5), (2, 2), (0, 0), (1, 1), (1, 7), (5, 0), (0, 7), (2, 1), (0, 0), (5, 6), (0, 3), (4, 4), (2, 7), (0, 0), (3, 6), (4, 4), (3, 3), (5, 5), (2, 4), (4, 4), (2, 2)]","['is_person', 'is_person', 'is_person', 'is_person', 'is_person', 'is_person', 'is_place', 'is_place', 'is_female', 'is_male', 'is_female', 'no_sons', 'living_in', 'parent_in_law_of', 'living_in', 'living_in_same_place', 'no_sons', 'living_in', 'nibling_of', 'no_brothers', 'living_in', 'is_underage', 'living_in', 'is_female', 'is_female', 'is_underage', 'living_in_same_place', 'no_sons', 'no_brothers']","(4, 1)",['living_in_same_place'],44
"[(0, 0), (1, 1), (2, 2), (3, 3), (4, 4), (5, 5), (6, 6), (7, 7), (5, 5), (2, 2), (0, 0), (1, 1), (1, 7), (5, 0), (0, 7), (2, 1), (0, 0), (5, 6), (0, 3), (4, 4), (2, 7), (0, 0), (3, 6), (4, 4), (3, 3), (5, 5), (2, 4), (4, 4), (2, 2)]","['is_person', 'is_person', 'is_person', 'is_person', 'is_person', 'is_person', 'is_place', 'is_place', 'is_female', 'is_male', 'is_female', 'no_sons', 'living_in', 'parent_in_law_of', 'living_in', 'living_in_same_place', 'no_sons', 'living_in', 'nibling_of', 'no_brothers', 'living_in', 'is_underage', 'living_in', 'is_female', 'is_female', 'is_underage', 'living_in_same_place', 'no_sons', 'no_brothers']","(1, 2)",['living_in_same_place'],44
"[(0, 0), (1, 1), (2, 2), (3, 3), (4, 4), (5, 5), (6, 6), (7, 7), (5, 5), (2, 2), (0, 0), (1, 1), (1, 7), (5, 0), (0, 7), (2, 1), (0, 0), (5, 6), (0, 3), (4, 4), (2, 7), (0, 0), (3, 6), (4, 4), (3, 3), (5, 5), (2, 4), (4, 4), (2, 2)]","['is_person', 'is_person', 'is_person', 'is_person', 'is_person', 'is_person', 'is_place', 'is_place', 'is_female', 'is_male', 'is_female', 'no_sons', 'living_in', 'parent_in_law_of', 'living_in', 'living_in_same_place', 'no_sons', 'living_in', 'nibling_of', 'no_brothers', 'living_in', 'is_underage', 'living_in', 'is_female', 'is_female', 'is_underage', 'living_in_same_place', 'no_sons', 'no_brothers']","(5, 0)","['parent_in_law_of', 'mother_in_law_of']",44
"[(0, 0), (1, 1), (2, 2), (3, 3), (4, 4), (5, 5), (6, 6), (7, 7), (5, 5), (2, 2), (0, 0), (1, 1), (1, 7), (5, 0), (0, 7), (2, 1), (0, 0), (5, 6), (0, 3), (4, 4), (2, 7), (0, 0), (3, 6), (4, 4), (3, 3), (5, 5), (2, 4), (4, 4), (2, 2)]","['is_person', 'is_person', 'is_person', 'is_person', 'is_person', 'is_person', 'is_place', 'is_place', 'is_female', 'is_male', 'is_female', 'no_sons', 'living_in', 'parent_in_law_of', 'living_in', 'living_in_same_place', 'no_sons', 'living_in', 'nibling_of', 'no_brothers', 'living_in', 'is_underage', 'living_in', 'is_female', 'is_female', 'is_underage', 'living_in_same_place', 'no_sons', 'no_brothers']","(0, 3)","['nibling_of', 'niece_of']",44
"[(0, 0), (1, 1), (2, 2), (3, 3), (4, 4), (5, 5), (6, 6), (7, 7), (5, 5), (2, 2), (0, 0), (1, 1), (1, 7), (5, 0), (0, 7), (2, 1), (0, 0), (5, 6), (0, 3), (4, 4), (2, 7), (0, 0), (3, 6), (4, 4), (3, 3), (5, 5), (2, 4), (4, 4), (2, 2)]","['is_person', 'is_person', 'is_person', 'is_person', 'is_person', 'is_person', 'is_place', 'is_place', 'is_female', 'is_male', 'is_female', 'no_sons', 'living_in', 'parent_in_law_of', 'living_in', 'living_in_same_place', 'no_sons', 'living_in', 'nibling_of', 'no_brothers', 'living_in', 'is_underage', 'living_in', 'is_female', 'is_female', 'is_underage', 'living_in_same_place', 'no_sons', 'no_brothers']","(2, 6)",['Not_living_in'],44
"[(0, 0), (1, 1), (2, 2), (3, 3), (4, 4), (5, 5), (6, 6), (7, 7), (5, 5), (2, 2), (0, 0), (1, 1), (1, 7), (5, 0), (0, 7), (2, 1), (0, 0), (5, 6), (0, 3), (4, 4), (2, 7), (0, 0), (3, 6), (4, 4), (3, 3), (5, 5), (2, 4), (4, 4), (2, 2)]","['is_person', 'is_person', 'is_person', 'is_person', 'is_person', 'is_person', 'is_place', 'is_place', 'is_female', 'is_male', 'is_female', 'no_sons', 'living_in', 'parent_in_law_of', 'living_in', 'living_in_same_place', 'no_sons', 'living_in', 'nibling_of', 'no_brothers', 'living_in', 'is_underage', 'living_in', 'is_female', 'is_female', 'is_underage', 'living_in_same_place', 'no_sons', 'no_brothers']","(1, 6)",['Not_living_in'],44
"[(0, 0), (1, 1), (2, 2), (3, 3), (4, 4), (5, 5), (6, 6), (3, 6), (5, 0), (1, 6), (0, 0), (0, 5), (4, 6), (2, 2), (4, 4), (2, 2), (5, 6), (2, 2), (2, 6), (5, 5), (4, 4), (4, 3), (0, 1), (0, 0), (3, 4), (6, 2), (5, 4), (1, 3)]","['is_person', 'is_person', 'is_person', 'is_person', 'is_person', 'is_person', 'is_place', 'living_in', 'school_mates_with', 'living_in', 'is_underage', 'living_in_same_place', 'living_in', 'no_sons', 'no_brothers', 'is_female', 'living_in', 'is_underage', 'living_in', 'is_female', 'is_underage', 'living_in_same_place', 'living_in_same_place', 'no_sons', 'living_in_same_place', 'paternal_grandfather_of', 'maternal_aunt_of', 'living_in_same_place']","(5, 1)",['living_in_same_place'],45
"[(0, 0), (1, 1), (2, 2), (3, 3), (4, 4), (5, 5), (6, 6), (3, 6), (5, 0), (1, 6), (0, 0), (0, 5), (4, 6), (2, 2), (4, 4), (2, 2), (5, 6), (2, 2), (2, 6), (5, 5), (4, 4), (4, 3), (0, 1), (0, 0), (3, 4), (6, 2), (5, 4), (1, 3)]","['is_person', 'is_person', 'is_person', 'is_person', 'is_person', 'is_person', 'is_place', 'living_in', 'school_mates_with', 'living_in', 'is_underage', 'living_in_same_place', 'living_in', 'no_sons', 'no_brothers', 'is_female', 'living_in', 'is_underage', 'living_in', 'is_female', 'is_underage', 'living_in_same_place', 'living_in_same_place', 'no_sons', 'living_in_same_place', 'paternal_grandfather_of', 'maternal_aunt_of', 'living_in_same_place']","(4, 5)",['living_in_same_place'],45
"[(0, 0), (1, 1), (2, 2), (3, 3), (4, 4), (5, 5), (6, 6), (3, 6), (5, 0), (1, 6), (0, 0), (0, 5), (4, 6), (2, 2), (4, 4), (2, 2), (5, 6), (2, 2), (2, 6), (5, 5), (4, 4), (4, 3), (0, 1), (0, 0), (3, 4), (6, 2), (5, 4), (1, 3)]","['is_person', 'is_person', 'is_person', 'is_person', 'is_person', 'is_person', 'is_place', 'living_in', 'school_mates_with', 'living_in', 'is_underage', 'living_in_same_place', 'living_in', 'no_sons', 'no_brothers', 'is_female', 'living_in', 'is_underage', 'living_in', 'is_female', 'is_underage', 'living_in_same_place', 'living_in_same_place', 'no_sons', 'living_in_same_place', 'paternal_grandfather_of', 'maternal_aunt_of', 'living_in_same_place']","(5, 0)","['school_mates_with', 'living_in_same_place']",45
"[(0, 0), (1, 1), (2, 2), (3, 3), (4, 4), (5, 5), (6, 6), (3, 6), (5, 0), (1, 6), (0, 0), (0, 5), (4, 6), (2, 2), (4, 4), (2, 2), (5, 6), (2, 2), (2, 6), (5, 5), (4, 4), (4, 3), (0, 1), (0, 0), (3, 4), (6, 2), (5, 4), (1, 3)]","['is_person', 'is_person', 'is_person', 'is_person', 'is_person', 'is_person', 'is_place', 'living_in', 'school_mates_with', 'living_in', 'is_underage', 'living_in_same_place', 'living_in', 'no_sons', 'no_brothers', 'is_female', 'living_in', 'is_underage', 'living_in', 'is_female', 'is_underage', 'living_in_same_place', 'living_in_same_place', 'no_sons', 'living_in_same_place', 'paternal_grandfather_of', 'maternal_aunt_of', 'living_in_same_place']","(5, 5)","['is_female', 'is_underage']",45
"[(0, 0), (1, 1), (2, 2), (3, 3), (4, 4), (5, 5), (6, 6), (3, 6), (5, 0), (1, 6), (0, 0), (0, 5), (4, 6), (2, 2), (4, 4), (2, 2), (5, 6), (2, 2), (2, 6), (5, 5), (4, 4), (4, 3), (0, 1), (0, 0), (3, 4), (6, 2), (5, 4), (1, 3)]","['is_person', 'is_person', 'is_person', 'is_person', 'is_person', 'is_person', 'is_place', 'living_in', 'school_mates_with', 'living_in', 'is_underage', 'living_in_same_place', 'living_in', 'no_sons', 'no_brothers', 'is_female', 'living_in', 'is_underage', 'living_in', 'is_female', 'is_underage', 'living_in_same_place', 'living_in_same_place', 'no_sons', 'living_in_same_place', 'paternal_grandfather_of', 'maternal_aunt_of', 'living_in_same_place']","(0, 4)",['living_in_same_place'],45
"[(0, 0), (1, 1), (2, 2), (3, 3), (4, 4), (5, 5), (6, 6), (3, 6), (5, 0), (1, 6), (0, 0), (0, 5), (4, 6), (2, 2), (4, 4), (2, 2), (5, 6), (2, 2), (2, 6), (5, 5), (4, 4), (4, 3), (0, 1), (0, 0), (3, 4), (6, 2), (5, 4), (1, 3)]","['is_person', 'is_person', 'is_person', 'is_person', 'is_person', 'is_person', 'is_place', 'living_in', 'school_mates_with', 'living_in', 'is_underage', 'living_in_same_place', 'living_in', 'no_sons', 'no_brothers', 'is_female', 'living_in', 'is_underage', 'living_in', 'is_female', 'is_underage', 'living_in_same_place', 'living_in_same_place', 'no_sons', 'living_in_same_place', 'paternal_grandfather_of', 'maternal_aunt_of', 'living_in_same_place']","(1, 5)",['living_in_same_place'],45
"[(0, 0), (1, 1), (2, 2), (3, 3), (4, 4), (5, 5), (6, 6), (3, 6), (5, 0), (1, 6), (0, 0), (0, 5), (4, 6), (2, 2), (4, 4), (2, 2), (5, 6), (2, 2), (2, 6), (5, 5), (4, 4), (4, 3), (0, 1), (0, 0), (3, 4), (6, 2), (5, 4), (1, 3)]","['is_person', 'is_person', 'is_person', 'is_person', 'is_person', 'is_person', 'is_place', 'living_in', 'school_mates_with', 'living_in', 'is_underage', 'living_in_same_place', 'living_in', 'no_sons', 'no_brothers', 'is_female', 'living_in', 'is_underage', 'living_in', 'is_female', 'is_underage', 'living_in_same_place', 'living_in_same_place', 'no_sons', 'living_in_same_place', 'paternal_grandfather_of', 'maternal_aunt_of', 'living_in_same_place']","(0, 6)",['living_in'],45
"[(0, 0), (1, 1), (2, 2), (3, 3), (4, 4), (5, 5), (6, 6), (3, 6), (5, 0), (1, 6), (0, 0), (0, 5), (4, 6), (2, 2), (4, 4), (2, 2), (5, 6), (2, 2), (2, 6), (5, 5), (4, 4), (4, 3), (0, 1), (0, 0), (3, 4), (6, 2), (5, 4), (1, 3)]","['is_person', 'is_person', 'is_person', 'is_person', 'is_person', 'is_person', 'is_place', 'living_in', 'school_mates_with', 'living_in', 'is_underage', 'living_in_same_place', 'living_in', 'no_sons', 'no_brothers', 'is_female', 'living_in', 'is_underage', 'living_in', 'is_female', 'is_underage', 'living_in_same_place', 'living_in_same_place', 'no_sons', 'living_in_same_place', 'paternal_grandfather_of', 'maternal_aunt_of', 'living_in_same_place']","(1, 4)",['living_in_same_place'],45
"[(0, 0), (1, 1), (2, 2), (3, 3), (4, 4), (5, 5), (6, 6), (3, 6), (5, 0), (1, 6), (0, 0), (0, 5), (4, 6), (2, 2), (4, 4), (2, 2), (5, 6), (2, 2), (2, 6), (5, 5), (4, 4), (4, 3), (0, 1), (0, 0), (3, 4), (6, 2), (5, 4), (1, 3)]","['is_person', 'is_person', 'is_person', 'is_person', 'is_person', 'is_person', 'is_place', 'living_in', 'school_mates_with', 'living_in', 'is_underage', 'living_in_same_place', 'living_in', 'no_sons', 'no_brothers', 'is_female', 'living_in', 'is_underage', 'living_in', 'is_female', 'is_underage', 'living_in_same_place', 'living_in_same_place', 'no_sons', 'living_in_same_place', 'paternal_grandfather_of', 'maternal_aunt_of', 'living_in_same_place']","(3, 5)",['living_in_same_place'],45
"[(0, 0), (1, 1), (2, 2), (3, 3), (4, 4), (5, 5), (6, 6), (3, 6), (5, 0), (1, 6), (0, 0), (0, 5), (4, 6), (2, 2), (4, 4), (2, 2), (5, 6), (2, 2), (2, 6), (5, 5), (4, 4), (4, 3), (0, 1), (0, 0), (3, 4), (6, 2), (5, 4), (1, 3)]","['is_person', 'is_person', 'is_person', 'is_person', 'is_person', 'is_person', 'is_place', 'living_in', 'school_mates_with', 'living_in', 'is_underage', 'living_in_same_place', 'living_in', 'no_sons', 'no_brothers', 'is_female', 'living_in', 'is_underage', 'living_in', 'is_female', 'is_underage', 'living_in_same_place', 'living_in_same_place', 'no_sons', 'living_in_same_place', 'paternal_grandfather_of', 'maternal_aunt_of', 'living_in_same_place']","(5, 3)",['living_in_same_place'],45
"[(0, 0), (1, 1), (2, 2), (3, 3), (4, 4), (5, 5), (6, 6), (3, 6), (5, 0), (1, 6), (0, 0), (0, 5), (4, 6), (2, 2), (4, 4), (2, 2), (5, 6), (2, 2), (2, 6), (5, 5), (4, 4), (4, 3), (0, 1), (0, 0), (3, 4), (6, 2), (5, 4), (1, 3)]","['is_person', 'is_person', 'is_person', 'is_person', 'is_person', 'is_person', 'is_place', 'living_in', 'school_mates_with', 'living_in', 'is_underage', 'living_in_same_place', 'living_in', 'no_sons', 'no_brothers', 'is_female', 'living_in', 'is_underage', 'living_in', 'is_female', 'is_underage', 'living_in_same_place', 'living_in_same_place', 'no_sons', 'living_in_same_place', 'paternal_grandfather_of', 'maternal_aunt_of', 'living_in_same_place']","(5, 4)","['maternal_aunt_of', 'living_in_same_place']",45
"[(0, 0), (1, 1), (2, 2), (3, 3), (4, 4), (5, 5), (6, 6), (3, 6), (5, 0), (1, 6), (0, 0), (0, 5), (4, 6), (2, 2), (4, 4), (2, 2), (5, 6), (2, 2), (2, 6), (5, 5), (4, 4), (4, 3), (0, 1), (0, 0), (3, 4), (6, 2), (5, 4), (1, 3)]","['is_person', 'is_person', 'is_person', 'is_person', 'is_person', 'is_person', 'is_place', 'living_in', 'school_mates_with', 'living_in', 'is_underage', 'living_in_same_place', 'living_in', 'no_sons', 'no_brothers', 'is_female', 'living_in', 'is_underage', 'living_in', 'is_female', 'is_underage', 'living_in_same_place', 'living_in_same_place', 'no_sons', 'living_in_same_place', 'paternal_grandfather_of', 'maternal_aunt_of', 'living_in_same_place']","(0, 3)",['living_in_same_place'],45
"[(0, 0), (1, 1), (2, 2), (3, 3), (4, 4), (5, 5), (6, 6), (3, 6), (5, 0), (1, 6), (0, 0), (0, 5), (4, 6), (2, 2), (4, 4), (2, 2), (5, 6), (2, 2), (2, 6), (5, 5), (4, 4), (4, 3), (0, 1), (0, 0), (3, 4), (6, 2), (5, 4), (1, 3)]","['is_person', 'is_person', 'is_person', 'is_person', 'is_person', 'is_person', 'is_place', 'living_in', 'school_mates_with', 'living_in', 'is_underage', 'living_in_same_place', 'living_in', 'no_sons', 'no_brothers', 'is_female', 'living_in', 'is_underage', 'living_in', 'is_female', 'is_underage', 'living_in_same_place', 'living_in_same_place', 'no_sons', 'living_in_same_place', 'paternal_grandfather_of', 'maternal_aunt_of', 'living_in_same_place']","(4, 1)",['living_in_same_place'],45
"[(0, 0), (1, 1), (2, 2), (3, 3), (4, 4), (5, 5), (6, 6), (3, 6), (5, 0), (1, 6), (0, 0), (0, 5), (4, 6), (2, 2), (4, 4), (2, 2), (5, 6), (2, 2), (2, 6), (5, 5), (4, 4), (4, 3), (0, 1), (0, 0), (3, 4), (6, 2), (5, 4), (1, 3)]","['is_person', 'is_person', 'is_person', 'is_person', 'is_person', 'is_person', 'is_place', 'living_in', 'school_mates_with', 'living_in', 'is_underage', 'living_in_same_place', 'living_in', 'no_sons', 'no_brothers', 'is_female', 'living_in', 'is_underage', 'living_in', 'is_female', 'is_underage', 'living_in_same_place', 'living_in_same_place', 'no_sons', 'living_in_same_place', 'paternal_grandfather_of', 'maternal_aunt_of', 'living_in_same_place']","(4, 0)",['living_in_same_place'],45
"[(0, 0), (1, 1), (2, 2), (3, 3), (4, 4), (5, 5), (6, 6), (3, 6), (5, 0), (1, 6), (0, 0), (0, 5), (4, 6), (2, 2), (4, 4), (2, 2), (5, 6), (2, 2), (2, 6), (5, 5), (4, 4), (4, 3), (0, 1), (0, 0), (3, 4), (6, 2), (5, 4), (1, 3)]","['is_person', 'is_person', 'is_person', 'is_person', 'is_person', 'is_person', 'is_place', 'living_in', 'school_mates_with', 'living_in', 'is_underage', 'living_in_same_place', 'living_in', 'no_sons', 'no_brothers', 'is_female', 'living_in', 'is_underage', 'living_in', 'is_female', 'is_underage', 'living_in_same_place', 'living_in_same_place', 'no_sons', 'living_in_same_place', 'paternal_grandfather_of', 'maternal_aunt_of', 'living_in_same_place']","(3, 1)",['living_in_same_place'],45
"[(0, 0), (1, 1), (2, 2), (3, 3), (4, 4), (5, 5), (6, 6), (3, 6), (5, 0), (1, 6), (0, 0), (0, 5), (4, 6), (2, 2), (4, 4), (2, 2), (5, 6), (2, 2), (2, 6), (5, 5), (4, 4), (4, 3), (0, 1), (0, 0), (3, 4), (6, 2), (5, 4), (1, 3)]","['is_person', 'is_person', 'is_person', 'is_person', 'is_person', 'is_person', 'is_place', 'living_in', 'school_mates_with', 'living_in', 'is_underage', 'living_in_same_place', 'living_in', 'no_sons', 'no_brothers', 'is_female', 'living_in', 'is_underage', 'living_in', 'is_female', 'is_underage', 'living_in_same_place', 'living_in_same_place', 'no_sons', 'living_in_same_place', 'paternal_grandfather_of', 'maternal_aunt_of', 'living_in_same_place']","(3, 0)",['living_in_same_place'],45
"[(0, 0), (1, 1), (2, 2), (3, 3), (4, 4), (5, 5), (6, 6), (3, 6), (5, 0), (1, 6), (0, 0), (0, 5), (4, 6), (2, 2), (4, 4), (2, 2), (5, 6), (2, 2), (2, 6), (5, 5), (4, 4), (4, 3), (0, 1), (0, 0), (3, 4), (6, 2), (5, 4), (1, 3)]","['is_person', 'is_person', 'is_person', 'is_person', 'is_person', 'is_person', 'is_place', 'living_in', 'school_mates_with', 'living_in', 'is_underage', 'living_in_same_place', 'living_in', 'no_sons', 'no_brothers', 'is_female', 'living_in', 'is_underage', 'living_in', 'is_female', 'is_underage', 'living_in_same_place', 'living_in_same_place', 'no_sons', 'living_in_same_place', 'paternal_grandfather_of', 'maternal_aunt_of', 'living_in_same_place']","(1, 0)",['living_in_same_place'],45
"[(0, 0), (1, 1), (2, 2), (3, 3), (4, 4), (5, 5), (6, 6), (3, 6), (5, 0), (1, 6), (0, 0), (0, 5), (4, 6), (2, 2), (4, 4), (2, 2), (5, 6), (2, 2), (2, 6), (5, 5), (4, 4), (4, 3), (0, 1), (0, 0), (3, 4), (6, 2), (5, 4), (1, 3)]","['is_person', 'is_person', 'is_person', 'is_person', 'is_person', 'is_person', 'is_place', 'living_in', 'school_mates_with', 'living_in', 'is_underage', 'living_in_same_place', 'living_in', 'no_sons', 'no_brothers', 'is_female', 'living_in', 'is_underage', 'living_in', 'is_female', 'is_underage', 'living_in_same_place', 'living_in_same_place', 'no_sons', 'living_in_same_place', 'paternal_grandfather_of', 'maternal_aunt_of', 'living_in_same_place']","(0, 5)","['living_in_same_place', 'school_mates_with']",45
"[(0, 0), (1, 1), (2, 2), (3, 3), (4, 4), (5, 5), (3, 5), (3, 3), (4, 4), (2, 2), (3, 3), (1, 5), (1, 1), (1, 1), (4, 3), (2, 2), (2, 1), (4, 4), (2, 4), (2, 3), (2, 5), (3, 4), (0, 5), (2, 4)]","['is_person', 'is_person', 'is_person', 'is_person', 'is_person', 'is_place', 'living_in', 'is_female', 'no_sons', 'is_underage', 'is_underage', 'living_in', 'is_female', 'is_underage', 'living_in_same_place', 'is_female', 'living_in_same_place', 'is_underage', 'paternal_grandmother_of', 'living_in_same_place', 'living_in', 'living_in_same_place', 'living_in', 'maternal_grandmother_of']","(4, 2)",['living_in_same_place'],46
"[(0, 0), (1, 1), (2, 2), (3, 3), (4, 4), (5, 5), (3, 5), (3, 3), (4, 4), (2, 2), (3, 3), (1, 5), (1, 1), (1, 1), (4, 3), (2, 2), (2, 1), (4, 4), (2, 4), (2, 3), (2, 5), (3, 4), (0, 5), (2, 4)]","['is_person', 'is_person', 'is_person', 'is_person', 'is_person', 'is_place', 'living_in', 'is_female', 'no_sons', 'is_underage', 'is_underage', 'living_in', 'is_female', 'is_underage', 'living_in_same_place', 'is_female', 'living_in_same_place', 'is_underage', 'paternal_grandmother_of', 'living_in_same_place', 'living_in', 'living_in_same_place', 'living_in', 'maternal_grandmother_of']","(3, 2)",['living_in_same_place'],46
"[(0, 0), (1, 1), (2, 2), (3, 3), (4, 4), (5, 5), (3, 5), (3, 3), (4, 4), (2, 2), (3, 3), (1, 5), (1, 1), (1, 1), (4, 3), (2, 2), (2, 1), (4, 4), (2, 4), (2, 3), (2, 5), (3, 4), (0, 5), (2, 4)]","['is_person', 'is_person', 'is_person', 'is_person', 'is_person', 'is_place', 'living_in', 'is_female', 'no_sons', 'is_underage', 'is_underage', 'living_in', 'is_female', 'is_underage', 'living_in_same_place', 'is_female', 'living_in_same_place', 'is_underage', 'paternal_grandmother_of', 'living_in_same_place', 'living_in', 'living_in_same_place', 'living_in', 'maternal_grandmother_of']","(1, 3)",['living_in_same_place'],46
"[(0, 0), (1, 1), (2, 2), (3, 3), (4, 4), (5, 5), (3, 5), (3, 3), (4, 4), (2, 2), (3, 3), (1, 5), (1, 1), (1, 1), (4, 3), (2, 2), (2, 1), (4, 4), (2, 4), (2, 3), (2, 5), (3, 4), (0, 5), (2, 4)]","['is_person', 'is_person', 'is_person', 'is_person', 'is_person', 'is_place', 'living_in', 'is_female', 'no_sons', 'is_underage', 'is_underage', 'living_in', 'is_female', 'is_underage', 'living_in_same_place', 'is_female', 'living_in_same_place', 'is_underage', 'paternal_grandmother_of', 'living_in_same_place', 'living_in', 'living_in_same_place', 'living_in', 'maternal_grandmother_of']","(1, 4)",['living_in_same_place'],46
"[(0, 0), (1, 1), (2, 2), (3, 3), (4, 4), (5, 5), (3, 5), (3, 3), (4, 4), (2, 2), (3, 3), (1, 5), (1, 1), (1, 1), (4, 3), (2, 2), (2, 1), (4, 4), (2, 4), (2, 3), (2, 5), (3, 4), (0, 5), (2, 4)]","['is_person', 'is_person', 'is_person', 'is_person', 'is_person', 'is_place', 'living_in', 'is_female', 'no_sons', 'is_underage', 'is_underage', 'living_in', 'is_female', 'is_underage', 'living_in_same_place', 'is_female', 'living_in_same_place', 'is_underage', 'paternal_grandmother_of', 'living_in_same_place', 'living_in', 'living_in_same_place', 'living_in', 'maternal_grandmother_of']","(4, 5)",['living_in'],46
"[(0, 0), (1, 1), (2, 2), (3, 3), (4, 4), (5, 5), (3, 5), (3, 3), (4, 4), (2, 2), (3, 3), (1, 5), (1, 1), (1, 1), (4, 3), (2, 2), (2, 1), (4, 4), (2, 4), (2, 3), (2, 5), (3, 4), (0, 5), (2, 4)]","['is_person', 'is_person', 'is_person', 'is_person', 'is_person', 'is_place', 'living_in', 'is_female', 'no_sons', 'is_underage', 'is_underage', 'living_in', 'is_female', 'is_underage', 'living_in_same_place', 'is_female', 'living_in_same_place', 'is_underage', 'paternal_grandmother_of', 'living_in_same_place', 'living_in', 'living_in_same_place', 'living_in', 'maternal_grandmother_of']","(1, 2)",['living_in_same_place'],46
"[(0, 0), (1, 1), (2, 2), (3, 3), (4, 4), (5, 5), (3, 5), (3, 3), (4, 4), (2, 2), (3, 3), (1, 5), (1, 1), (1, 1), (4, 3), (2, 2), (2, 1), (4, 4), (2, 4), (2, 3), (2, 5), (3, 4), (0, 5), (2, 4)]","['is_person', 'is_person', 'is_person', 'is_person', 'is_person', 'is_place', 'living_in', 'is_female', 'no_sons', 'is_underage', 'is_underage', 'living_in', 'is_female', 'is_underage', 'living_in_same_place', 'is_female', 'living_in_same_place', 'is_underage', 'paternal_grandmother_of', 'living_in_same_place', 'living_in', 'living_in_same_place', 'living_in', 'maternal_grandmother_of']","(3, 1)",['living_in_same_place'],46
"[(0, 0), (1, 1), (2, 2), (3, 3), (4, 4), (5, 5), (3, 5), (3, 3), (4, 4), (2, 2), (3, 3), (1, 5), (1, 1), (1, 1), (4, 3), (2, 2), (2, 1), (4, 4), (2, 4), (2, 3), (2, 5), (3, 4), (0, 5), (2, 4)]","['is_person', 'is_person', 'is_person', 'is_person', 'is_person', 'is_place', 'living_in', 'is_female', 'no_sons', 'is_underage', 'is_underage', 'living_in', 'is_female', 'is_underage', 'living_in_same_place', 'is_female', 'living_in_same_place', 'is_underage', 'paternal_grandmother_of', 'living_in_same_place', 'living_in', 'living_in_same_place', 'living_in', 'maternal_grandmother_of']","(2, 4)","['paternal_grandmother_of', 'maternal_grandmother_of', 'living_in_same_place']",46
"[(0, 0), (1, 1), (2, 2), (3, 3), (4, 4), (5, 5), (3, 5), (3, 3), (4, 4), (2, 2), (3, 3), (1, 5), (1, 1), (1, 1), (4, 3), (2, 2), (2, 1), (4, 4), (2, 4), (2, 3), (2, 5), (3, 4), (0, 5), (2, 4)]","['is_person', 'is_person', 'is_person', 'is_person', 'is_person', 'is_place', 'living_in', 'is_female', 'no_sons', 'is_underage', 'is_underage', 'living_in', 'is_female', 'is_underage', 'living_in_same_place', 'is_female', 'living_in_same_place', 'is_underage', 'paternal_grandmother_of', 'living_in_same_place', 'living_in', 'living_in_same_place', 'living_in', 'maternal_grandmother_of']","(4, 1)",['living_in_same_place'],46
"[(0, 0), (1, 1), (2, 2), (3, 3), (4, 4), (5, 5), (6, 6), (7, 7), (0, 5), (3, 6), (5, 5), (6, 6), (6, 1), (5, 5), (4, 7), (2, 2), (7, 1), (0, 7), (4, 5), (7, 3), (0, 0), (3, 3), (6, 4), (1, 0), (1, 3), (1, 1), (5, 7), (2, 2), (6, 2)]","['is_person', 'is_person', 'is_person', 'is_person', 'is_person', 'is_person', 'is_person', 'is_place', 'living_in_same_place', 'living_in_same_place', 'no_sons', 'is_female', 'living_in_same_place', 'is_female', 'living_in', 'is_male', 'paternal_aunt_of', 'living_in', 'mother_of', 'maternal_aunt_of', 'is_female', 'no_daughters', 'living_in_same_place', 'paternal_uncle_of', 'living_in_same_place', 'is_underage', 'living_in', 'is_underage', 'living_in_same_place']","(4, 2)",['living_in_same_place'],47
"[(0, 0), (1, 1), (2, 2), (3, 3), (4, 4), (5, 5), (6, 6), (7, 7), (0, 5), (3, 6), (5, 5), (6, 6), (6, 1), (5, 5), (4, 7), (2, 2), (7, 1), (0, 7), (4, 5), (7, 3), (0, 0), (3, 3), (6, 4), (1, 0), (1, 3), (1, 1), (5, 7), (2, 2), (6, 2)]","['is_person', 'is_person', 'is_person', 'is_person', 'is_person', 'is_person', 'is_person', 'is_place', 'living_in_same_place', 'living_in_same_place', 'no_sons', 'is_female', 'living_in_same_place', 'is_female', 'living_in', 'is_male', 'paternal_aunt_of', 'living_in', 'mother_of', 'maternal_aunt_of', 'is_female', 'no_daughters', 'living_in_same_place', 'paternal_uncle_of', 'living_in_same_place', 'is_underage', 'living_in', 'is_underage', 'living_in_same_place']","(2, 7)",['living_in'],47
"[(0, 0), (1, 1), (2, 2), (3, 3), (4, 4), (5, 5), (6, 6), (7, 7), (0, 5), (3, 6), (5, 5), (6, 6), (6, 1), (5, 5), (4, 7), (2, 2), (7, 1), (0, 7), (4, 5), (7, 3), (0, 0), (3, 3), (6, 4), (1, 0), (1, 3), (1, 1), (5, 7), (2, 2), (6, 2)]","['is_person', 'is_person', 'is_person', 'is_person', 'is_person', 'is_person', 'is_person', 'is_place', 'living_in_same_place', 'living_in_same_place', 'no_sons', 'is_female', 'living_in_same_place', 'is_female', 'living_in', 'is_male', 'paternal_aunt_of', 'living_in', 'mother_of', 'maternal_aunt_of', 'is_female', 'no_daughters', 'living_in_same_place', 'paternal_uncle_of', 'living_in_same_place', 'is_underage', 'living_in', 'is_underage', 'living_in_same_place']","(3, 2)",['living_in_same_place'],47
"[(0, 0), (1, 1), (2, 2), (3, 3), (4, 4), (5, 5), (6, 6), (7, 7), (0, 5), (3, 6), (5, 5), (6, 6), (6, 1), (5, 5), (4, 7), (2, 2), (7, 1), (0, 7), (4, 5), (7, 3), (0, 0), (3, 3), (6, 4), (1, 0), (1, 3), (1, 1), (5, 7), (2, 2), (6, 2)]","['is_person', 'is_person', 'is_person', 'is_person', 'is_person', 'is_person', 'is_person', 'is_place', 'living_in_same_place', 'living_in_same_place', 'no_sons', 'is_female', 'living_in_same_place', 'is_female', 'living_in', 'is_male', 'paternal_aunt_of', 'living_in', 'mother_of', 'maternal_aunt_of', 'is_female', 'no_daughters', 'living_in_same_place', 'paternal_uncle_of', 'living_in_same_place', 'is_underage', 'living_in', 'is_underage', 'living_in_same_place']","(5, 0)",['living_in_same_place'],47
"[(0, 0), (1, 1), (2, 2), (3, 3), (4, 4), (5, 5), (6, 6), (7, 7), (0, 5), (3, 6), (5, 5), (6, 6), (6, 1), (5, 5), (4, 7), (2, 2), (7, 1), (0, 7), (4, 5), (7, 3), (0, 0), (3, 3), (6, 4), (1, 0), (1, 3), (1, 1), (5, 7), (2, 2), (6, 2)]","['is_person', 'is_person', 'is_person', 'is_person', 'is_person', 'is_person', 'is_person', 'is_place', 'living_in_same_place', 'living_in_same_place', 'no_sons', 'is_female', 'living_in_same_place', 'is_female', 'living_in', 'is_male', 'paternal_aunt_of', 'living_in', 'mother_of', 'maternal_aunt_of', 'is_female', 'no_daughters', 'living_in_same_place', 'paternal_uncle_of', 'living_in_same_place', 'is_underage', 'living_in', 'is_underage', 'living_in_same_place']","(1, 7)",['living_in'],47
"[(0, 0), (1, 1), (2, 2), (3, 3), (4, 4), (5, 5), (6, 6), (7, 7), (0, 5), (3, 6), (5, 5), (6, 6), (6, 1), (5, 5), (4, 7), (2, 2), (7, 1), (0, 7), (4, 5), (7, 3), (0, 0), (3, 3), (6, 4), (1, 0), (1, 3), (1, 1), (5, 7), (2, 2), (6, 2)]","['is_person', 'is_person', 'is_person', 'is_person', 'is_person', 'is_person', 'is_person', 'is_place', 'living_in_same_place', 'living_in_same_place', 'no_sons', 'is_female', 'living_in_same_place', 'is_female', 'living_in', 'is_male', 'paternal_aunt_of', 'living_in', 'mother_of', 'maternal_aunt_of', 'is_female', 'no_daughters', 'living_in_same_place', 'paternal_uncle_of', 'living_in_same_place', 'is_underage', 'living_in', 'is_underage', 'living_in_same_place']","(1, 4)",['living_in_same_place'],47
"[(0, 0), (1, 1), (2, 2), (3, 3), (4, 4), (5, 5), (6, 6), (7, 7), (0, 5), (3, 6), (5, 5), (6, 6), (6, 1), (5, 5), (4, 7), (2, 2), (7, 1), (0, 7), (4, 5), (7, 3), (0, 0), (3, 3), (6, 4), (1, 0), (1, 3), (1, 1), (5, 7), (2, 2), (6, 2)]","['is_person', 'is_person', 'is_person', 'is_person', 'is_person', 'is_person', 'is_person', 'is_place', 'living_in_same_place', 'living_in_same_place', 'no_sons', 'is_female', 'living_in_same_place', 'is_female', 'living_in', 'is_male', 'paternal_aunt_of', 'living_in', 'mother_of', 'maternal_aunt_of', 'is_female', 'no_daughters', 'living_in_same_place', 'paternal_uncle_of', 'living_in_same_place', 'is_underage', 'living_in', 'is_underage', 'living_in_same_place']","(5, 4)","['daughter_of', 'child_of']",47
"[(0, 0), (1, 1), (2, 2), (3, 3), (4, 4), (5, 5), (6, 6), (7, 7), (0, 5), (3, 6), (5, 5), (6, 6), (6, 1), (5, 5), (4, 7), (2, 2), (7, 1), (0, 7), (4, 5), (7, 3), (0, 0), (3, 3), (6, 4), (1, 0), (1, 3), (1, 1), (5, 7), (2, 2), (6, 2)]","['is_person', 'is_person', 'is_person', 'is_person', 'is_person', 'is_person', 'is_person', 'is_place', 'living_in_same_place', 'living_in_same_place', 'no_sons', 'is_female', 'living_in_same_place', 'is_female', 'living_in', 'is_male', 'paternal_aunt_of', 'living_in', 'mother_of', 'maternal_aunt_of', 'is_female', 'no_daughters', 'living_in_same_place', 'paternal_uncle_of', 'living_in_same_place', 'is_underage', 'living_in', 'is_underage', 'living_in_same_place']","(4, 5)","['mother_of', 'parent_of']",47
"[(0, 0), (1, 1), (2, 2), (3, 3), (4, 4), (5, 5), (6, 6), (7, 7), (0, 5), (3, 6), (5, 5), (6, 6), (6, 1), (5, 5), (4, 7), (2, 2), (7, 1), (0, 7), (4, 5), (7, 3), (0, 0), (3, 3), (6, 4), (1, 0), (1, 3), (1, 1), (5, 7), (2, 2), (6, 2)]","['is_person', 'is_person', 'is_person', 'is_person', 'is_person', 'is_person', 'is_person', 'is_place', 'living_in_same_place', 'living_in_same_place', 'no_sons', 'is_female', 'living_in_same_place', 'is_female', 'living_in', 'is_male', 'paternal_aunt_of', 'living_in', 'mother_of', 'maternal_aunt_of', 'is_female', 'no_daughters', 'living_in_same_place', 'paternal_uncle_of', 'living_in_same_place', 'is_underage', 'living_in', 'is_underage', 'living_in_same_place']","(4, 6)",['living_in_same_place'],47
"[(0, 0), (1, 1), (2, 2), (3, 3), (4, 4), (5, 5), (6, 6), (7, 7), (0, 5), (3, 6), (5, 5), (6, 6), (6, 1), (5, 5), (4, 7), (2, 2), (7, 1), (0, 7), (4, 5), (7, 3), (0, 0), (3, 3), (6, 4), (1, 0), (1, 3), (1, 1), (5, 7), (2, 2), (6, 2)]","['is_person', 'is_person', 'is_person', 'is_person', 'is_person', 'is_person', 'is_person', 'is_place', 'living_in_same_place', 'living_in_same_place', 'no_sons', 'is_female', 'living_in_same_place', 'is_female', 'living_in', 'is_male', 'paternal_aunt_of', 'living_in', 'mother_of', 'maternal_aunt_of', 'is_female', 'no_daughters', 'living_in_same_place', 'paternal_uncle_of', 'living_in_same_place', 'is_underage', 'living_in', 'is_underage', 'living_in_same_place']","(3, 4)",['living_in_same_place'],47
"[(0, 0), (1, 1), (2, 2), (3, 3), (4, 4), (5, 5), (6, 6), (7, 7), (0, 5), (3, 6), (5, 5), (6, 6), (6, 1), (5, 5), (4, 7), (2, 2), (7, 1), (0, 7), (4, 5), (7, 3), (0, 0), (3, 3), (6, 4), (1, 0), (1, 3), (1, 1), (5, 7), (2, 2), (6, 2)]","['is_person', 'is_person', 'is_person', 'is_person', 'is_person', 'is_person', 'is_person', 'is_place', 'living_in_same_place', 'living_in_same_place', 'no_sons', 'is_female', 'living_in_same_place', 'is_female', 'living_in', 'is_male', 'paternal_aunt_of', 'living_in', 'mother_of', 'maternal_aunt_of', 'is_female', 'no_daughters', 'living_in_same_place', 'paternal_uncle_of', 'living_in_same_place', 'is_underage', 'living_in', 'is_underage', 'living_in_same_place']","(3, 1)",['living_in_same_place'],47
"[(0, 0), (1, 1), (2, 2), (3, 3), (4, 4), (5, 5), (6, 6), (7, 7), (0, 5), (3, 6), (5, 5), (6, 6), (6, 1), (5, 5), (4, 7), (2, 2), (7, 1), (0, 7), (4, 5), (7, 3), (0, 0), (3, 3), (6, 4), (1, 0), (1, 3), (1, 1), (5, 7), (2, 2), (6, 2)]","['is_person', 'is_person', 'is_person', 'is_person', 'is_person', 'is_person', 'is_person', 'is_place', 'living_in_same_place', 'living_in_same_place', 'no_sons', 'is_female', 'living_in_same_place', 'is_female', 'living_in', 'is_male', 'paternal_aunt_of', 'living_in', 'mother_of', 'maternal_aunt_of', 'is_female', 'no_daughters', 'living_in_same_place', 'paternal_uncle_of', 'living_in_same_place', 'is_underage', 'living_in', 'is_underage', 'living_in_same_place']","(2, 1)",['living_in_same_place'],47
"[(0, 0), (1, 1), (2, 2), (3, 3), (4, 4), (5, 5), (6, 6), (7, 7), (0, 5), (3, 6), (5, 5), (6, 6), (6, 1), (5, 5), (4, 7), (2, 2), (7, 1), (0, 7), (4, 5), (7, 3), (0, 0), (3, 3), (6, 4), (1, 0), (1, 3), (1, 1), (5, 7), (2, 2), (6, 2)]","['is_person', 'is_person', 'is_person', 'is_person', 'is_person', 'is_person', 'is_person', 'is_place', 'living_in_same_place', 'living_in_same_place', 'no_sons', 'is_female', 'living_in_same_place', 'is_female', 'living_in', 'is_male', 'paternal_aunt_of', 'living_in', 'mother_of', 'maternal_aunt_of', 'is_female', 'no_daughters', 'living_in_same_place', 'paternal_uncle_of', 'living_in_same_place', 'is_underage', 'living_in', 'is_underage', 'living_in_same_place']","(3, 7)",['living_in'],47
"[(0, 0), (1, 1), (2, 2), (3, 3), (4, 4), (5, 5), (6, 6), (7, 7), (0, 5), (3, 6), (5, 5), (6, 6), (6, 1), (5, 5), (4, 7), (2, 2), (7, 1), (0, 7), (4, 5), (7, 3), (0, 0), (3, 3), (6, 4), (1, 0), (1, 3), (1, 1), (5, 7), (2, 2), (6, 2)]","['is_person', 'is_person', 'is_person', 'is_person', 'is_person', 'is_person', 'is_person', 'is_place', 'living_in_same_place', 'living_in_same_place', 'no_sons', 'is_female', 'living_in_same_place', 'is_female', 'living_in', 'is_male', 'paternal_aunt_of', 'living_in', 'mother_of', 'maternal_aunt_of', 'is_female', 'no_daughters', 'living_in_same_place', 'paternal_uncle_of', 'living_in_same_place', 'is_underage', 'living_in', 'is_underage', 'living_in_same_place']","(4, 4)",['is_female'],47
"[(0, 0), (1, 1), (2, 2), (3, 3), (4, 4), (5, 5), (6, 6), (7, 7), (0, 5), (3, 6), (5, 5), (6, 6), (6, 1), (5, 5), (4, 7), (2, 2), (7, 1), (0, 7), (4, 5), (7, 3), (0, 0), (3, 3), (6, 4), (1, 0), (1, 3), (1, 1), (5, 7), (2, 2), (6, 2)]","['is_person', 'is_person', 'is_person', 'is_person', 'is_person', 'is_person', 'is_person', 'is_place', 'living_in_same_place', 'living_in_same_place', 'no_sons', 'is_female', 'living_in_same_place', 'is_female', 'living_in', 'is_male', 'paternal_aunt_of', 'living_in', 'mother_of', 'maternal_aunt_of', 'is_female', 'no_daughters', 'living_in_same_place', 'paternal_uncle_of', 'living_in_same_place', 'is_underage', 'living_in', 'is_underage', 'living_in_same_place']","(4, 3)",['living_in_same_place'],47
"[(0, 0), (1, 1), (2, 2), (3, 3), (4, 4), (5, 5), (6, 6), (7, 7), (0, 5), (3, 6), (5, 5), (6, 6), (6, 1), (5, 5), (4, 7), (2, 2), (7, 1), (0, 7), (4, 5), (7, 3), (0, 0), (3, 3), (6, 4), (1, 0), (1, 3), (1, 1), (5, 7), (2, 2), (6, 2)]","['is_person', 'is_person', 'is_person', 'is_person', 'is_person', 'is_person', 'is_person', 'is_place', 'living_in_same_place', 'living_in_same_place', 'no_sons', 'is_female', 'living_in_same_place', 'is_female', 'living_in', 'is_male', 'paternal_aunt_of', 'living_in', 'mother_of', 'maternal_aunt_of', 'is_female', 'no_daughters', 'living_in_same_place', 'paternal_uncle_of', 'living_in_same_place', 'is_underage', 'living_in', 'is_underage', 'living_in_same_place']","(6, 7)",['living_in'],47
"[(0, 0), (1, 1), (2, 2), (3, 3), (4, 4), (5, 5), (6, 6), (7, 7), (0, 5), (3, 6), (5, 5), (6, 6), (6, 1), (5, 5), (4, 7), (2, 2), (7, 1), (0, 7), (4, 5), (7, 3), (0, 0), (3, 3), (6, 4), (1, 0), (1, 3), (1, 1), (5, 7), (2, 2), (6, 2)]","['is_person', 'is_person', 'is_person', 'is_person', 'is_person', 'is_person', 'is_person', 'is_place', 'living_in_same_place', 'living_in_same_place', 'no_sons', 'is_female', 'living_in_same_place', 'is_female', 'living_in', 'is_male', 'paternal_aunt_of', 'living_in', 'mother_of', 'maternal_aunt_of', 'is_female', 'no_daughters', 'living_in_same_place', 'paternal_uncle_of', 'living_in_same_place', 'is_underage', 'living_in', 'is_underage', 'living_in_same_place']","(6, 3)",['living_in_same_place'],47
"[(0, 0), (1, 1), (2, 2), (3, 3), (4, 4), (5, 5), (6, 6), (7, 7), (0, 5), (3, 6), (5, 5), (6, 6), (6, 1), (5, 5), (4, 7), (2, 2), (7, 1), (0, 7), (4, 5), (7, 3), (0, 0), (3, 3), (6, 4), (1, 0), (1, 3), (1, 1), (5, 7), (2, 2), (6, 2)]","['is_person', 'is_person', 'is_person', 'is_person', 'is_person', 'is_person', 'is_person', 'is_place', 'living_in_same_place', 'living_in_same_place', 'no_sons', 'is_female', 'living_in_same_place', 'is_female', 'living_in', 'is_male', 'paternal_aunt_of', 'living_in', 'mother_of', 'maternal_aunt_of', 'is_female', 'no_daughters', 'living_in_same_place', 'paternal_uncle_of', 'living_in_same_place', 'is_underage', 'living_in', 'is_underage', 'living_in_same_place']","(2, 3)",['living_in_same_place'],47
"[(0, 0), (1, 1), (2, 2), (3, 3), (4, 4), (5, 5), (6, 6), (7, 7), (0, 5), (3, 6), (5, 5), (6, 6), (6, 1), (5, 5), (4, 7), (2, 2), (7, 1), (0, 7), (4, 5), (7, 3), (0, 0), (3, 3), (6, 4), (1, 0), (1, 3), (1, 1), (5, 7), (2, 2), (6, 2)]","['is_person', 'is_person', 'is_person', 'is_person', 'is_person', 'is_person', 'is_person', 'is_place', 'living_in_same_place', 'living_in_same_place', 'no_sons', 'is_female', 'living_in_same_place', 'is_female', 'living_in', 'is_male', 'paternal_aunt_of', 'living_in', 'mother_of', 'maternal_aunt_of', 'is_female', 'no_daughters', 'living_in_same_place', 'paternal_uncle_of', 'living_in_same_place', 'is_underage', 'living_in', 'is_underage', 'living_in_same_place']","(2, 6)",['living_in_same_place'],47
"[(0, 0), (1, 1), (2, 2), (3, 3), (4, 4), (5, 5), (6, 6), (7, 7), (0, 5), (3, 6), (5, 5), (6, 6), (6, 1), (5, 5), (4, 7), (2, 2), (7, 1), (0, 7), (4, 5), (7, 3), (0, 0), (3, 3), (6, 4), (1, 0), (1, 3), (1, 1), (5, 7), (2, 2), (6, 2)]","['is_person', 'is_person', 'is_person', 'is_person', 'is_person', 'is_person', 'is_person', 'is_place', 'living_in_same_place', 'living_in_same_place', 'no_sons', 'is_female', 'living_in_same_place', 'is_female', 'living_in', 'is_male', 'paternal_aunt_of', 'living_in', 'mother_of', 'maternal_aunt_of', 'is_female', 'no_daughters', 'living_in_same_place', 'paternal_uncle_of', 'living_in_same_place', 'is_underage', 'living_in', 'is_underage', 'living_in_same_place']","(1, 2)",['living_in_same_place'],47
"[(0, 0), (1, 1), (2, 2), (3, 3), (4, 4), (5, 5), (6, 6), (7, 7), (0, 5), (3, 6), (5, 5), (6, 6), (6, 1), (5, 5), (4, 7), (2, 2), (7, 1), (0, 7), (4, 5), (7, 3), (0, 0), (3, 3), (6, 4), (1, 0), (1, 3), (1, 1), (5, 7), (2, 2), (6, 2)]","['is_person', 'is_person', 'is_person', 'is_person', 'is_person', 'is_person', 'is_person', 'is_place', 'living_in_same_place', 'living_in_same_place', 'no_sons', 'is_female', 'living_in_same_place', 'is_female', 'living_in', 'is_male', 'paternal_aunt_of', 'living_in', 'mother_of', 'maternal_aunt_of', 'is_female', 'no_daughters', 'living_in_same_place', 'paternal_uncle_of', 'living_in_same_place', 'is_underage', 'living_in', 'is_underage', 'living_in_same_place']","(2, 4)",['living_in_same_place'],47
"[(0, 0), (1, 1), (2, 2), (3, 3), (4, 4), (5, 5), (6, 6), (7, 7), (0, 5), (3, 6), (5, 5), (6, 6), (6, 1), (5, 5), (4, 7), (2, 2), (7, 1), (0, 7), (4, 5), (7, 3), (0, 0), (3, 3), (6, 4), (1, 0), (1, 3), (1, 1), (5, 7), (2, 2), (6, 2)]","['is_person', 'is_person', 'is_person', 'is_person', 'is_person', 'is_person', 'is_person', 'is_place', 'living_in_same_place', 'living_in_same_place', 'no_sons', 'is_female', 'living_in_same_place', 'is_female', 'living_in', 'is_male', 'paternal_aunt_of', 'living_in', 'mother_of', 'maternal_aunt_of', 'is_female', 'no_daughters', 'living_in_same_place', 'paternal_uncle_of', 'living_in_same_place', 'is_underage', 'living_in', 'is_underage', 'living_in_same_place']","(1, 6)",['living_in_same_place'],47
"[(0, 0), (1, 1), (2, 2), (3, 3), (4, 4), (5, 5), (6, 6), (7, 7), (0, 5), (3, 6), (5, 5), (6, 6), (6, 1), (5, 5), (4, 7), (2, 2), (7, 1), (0, 7), (4, 5), (7, 3), (0, 0), (3, 3), (6, 4), (1, 0), (1, 3), (1, 1), (5, 7), (2, 2), (6, 2)]","['is_person', 'is_person', 'is_person', 'is_person', 'is_person', 'is_person', 'is_person', 'is_place', 'living_in_same_place', 'living_in_same_place', 'no_sons', 'is_female', 'living_in_same_place', 'is_female', 'living_in', 'is_male', 'paternal_aunt_of', 'living_in', 'mother_of', 'maternal_aunt_of', 'is_female', 'no_daughters', 'living_in_same_place', 'paternal_uncle_of', 'living_in_same_place', 'is_underage', 'living_in', 'is_underage', 'living_in_same_place']","(4, 1)",['living_in_same_place'],47
"[(0, 0), (1, 1), (2, 2), (3, 3), (4, 4), (5, 5), (6, 6), (5, 1), (3, 6), (4, 6), (5, 6), (3, 3), (0, 1), (1, 6), (2, 6), (0, 0), (5, 5), (4, 2), (5, 5), (0, 0), (4, 5), (5, 0), (3, 4), (2, 2), (2, 2)]","['is_person', 'is_person', 'is_person', 'is_person', 'is_person', 'is_person', 'is_place', 'living_in_same_place', 'living_in', 'living_in', 'living_in', 'is_male', 'living_in_same_place', 'living_in', 'living_in', 'is_female', 'no_sisters', 'living_in_same_place', 'is_underage', 'no_brothers', 'living_in_same_place', 'living_in_same_place', 'living_in_same_place', 'no_sons', 'is_male']","(3, 2)",['living_in_same_place'],48
"[(0, 0), (1, 1), (2, 2), (3, 3), (4, 4), (5, 5), (6, 6), (5, 1), (3, 6), (4, 6), (5, 6), (3, 3), (0, 1), (1, 6), (2, 6), (0, 0), (5, 5), (4, 2), (5, 5), (0, 0), (4, 5), (5, 0), (3, 4), (2, 2), (2, 2)]","['is_person', 'is_person', 'is_person', 'is_person', 'is_person', 'is_person', 'is_place', 'living_in_same_place', 'living_in', 'living_in', 'living_in', 'is_male', 'living_in_same_place', 'living_in', 'living_in', 'is_female', 'no_sisters', 'living_in_same_place', 'is_underage', 'no_brothers', 'living_in_same_place', 'living_in_same_place', 'living_in_same_place', 'no_sons', 'is_male']","(1, 4)",['living_in_same_place'],48
"[(0, 0), (1, 1), (2, 2), (3, 3), (4, 4), (5, 5), (6, 6), (5, 1), (3, 6), (4, 6), (5, 6), (3, 3), (0, 1), (1, 6), (2, 6), (0, 0), (5, 5), (4, 2), (5, 5), (0, 0), (4, 5), (5, 0), (3, 4), (2, 2), (2, 2)]","['is_person', 'is_person', 'is_person', 'is_person', 'is_person', 'is_person', 'is_place', 'living_in_same_place', 'living_in', 'living_in', 'living_in', 'is_male', 'living_in_same_place', 'living_in', 'living_in', 'is_female', 'no_sisters', 'living_in_same_place', 'is_underage', 'no_brothers', 'living_in_same_place', 'living_in_same_place', 'living_in_same_place', 'no_sons', 'is_male']","(3, 5)",['living_in_same_place'],48
"[(0, 0), (1, 1), (2, 2), (3, 3), (4, 4), (5, 5), (6, 6), (5, 1), (3, 6), (4, 6), (5, 6), (3, 3), (0, 1), (1, 6), (2, 6), (0, 0), (5, 5), (4, 2), (5, 5), (0, 0), (4, 5), (5, 0), (3, 4), (2, 2), (2, 2)]","['is_person', 'is_person', 'is_person', 'is_person', 'is_person', 'is_person', 'is_place', 'living_in_same_place', 'living_in', 'living_in', 'living_in', 'is_male', 'living_in_same_place', 'living_in', 'living_in', 'is_female', 'no_sisters', 'living_in_same_place', 'is_underage', 'no_brothers', 'living_in_same_place', 'living_in_same_place', 'living_in_same_place', 'no_sons', 'is_male']","(5, 3)",['living_in_same_place'],48
"[(0, 0), (1, 1), (2, 2), (3, 3), (4, 4), (5, 5), (6, 6), (5, 1), (3, 6), (4, 6), (5, 6), (3, 3), (0, 1), (1, 6), (2, 6), (0, 0), (5, 5), (4, 2), (5, 5), (0, 0), (4, 5), (5, 0), (3, 4), (2, 2), (2, 2)]","['is_person', 'is_person', 'is_person', 'is_person', 'is_person', 'is_person', 'is_place', 'living_in_same_place', 'living_in', 'living_in', 'living_in', 'is_male', 'living_in_same_place', 'living_in', 'living_in', 'is_female', 'no_sisters', 'living_in_same_place', 'is_underage', 'no_brothers', 'living_in_same_place', 'living_in_same_place', 'living_in_same_place', 'no_sons', 'is_male']","(5, 4)",['living_in_same_place'],48
"[(0, 0), (1, 1), (2, 2), (3, 3), (4, 4), (5, 5), (6, 6), (5, 1), (3, 6), (4, 6), (5, 6), (3, 3), (0, 1), (1, 6), (2, 6), (0, 0), (5, 5), (4, 2), (5, 5), (0, 0), (4, 5), (5, 0), (3, 4), (2, 2), (2, 2)]","['is_person', 'is_person', 'is_person', 'is_person', 'is_person', 'is_person', 'is_place', 'living_in_same_place', 'living_in', 'living_in', 'living_in', 'is_male', 'living_in_same_place', 'living_in', 'living_in', 'is_female', 'no_sisters', 'living_in_same_place', 'is_underage', 'no_brothers', 'living_in_same_place', 'living_in_same_place', 'living_in_same_place', 'no_sons', 'is_male']","(2, 5)",['living_in_same_place'],48
"[(0, 0), (1, 1), (2, 2), (3, 3), (4, 4), (5, 5), (6, 6), (5, 1), (3, 6), (4, 6), (5, 6), (3, 3), (0, 1), (1, 6), (2, 6), (0, 0), (5, 5), (4, 2), (5, 5), (0, 0), (4, 5), (5, 0), (3, 4), (2, 2), (2, 2)]","['is_person', 'is_person', 'is_person', 'is_person', 'is_person', 'is_person', 'is_place', 'living_in_same_place', 'living_in', 'living_in', 'living_in', 'is_male', 'living_in_same_place', 'living_in', 'living_in', 'is_female', 'no_sisters', 'living_in_same_place', 'is_underage', 'no_brothers', 'living_in_same_place', 'living_in_same_place', 'living_in_same_place', 'no_sons', 'is_male']","(0, 2)",['living_in_same_place'],48
"[(0, 0), (1, 1), (2, 2), (3, 3), (4, 4), (5, 5), (6, 6), (5, 1), (3, 6), (4, 6), (5, 6), (3, 3), (0, 1), (1, 6), (2, 6), (0, 0), (5, 5), (4, 2), (5, 5), (0, 0), (4, 5), (5, 0), (3, 4), (2, 2), (2, 2)]","['is_person', 'is_person', 'is_person', 'is_person', 'is_person', 'is_person', 'is_place', 'living_in_same_place', 'living_in', 'living_in', 'living_in', 'is_male', 'living_in_same_place', 'living_in', 'living_in', 'is_female', 'no_sisters', 'living_in_same_place', 'is_underage', 'no_brothers', 'living_in_same_place', 'living_in_same_place', 'living_in_same_place', 'no_sons', 'is_male']","(0, 5)",['living_in_same_place'],48
"[(0, 0), (1, 1), (2, 2), (3, 3), (4, 4), (5, 5), (6, 6), (5, 1), (3, 6), (4, 6), (5, 6), (3, 3), (0, 1), (1, 6), (2, 6), (0, 0), (5, 5), (4, 2), (5, 5), (0, 0), (4, 5), (5, 0), (3, 4), (2, 2), (2, 2)]","['is_person', 'is_person', 'is_person', 'is_person', 'is_person', 'is_person', 'is_place', 'living_in_same_place', 'living_in', 'living_in', 'living_in', 'is_male', 'living_in_same_place', 'living_in', 'living_in', 'is_female', 'no_sisters', 'living_in_same_place', 'is_underage', 'no_brothers', 'living_in_same_place', 'living_in_same_place', 'living_in_same_place', 'no_sons', 'is_male']","(0, 3)",['living_in_same_place'],48
"[(0, 0), (1, 1), (2, 2), (3, 3), (4, 4), (5, 5), (6, 6), (5, 1), (3, 6), (4, 6), (5, 6), (3, 3), (0, 1), (1, 6), (2, 6), (0, 0), (5, 5), (4, 2), (5, 5), (0, 0), (4, 5), (5, 0), (3, 4), (2, 2), (2, 2)]","['is_person', 'is_person', 'is_person', 'is_person', 'is_person', 'is_person', 'is_place', 'living_in_same_place', 'living_in', 'living_in', 'living_in', 'is_male', 'living_in_same_place', 'living_in', 'living_in', 'is_female', 'no_sisters', 'living_in_same_place', 'is_underage', 'no_brothers', 'living_in_same_place', 'living_in_same_place', 'living_in_same_place', 'no_sons', 'is_male']","(3, 1)",['living_in_same_place'],48
"[(0, 0), (1, 1), (2, 2), (3, 3), (4, 4), (5, 5), (6, 6), (5, 1), (3, 6), (4, 6), (5, 6), (3, 3), (0, 1), (1, 6), (2, 6), (0, 0), (5, 5), (4, 2), (5, 5), (0, 0), (4, 5), (5, 0), (3, 4), (2, 2), (2, 2)]","['is_person', 'is_person', 'is_person', 'is_person', 'is_person', 'is_person', 'is_place', 'living_in_same_place', 'living_in', 'living_in', 'living_in', 'is_male', 'living_in_same_place', 'living_in', 'living_in', 'is_female', 'no_sisters', 'living_in_same_place', 'is_underage', 'no_brothers', 'living_in_same_place', 'living_in_same_place', 'living_in_same_place', 'no_sons', 'is_male']","(0, 4)",['living_in_same_place'],48
"[(0, 0), (1, 1), (2, 2), (3, 3), (4, 4), (5, 5), (6, 6), (5, 1), (3, 6), (4, 6), (5, 6), (3, 3), (0, 1), (1, 6), (2, 6), (0, 0), (5, 5), (4, 2), (5, 5), (0, 0), (4, 5), (5, 0), (3, 4), (2, 2), (2, 2)]","['is_person', 'is_person', 'is_person', 'is_person', 'is_person', 'is_person', 'is_place', 'living_in_same_place', 'living_in', 'living_in', 'living_in', 'is_male', 'living_in_same_place', 'living_in', 'living_in', 'is_female', 'no_sisters', 'living_in_same_place', 'is_underage', 'no_brothers', 'living_in_same_place', 'living_in_same_place', 'living_in_same_place', 'no_sons', 'is_male']","(1, 5)",['living_in_same_place'],48
"[(0, 0), (1, 1), (2, 2), (3, 3), (4, 4), (5, 5), (6, 6), (5, 1), (3, 6), (4, 6), (5, 6), (3, 3), (0, 1), (1, 6), (2, 6), (0, 0), (5, 5), (4, 2), (5, 5), (0, 0), (4, 5), (5, 0), (3, 4), (2, 2), (2, 2)]","['is_person', 'is_person', 'is_person', 'is_person', 'is_person', 'is_person', 'is_place', 'living_in_same_place', 'living_in', 'living_in', 'living_in', 'is_male', 'living_in_same_place', 'living_in', 'living_in', 'is_female', 'no_sisters', 'living_in_same_place', 'is_underage', 'no_brothers', 'living_in_same_place', 'living_in_same_place', 'living_in_same_place', 'no_sons', 'is_male']","(2, 1)",['living_in_same_place'],48
"[(0, 0), (1, 1), (2, 2), (3, 3), (4, 4), (5, 5), (6, 6), (5, 1), (3, 6), (4, 6), (5, 6), (3, 3), (0, 1), (1, 6), (2, 6), (0, 0), (5, 5), (4, 2), (5, 5), (0, 0), (4, 5), (5, 0), (3, 4), (2, 2), (2, 2)]","['is_person', 'is_person', 'is_person', 'is_person', 'is_person', 'is_person', 'is_place', 'living_in_same_place', 'living_in', 'living_in', 'living_in', 'is_male', 'living_in_same_place', 'living_in', 'living_in', 'is_female', 'no_sisters', 'living_in_same_place', 'is_underage', 'no_brothers', 'living_in_same_place', 'living_in_same_place', 'living_in_same_place', 'no_sons', 'is_male']","(1, 3)",['living_in_same_place'],48
"[(0, 0), (1, 1), (2, 2), (3, 3), (4, 4), (5, 5), (6, 6), (5, 1), (3, 6), (4, 6), (5, 6), (3, 3), (0, 1), (1, 6), (2, 6), (0, 0), (5, 5), (4, 2), (5, 5), (0, 0), (4, 5), (5, 0), (3, 4), (2, 2), (2, 2)]","['is_person', 'is_person', 'is_person', 'is_person', 'is_person', 'is_person', 'is_place', 'living_in_same_place', 'living_in', 'living_in', 'living_in', 'is_male', 'living_in_same_place', 'living_in', 'living_in', 'is_female', 'no_sisters', 'living_in_same_place', 'is_underage', 'no_brothers', 'living_in_same_place', 'living_in_same_place', 'living_in_same_place', 'no_sons', 'is_male']","(5, 2)",['living_in_same_place'],48
"[(0, 0), (1, 1), (2, 2), (3, 3), (4, 4), (5, 5), (6, 6), (5, 1), (3, 6), (4, 6), (5, 6), (3, 3), (0, 1), (1, 6), (2, 6), (0, 0), (5, 5), (4, 2), (5, 5), (0, 0), (4, 5), (5, 0), (3, 4), (2, 2), (2, 2)]","['is_person', 'is_person', 'is_person', 'is_person', 'is_person', 'is_person', 'is_place', 'living_in_same_place', 'living_in', 'living_in', 'living_in', 'is_male', 'living_in_same_place', 'living_in', 'living_in', 'is_female', 'no_sisters', 'living_in_same_place', 'is_underage', 'no_brothers', 'living_in_same_place', 'living_in_same_place', 'living_in_same_place', 'no_sons', 'is_male']","(4, 0)",['living_in_same_place'],48
"[(0, 0), (1, 1), (2, 2), (3, 3), (4, 4), (5, 5), (6, 6), (5, 1), (3, 6), (4, 6), (5, 6), (3, 3), (0, 1), (1, 6), (2, 6), (0, 0), (5, 5), (4, 2), (5, 5), (0, 0), (4, 5), (5, 0), (3, 4), (2, 2), (2, 2)]","['is_person', 'is_person', 'is_person', 'is_person', 'is_person', 'is_person', 'is_place', 'living_in_same_place', 'living_in', 'living_in', 'living_in', 'is_male', 'living_in_same_place', 'living_in', 'living_in', 'is_female', 'no_sisters', 'living_in_same_place', 'is_underage', 'no_brothers', 'living_in_same_place', 'living_in_same_place', 'living_in_same_place', 'no_sons', 'is_male']","(1, 0)",['living_in_same_place'],48
"[(0, 0), (1, 1), (2, 2), (3, 3), (4, 4), (5, 5), (6, 6), (5, 1), (3, 6), (4, 6), (5, 6), (3, 3), (0, 1), (1, 6), (2, 6), (0, 0), (5, 5), (4, 2), (5, 5), (0, 0), (4, 5), (5, 0), (3, 4), (2, 2), (2, 2)]","['is_person', 'is_person', 'is_person', 'is_person', 'is_person', 'is_person', 'is_place', 'living_in_same_place', 'living_in', 'living_in', 'living_in', 'is_male', 'living_in_same_place', 'living_in', 'living_in', 'is_female', 'no_sisters', 'living_in_same_place', 'is_underage', 'no_brothers', 'living_in_same_place', 'living_in_same_place', 'living_in_same_place', 'no_sons', 'is_male']","(4, 3)",['living_in_same_place'],48
"[(0, 0), (1, 1), (2, 2), (3, 3), (4, 4), (5, 5), (6, 6), (5, 1), (3, 6), (4, 6), (5, 6), (3, 3), (0, 1), (1, 6), (2, 6), (0, 0), (5, 5), (4, 2), (5, 5), (0, 0), (4, 5), (5, 0), (3, 4), (2, 2), (2, 2)]","['is_person', 'is_person', 'is_person', 'is_person', 'is_person', 'is_person', 'is_place', 'living_in_same_place', 'living_in', 'living_in', 'living_in', 'is_male', 'living_in_same_place', 'living_in', 'living_in', 'is_female', 'no_sisters', 'living_in_same_place', 'is_underage', 'no_brothers', 'living_in_same_place', 'living_in_same_place', 'living_in_same_place', 'no_sons', 'is_male']","(0, 6)",['living_in'],48
"[(0, 0), (1, 1), (2, 2), (3, 3), (4, 4), (5, 5), (6, 6), (5, 1), (3, 6), (4, 6), (5, 6), (3, 3), (0, 1), (1, 6), (2, 6), (0, 0), (5, 5), (4, 2), (5, 5), (0, 0), (4, 5), (5, 0), (3, 4), (2, 2), (2, 2)]","['is_person', 'is_person', 'is_person', 'is_person', 'is_person', 'is_person', 'is_place', 'living_in_same_place', 'living_in', 'living_in', 'living_in', 'is_male', 'living_in_same_place', 'living_in', 'living_in', 'is_female', 'no_sisters', 'living_in_same_place', 'is_underage', 'no_brothers', 'living_in_same_place', 'living_in_same_place', 'living_in_same_place', 'no_sons', 'is_male']","(2, 3)",['living_in_same_place'],48
"[(0, 0), (1, 1), (2, 2), (3, 3), (4, 4), (5, 5), (6, 6), (5, 1), (3, 6), (4, 6), (5, 6), (3, 3), (0, 1), (1, 6), (2, 6), (0, 0), (5, 5), (4, 2), (5, 5), (0, 0), (4, 5), (5, 0), (3, 4), (2, 2), (2, 2)]","['is_person', 'is_person', 'is_person', 'is_person', 'is_person', 'is_person', 'is_place', 'living_in_same_place', 'living_in', 'living_in', 'living_in', 'is_male', 'living_in_same_place', 'living_in', 'living_in', 'is_female', 'no_sisters', 'living_in_same_place', 'is_underage', 'no_brothers', 'living_in_same_place', 'living_in_same_place', 'living_in_same_place', 'no_sons', 'is_male']","(1, 2)",['living_in_same_place'],48
"[(0, 0), (1, 1), (2, 2), (3, 3), (4, 4), (5, 5), (6, 6), (5, 1), (3, 6), (4, 6), (5, 6), (3, 3), (0, 1), (1, 6), (2, 6), (0, 0), (5, 5), (4, 2), (5, 5), (0, 0), (4, 5), (5, 0), (3, 4), (2, 2), (2, 2)]","['is_person', 'is_person', 'is_person', 'is_person', 'is_person', 'is_person', 'is_place', 'living_in_same_place', 'living_in', 'living_in', 'living_in', 'is_male', 'living_in_same_place', 'living_in', 'living_in', 'is_female', 'no_sisters', 'living_in_same_place', 'is_underage', 'no_brothers', 'living_in_same_place', 'living_in_same_place', 'living_in_same_place', 'no_sons', 'is_male']","(2, 0)",['living_in_same_place'],48
"[(0, 0), (1, 1), (2, 2), (3, 3), (4, 4), (5, 5), (6, 6), (5, 1), (3, 6), (4, 6), (5, 6), (3, 3), (0, 1), (1, 6), (2, 6), (0, 0), (5, 5), (4, 2), (5, 5), (0, 0), (4, 5), (5, 0), (3, 4), (2, 2), (2, 2)]","['is_person', 'is_person', 'is_person', 'is_person', 'is_person', 'is_person', 'is_place', 'living_in_same_place', 'living_in', 'living_in', 'living_in', 'is_male', 'living_in_same_place', 'living_in', 'living_in', 'is_female', 'no_sisters', 'living_in_same_place', 'is_underage', 'no_brothers', 'living_in_same_place', 'living_in_same_place', 'living_in_same_place', 'no_sons', 'is_male']","(2, 4)",['living_in_same_place'],48
"[(0, 0), (1, 1), (2, 2), (3, 3), (4, 4), (5, 5), (6, 6), (5, 1), (3, 6), (4, 6), (5, 6), (3, 3), (0, 1), (1, 6), (2, 6), (0, 0), (5, 5), (4, 2), (5, 5), (0, 0), (4, 5), (5, 0), (3, 4), (2, 2), (2, 2)]","['is_person', 'is_person', 'is_person', 'is_person', 'is_person', 'is_person', 'is_place', 'living_in_same_place', 'living_in', 'living_in', 'living_in', 'is_male', 'living_in_same_place', 'living_in', 'living_in', 'is_female', 'no_sisters', 'living_in_same_place', 'is_underage', 'no_brothers', 'living_in_same_place', 'living_in_same_place', 'living_in_same_place', 'no_sons', 'is_male']","(3, 0)",['living_in_same_place'],48
"[(0, 0), (1, 1), (2, 2), (3, 3), (4, 4), (5, 5), (6, 6), (5, 1), (3, 6), (4, 6), (5, 6), (3, 3), (0, 1), (1, 6), (2, 6), (0, 0), (5, 5), (4, 2), (5, 5), (0, 0), (4, 5), (5, 0), (3, 4), (2, 2), (2, 2)]","['is_person', 'is_person', 'is_person', 'is_person', 'is_person', 'is_person', 'is_place', 'living_in_same_place', 'living_in', 'living_in', 'living_in', 'is_male', 'living_in_same_place', 'living_in', 'living_in', 'is_female', 'no_sisters', 'living_in_same_place', 'is_underage', 'no_brothers', 'living_in_same_place', 'living_in_same_place', 'living_in_same_place', 'no_sons', 'is_male']","(4, 1)",['living_in_same_place'],48
"[(0, 0), (1, 1), (2, 2), (3, 3), (4, 4), (1, 4), (2, 4), (0, 4), (2, 0), (0, 3), (2, 2), (2, 0), (3, 4), (0, 2), (3, 3), (4, 1), (2, 2), (1, 1)]","['is_person', 'is_person', 'is_person', 'is_person', 'is_place', 'living_in', 'living_in', 'living_in', 'granddaughter_of', 'sister_in_law_of', 'no_sisters', 'living_in_same_place', 'living_in', 'living_in_same_place', 'is_female', 'paternal_aunt_of', 'is_female', 'no_sons']","(0, 0)",['is_female'],49
"[(0, 0), (1, 1), (2, 2), (3, 3), (4, 4), (1, 4), (2, 4), (0, 4), (2, 0), (0, 3), (2, 2), (2, 0), (3, 4), (0, 2), (3, 3), (4, 1), (2, 2), (1, 1)]","['is_person', 'is_person', 'is_person', 'is_person', 'is_place', 'living_in', 'living_in', 'living_in', 'granddaughter_of', 'sister_in_law_of', 'no_sisters', 'living_in_same_place', 'living_in', 'living_in_same_place', 'is_female', 'paternal_aunt_of', 'is_female', 'no_sons']","(0, 2)","['living_in_same_place', 'grandparent_of', 'grandmother_of']",49
"[(0, 0), (1, 1), (2, 2), (3, 3), (4, 4), (1, 4), (2, 4), (0, 4), (2, 0), (0, 3), (2, 2), (2, 0), (3, 4), (0, 2), (3, 3), (4, 1), (2, 2), (1, 1)]","['is_person', 'is_person', 'is_person', 'is_person', 'is_place', 'living_in', 'living_in', 'living_in', 'granddaughter_of', 'sister_in_law_of', 'no_sisters', 'living_in_same_place', 'living_in', 'living_in_same_place', 'is_female', 'paternal_aunt_of', 'is_female', 'no_sons']","(2, 0)","['granddaughter_of', 'living_in_same_place', 'grandchild_of']",49
"[(0, 0), (1, 1), (2, 2), (3, 3), (4, 4), (1, 4), (2, 4), (0, 4), (2, 0), (0, 3), (2, 2), (2, 0), (3, 4), (0, 2), (3, 3), (4, 1), (2, 2), (1, 1)]","['is_person', 'is_person', 'is_person', 'is_person', 'is_place', 'living_in', 'living_in', 'living_in', 'granddaughter_of', 'sister_in_law_of', 'no_sisters', 'living_in_same_place', 'living_in', 'living_in_same_place', 'is_female', 'paternal_aunt_of', 'is_female', 'no_sons']","(3, 0)","['sister_in_law_of', 'sibling_in_law_of']",49
"[(0, 0), (1, 1), (2, 2), (3, 3), (4, 4), (1, 4), (2, 4), (0, 4), (2, 0), (0, 3), (2, 2), (2, 0), (3, 4), (0, 2), (3, 3), (4, 1), (2, 2), (1, 1)]","['is_person', 'is_person', 'is_person', 'is_person', 'is_place', 'living_in', 'living_in', 'living_in', 'granddaughter_of', 'sister_in_law_of', 'no_sisters', 'living_in_same_place', 'living_in', 'living_in_same_place', 'is_female', 'paternal_aunt_of', 'is_female', 'no_sons']","(0, 3)","['sister_in_law_of', 'sibling_in_law_of']",49
"[(0, 0), (1, 1), (2, 2), (3, 3), (4, 4), (5, 5), (6, 6), (2, 6), (1, 1), (5, 5), (4, 6), (5, 4), (3, 3), (1, 6), (0, 4), (1, 1), (5, 6), (0, 0), (3, 3), (0, 0), (0, 0), (3, 6), (0, 6), (3, 3), (5, 1), (1, 0)]","['is_person', 'is_person', 'is_person', 'is_person', 'is_person', 'is_person', 'is_place', 'living_in', 'no_sisters', 'is_underage', 'living_in', 'maternal_aunt_of', 'is_female', 'living_in', 'maternal_grandmother_of', 'is_female', 'living_in', 'is_male', 'no_sons', 'no_daughters', 'is_underage', 'living_in', 'living_in', 'is_underage', 'living_in_same_place', 'mother_of']","(0, 1)","['child_of', 'living_in_same_place', 'son_of']",50
"[(0, 0), (1, 1), (2, 2), (3, 3), (4, 4), (5, 5), (6, 6), (2, 6), (1, 1), (5, 5), (4, 6), (5, 4), (3, 3), (1, 6), (0, 4), (1, 1), (5, 6), (0, 0), (3, 3), (0, 0), (0, 0), (3, 6), (0, 6), (3, 3), (5, 1), (1, 0)]","['is_person', 'is_person', 'is_person', 'is_person', 'is_person', 'is_person', 'is_place', 'living_in', 'no_sisters', 'is_underage', 'living_in', 'maternal_aunt_of', 'is_female', 'living_in', 'maternal_grandmother_of', 'is_female', 'living_in', 'is_male', 'no_sons', 'no_daughters', 'is_underage', 'living_in', 'living_in', 'is_underage', 'living_in_same_place', 'mother_of']","(5, 0)",['living_in_same_place'],50
"[(0, 0), (1, 1), (2, 2), (3, 3), (4, 4), (5, 5), (6, 6), (2, 6), (1, 1), (5, 5), (4, 6), (5, 4), (3, 3), (1, 6), (0, 4), (1, 1), (5, 6), (0, 0), (3, 3), (0, 0), (0, 0), (3, 6), (0, 6), (3, 3), (5, 1), (1, 0)]","['is_person', 'is_person', 'is_person', 'is_person', 'is_person', 'is_person', 'is_place', 'living_in', 'no_sisters', 'is_underage', 'living_in', 'maternal_aunt_of', 'is_female', 'living_in', 'maternal_grandmother_of', 'is_female', 'living_in', 'is_male', 'no_sons', 'no_daughters', 'is_underage', 'living_in', 'living_in', 'is_underage', 'living_in_same_place', 'mother_of']","(1, 5)",['living_in_same_place'],50
"[(0, 0), (1, 1), (2, 2), (3, 3), (4, 4), (5, 5), (6, 6), (2, 6), (1, 1), (5, 5), (4, 6), (5, 4), (3, 3), (1, 6), (0, 4), (1, 1), (5, 6), (0, 0), (3, 3), (0, 0), (0, 0), (3, 6), (0, 6), (3, 3), (5, 1), (1, 0)]","['is_person', 'is_person', 'is_person', 'is_person', 'is_person', 'is_person', 'is_place', 'living_in', 'no_sisters', 'is_underage', 'living_in', 'maternal_aunt_of', 'is_female', 'living_in', 'maternal_grandmother_of', 'is_female', 'living_in', 'is_male', 'no_sons', 'no_daughters', 'is_underage', 'living_in', 'living_in', 'is_underage', 'living_in_same_place', 'mother_of']","(1, 0)","['mother_of', 'parent_of', 'living_in_same_place']",50
"[(0, 0), (1, 1), (2, 2), (3, 3), (4, 4), (5, 5), (6, 6), (2, 6), (1, 1), (5, 5), (4, 6), (5, 4), (3, 3), (1, 6), (0, 4), (1, 1), (5, 6), (0, 0), (3, 3), (0, 0), (0, 0), (3, 6), (0, 6), (3, 3), (5, 1), (1, 0)]","['is_person', 'is_person', 'is_person', 'is_person', 'is_person', 'is_person', 'is_place', 'living_in', 'no_sisters', 'is_underage', 'living_in', 'maternal_aunt_of', 'is_female', 'living_in', 'maternal_grandmother_of', 'is_female', 'living_in', 'is_male', 'no_sons', 'no_daughters', 'is_underage', 'living_in', 'living_in', 'is_underage', 'living_in_same_place', 'mother_of']","(0, 5)",['living_in_same_place'],50
"[(0, 0), (1, 1), (2, 2), (3, 3), (4, 4), (5, 5), (6, 6), (7, 7), (1, 1), (1, 1), (5, 7), (5, 1), (3, 6), (2, 2), (1, 6), (1, 1), (2, 7), (0, 0), (4, 4), (0, 2), (3, 4), (1, 0), (3, 3), (3, 3), (4, 4), (5, 5), (1, 1), (1, 7), (4, 7), (0, 7), (4, 4)]","['is_person', 'is_person', 'is_person', 'is_person', 'is_person', 'is_person', 'is_place', 'is_place', 'no_sisters', 'no_sons', 'living_in', 'maternal_grandmother_of', 'living_in', 'is_underage', 'living_in', 'is_female', 'living_in', 'is_underage', 'no_sons', 'living_in_same_place', 'paternal_uncle_of', 'maternal_grandparent_of', 'no_daughters', 'is_female', 'is_underage', 'is_underage', 'is_underage', 'paternal_grandmother_of', 'living_in', 'living_in', 'is_female']","(1, 7)","['paternal_grandmother_of', 'Not_living_in']",51
"[(0, 0), (1, 1), (2, 2), (3, 3), (4, 4), (5, 5), (6, 6), (7, 7), (1, 1), (1, 1), (5, 7), (5, 1), (3, 6), (2, 2), (1, 6), (1, 1), (2, 7), (0, 0), (4, 4), (0, 2), (3, 4), (1, 0), (3, 3), (3, 3), (4, 4), (5, 5), (1, 1), (1, 7), (4, 7), (0, 7), (4, 4)]","['is_person', 'is_person', 'is_person', 'is_person', 'is_person', 'is_person', 'is_place', 'is_place', 'no_sisters', 'no_sons', 'living_in', 'maternal_grandmother_of', 'living_in', 'is_underage', 'living_in', 'is_female', 'living_in', 'is_underage', 'no_sons', 'living_in_same_place', 'paternal_uncle_of', 'maternal_grandparent_of', 'no_daughters', 'is_female', 'is_underage', 'is_underage', 'is_underage', 'paternal_grandmother_of', 'living_in', 'living_in', 'is_female']","(4, 6)",['Not_living_in'],51
"[(0, 0), (1, 1), (2, 2), (3, 3), (4, 4), (5, 5), (6, 6), (7, 7), (1, 1), (1, 1), (5, 7), (5, 1), (3, 6), (2, 2), (1, 6), (1, 1), (2, 7), (0, 0), (4, 4), (0, 2), (3, 4), (1, 0), (3, 3), (3, 3), (4, 4), (5, 5), (1, 1), (1, 7), (4, 7), (0, 7), (4, 4)]","['is_person', 'is_person', 'is_person', 'is_person', 'is_person', 'is_person', 'is_place', 'is_place', 'no_sisters', 'no_sons', 'living_in', 'maternal_grandmother_of', 'living_in', 'is_underage', 'living_in', 'is_female', 'living_in', 'is_underage', 'no_sons', 'living_in_same_place', 'paternal_uncle_of', 'maternal_grandparent_of', 'no_daughters', 'is_female', 'is_underage', 'is_underage', 'is_underage', 'paternal_grandmother_of', 'living_in', 'living_in', 'is_female']","(0, 6)",['Not_living_in'],51
"[(0, 0), (1, 1), (2, 2), (3, 3), (4, 4), (5, 5), (6, 6), (7, 7), (1, 1), (1, 1), (5, 7), (5, 1), (3, 6), (2, 2), (1, 6), (1, 1), (2, 7), (0, 0), (4, 4), (0, 2), (3, 4), (1, 0), (3, 3), (3, 3), (4, 4), (5, 5), (1, 1), (1, 7), (4, 7), (0, 7), (4, 4)]","['is_person', 'is_person', 'is_person', 'is_person', 'is_person', 'is_person', 'is_place', 'is_place', 'no_sisters', 'no_sons', 'living_in', 'maternal_grandmother_of', 'living_in', 'is_underage', 'living_in', 'is_female', 'living_in', 'is_underage', 'no_sons', 'living_in_same_place', 'paternal_uncle_of', 'maternal_grandparent_of', 'no_daughters', 'is_female', 'is_underage', 'is_underage', 'is_underage', 'paternal_grandmother_of', 'living_in', 'living_in', 'is_female']","(5, 6)",['Not_living_in'],51
"[(0, 0), (1, 1), (2, 2), (3, 3), (4, 4), (5, 5), (6, 6), (7, 7), (1, 1), (1, 1), (5, 7), (5, 1), (3, 6), (2, 2), (1, 6), (1, 1), (2, 7), (0, 0), (4, 4), (0, 2), (3, 4), (1, 0), (3, 3), (3, 3), (4, 4), (5, 5), (1, 1), (1, 7), (4, 7), (0, 7), (4, 4)]","['is_person', 'is_person', 'is_person', 'is_person', 'is_person', 'is_person', 'is_place', 'is_place', 'no_sisters', 'no_sons', 'living_in', 'maternal_grandmother_of', 'living_in', 'is_underage', 'living_in', 'is_female', 'living_in', 'is_underage', 'no_sons', 'living_in_same_place', 'paternal_uncle_of', 'maternal_grandparent_of', 'no_daughters', 'is_female', 'is_underage', 'is_underage', 'is_underage', 'paternal_grandmother_of', 'living_in', 'living_in', 'is_female']","(3, 7)",['Not_living_in'],51
"[(0, 0), (1, 1), (2, 2), (3, 3), (4, 4), (5, 5), (6, 6), (7, 7), (1, 1), (1, 1), (5, 7), (5, 1), (3, 6), (2, 2), (1, 6), (1, 1), (2, 7), (0, 0), (4, 4), (0, 2), (3, 4), (1, 0), (3, 3), (3, 3), (4, 4), (5, 5), (1, 1), (1, 7), (4, 7), (0, 7), (4, 4)]","['is_person', 'is_person', 'is_person', 'is_person', 'is_person', 'is_person', 'is_place', 'is_place', 'no_sisters', 'no_sons', 'living_in', 'maternal_grandmother_of', 'living_in', 'is_underage', 'living_in', 'is_female', 'living_in', 'is_underage', 'no_sons', 'living_in_same_place', 'paternal_uncle_of', 'maternal_grandparent_of', 'no_daughters', 'is_female', 'is_underage', 'is_underage', 'is_underage', 'paternal_grandmother_of', 'living_in', 'living_in', 'is_female']","(2, 0)",['living_in_same_place'],51
"[(0, 0), (1, 1), (2, 2), (3, 3), (4, 4), (5, 5), (6, 6), (7, 7), (1, 1), (1, 1), (5, 7), (5, 1), (3, 6), (2, 2), (1, 6), (1, 1), (2, 7), (0, 0), (4, 4), (0, 2), (3, 4), (1, 0), (3, 3), (3, 3), (4, 4), (5, 5), (1, 1), (1, 7), (4, 7), (0, 7), (4, 4)]","['is_person', 'is_person', 'is_person', 'is_person', 'is_person', 'is_person', 'is_place', 'is_place', 'no_sisters', 'no_sons', 'living_in', 'maternal_grandmother_of', 'living_in', 'is_underage', 'living_in', 'is_female', 'living_in', 'is_underage', 'no_sons', 'living_in_same_place', 'paternal_uncle_of', 'maternal_grandparent_of', 'no_daughters', 'is_female', 'is_underage', 'is_underage', 'is_underage', 'paternal_grandmother_of', 'living_in', 'living_in', 'is_female']","(2, 6)",['Not_living_in'],51
"[(0, 0), (1, 1), (2, 2), (3, 3), (4, 4), (5, 5), (6, 6), (2, 2), (1, 0), (0, 0), (1, 1), (2, 4), (3, 0), (5, 6), (2, 1), (2, 1), (4, 4), (2, 5), (1, 6), (1, 1), (3, 3), (4, 6), (0, 6), (2, 6), (4, 4), (3, 4)]","['is_person', 'is_person', 'is_person', 'is_person', 'is_person', 'is_person', 'is_place', 'is_underage', 'living_in_same_place', 'is_underage', 'is_male', 'living_in_same_place', 'living_in_same_place', 'living_in', 'living_in_same_place', 'daughter_in_law_of', 'is_male', 'living_in_same_place', 'living_in', 'no_brothers', 'is_underage', 'living_in', 'living_in', 'living_in', 'no_daughters', 'living_in_same_place']","(4, 2)",['living_in_same_place'],52
"[(0, 0), (1, 1), (2, 2), (3, 3), (4, 4), (5, 5), (6, 6), (2, 2), (1, 0), (0, 0), (1, 1), (2, 4), (3, 0), (5, 6), (2, 1), (2, 1), (4, 4), (2, 5), (1, 6), (1, 1), (3, 3), (4, 6), (0, 6), (2, 6), (4, 4), (3, 4)]","['is_person', 'is_person', 'is_person', 'is_person', 'is_person', 'is_person', 'is_place', 'is_underage', 'living_in_same_place', 'is_underage', 'is_male', 'living_in_same_place', 'living_in_same_place', 'living_in', 'living_in_same_place', 'daughter_in_law_of', 'is_male', 'living_in_same_place', 'living_in', 'no_brothers', 'is_underage', 'living_in', 'living_in', 'living_in', 'no_daughters', 'living_in_same_place']","(4, 5)",['living_in_same_place'],52
"[(0, 0), (1, 1), (2, 2), (3, 3), (4, 4), (5, 5), (6, 6), (2, 2), (1, 0), (0, 0), (1, 1), (2, 4), (3, 0), (5, 6), (2, 1), (2, 1), (4, 4), (2, 5), (1, 6), (1, 1), (3, 3), (4, 6), (0, 6), (2, 6), (4, 4), (3, 4)]","['is_person', 'is_person', 'is_person', 'is_person', 'is_person', 'is_person', 'is_place', 'is_underage', 'living_in_same_place', 'is_underage', 'is_male', 'living_in_same_place', 'living_in_same_place', 'living_in', 'living_in_same_place', 'daughter_in_law_of', 'is_male', 'living_in_same_place', 'living_in', 'no_brothers', 'is_underage', 'living_in', 'living_in', 'living_in', 'no_daughters', 'living_in_same_place']","(3, 2)",['living_in_same_place'],52
"[(0, 0), (1, 1), (2, 2), (3, 3), (4, 4), (5, 5), (6, 6), (2, 2), (1, 0), (0, 0), (1, 1), (2, 4), (3, 0), (5, 6), (2, 1), (2, 1), (4, 4), (2, 5), (1, 6), (1, 1), (3, 3), (4, 6), (0, 6), (2, 6), (4, 4), (3, 4)]","['is_person', 'is_person', 'is_person', 'is_person', 'is_person', 'is_person', 'is_place', 'is_underage', 'living_in_same_place', 'is_underage', 'is_male', 'living_in_same_place', 'living_in_same_place', 'living_in', 'living_in_same_place', 'daughter_in_law_of', 'is_male', 'living_in_same_place', 'living_in', 'no_brothers', 'is_underage', 'living_in', 'living_in', 'living_in', 'no_daughters', 'living_in_same_place']","(5, 0)",['living_in_same_place'],52
"[(0, 0), (1, 1), (2, 2), (3, 3), (4, 4), (5, 5), (6, 6), (2, 2), (1, 0), (0, 0), (1, 1), (2, 4), (3, 0), (5, 6), (2, 1), (2, 1), (4, 4), (2, 5), (1, 6), (1, 1), (3, 3), (4, 6), (0, 6), (2, 6), (4, 4), (3, 4)]","['is_person', 'is_person', 'is_person', 'is_person', 'is_person', 'is_person', 'is_place', 'is_underage', 'living_in_same_place', 'is_underage', 'is_male', 'living_in_same_place', 'living_in_same_place', 'living_in', 'living_in_same_place', 'daughter_in_law_of', 'is_male', 'living_in_same_place', 'living_in', 'no_brothers', 'is_underage', 'living_in', 'living_in', 'living_in', 'no_daughters', 'living_in_same_place']","(1, 4)",['living_in_same_place'],52
"[(0, 0), (1, 1), (2, 2), (3, 3), (4, 4), (5, 5), (6, 6), (2, 2), (1, 0), (0, 0), (1, 1), (2, 4), (3, 0), (5, 6), (2, 1), (2, 1), (4, 4), (2, 5), (1, 6), (1, 1), (3, 3), (4, 6), (0, 6), (2, 6), (4, 4), (3, 4)]","['is_person', 'is_person', 'is_person', 'is_person', 'is_person', 'is_person', 'is_place', 'is_underage', 'living_in_same_place', 'is_underage', 'is_male', 'living_in_same_place', 'living_in_same_place', 'living_in', 'living_in_same_place', 'daughter_in_law_of', 'is_male', 'living_in_same_place', 'living_in', 'no_brothers', 'is_underage', 'living_in', 'living_in', 'living_in', 'no_daughters', 'living_in_same_place']","(3, 5)",['living_in_same_place'],52
"[(0, 0), (1, 1), (2, 2), (3, 3), (4, 4), (5, 5), (6, 6), (2, 2), (1, 0), (0, 0), (1, 1), (2, 4), (3, 0), (5, 6), (2, 1), (2, 1), (4, 4), (2, 5), (1, 6), (1, 1), (3, 3), (4, 6), (0, 6), (2, 6), (4, 4), (3, 4)]","['is_person', 'is_person', 'is_person', 'is_person', 'is_person', 'is_person', 'is_place', 'is_underage', 'living_in_same_place', 'is_underage', 'is_male', 'living_in_same_place', 'living_in_same_place', 'living_in', 'living_in_same_place', 'daughter_in_law_of', 'is_male', 'living_in_same_place', 'living_in', 'no_brothers', 'is_underage', 'living_in', 'living_in', 'living_in', 'no_daughters', 'living_in_same_place']","(5, 3)",['living_in_same_place'],52
"[(0, 0), (1, 1), (2, 2), (3, 3), (4, 4), (5, 5), (6, 6), (2, 2), (1, 0), (0, 0), (1, 1), (2, 4), (3, 0), (5, 6), (2, 1), (2, 1), (4, 4), (2, 5), (1, 6), (1, 1), (3, 3), (4, 6), (0, 6), (2, 6), (4, 4), (3, 4)]","['is_person', 'is_person', 'is_person', 'is_person', 'is_person', 'is_person', 'is_place', 'is_underage', 'living_in_same_place', 'is_underage', 'is_male', 'living_in_same_place', 'living_in_same_place', 'living_in', 'living_in_same_place', 'daughter_in_law_of', 'is_male', 'living_in_same_place', 'living_in', 'no_brothers', 'is_underage', 'living_in', 'living_in', 'living_in', 'no_daughters', 'living_in_same_place']","(5, 4)",['living_in_same_place'],52
"[(0, 0), (1, 1), (2, 2), (3, 3), (4, 4), (5, 5), (6, 6), (2, 2), (1, 0), (0, 0), (1, 1), (2, 4), (3, 0), (5, 6), (2, 1), (2, 1), (4, 4), (2, 5), (1, 6), (1, 1), (3, 3), (4, 6), (0, 6), (2, 6), (4, 4), (3, 4)]","['is_person', 'is_person', 'is_person', 'is_person', 'is_person', 'is_person', 'is_place', 'is_underage', 'living_in_same_place', 'is_underage', 'is_male', 'living_in_same_place', 'living_in_same_place', 'living_in', 'living_in_same_place', 'daughter_in_law_of', 'is_male', 'living_in_same_place', 'living_in', 'no_brothers', 'is_underage', 'living_in', 'living_in', 'living_in', 'no_daughters', 'living_in_same_place']","(1, 2)","['father_in_law_of', 'parent_in_law_of', 'living_in_same_place']",52
"[(0, 0), (1, 1), (2, 2), (3, 3), (4, 4), (5, 5), (6, 6), (2, 2), (1, 0), (0, 0), (1, 1), (2, 4), (3, 0), (5, 6), (2, 1), (2, 1), (4, 4), (2, 5), (1, 6), (1, 1), (3, 3), (4, 6), (0, 6), (2, 6), (4, 4), (3, 4)]","['is_person', 'is_person', 'is_person', 'is_person', 'is_person', 'is_person', 'is_place', 'is_underage', 'living_in_same_place', 'is_underage', 'is_male', 'living_in_same_place', 'living_in_same_place', 'living_in', 'living_in_same_place', 'daughter_in_law_of', 'is_male', 'living_in_same_place', 'living_in', 'no_brothers', 'is_underage', 'living_in', 'living_in', 'living_in', 'no_daughters', 'living_in_same_place']","(2, 1)","['living_in_same_place', 'daughter_in_law_of', 'child_in_law_of']",52
"[(0, 0), (1, 1), (2, 2), (3, 3), (4, 4), (5, 5), (6, 6), (2, 2), (1, 0), (0, 0), (1, 1), (2, 4), (3, 0), (5, 6), (2, 1), (2, 1), (4, 4), (2, 5), (1, 6), (1, 1), (3, 3), (4, 6), (0, 6), (2, 6), (4, 4), (3, 4)]","['is_person', 'is_person', 'is_person', 'is_person', 'is_person', 'is_person', 'is_place', 'is_underage', 'living_in_same_place', 'is_underage', 'is_male', 'living_in_same_place', 'living_in_same_place', 'living_in', 'living_in_same_place', 'daughter_in_law_of', 'is_male', 'living_in_same_place', 'living_in', 'no_brothers', 'is_underage', 'living_in', 'living_in', 'living_in', 'no_daughters', 'living_in_same_place']","(0, 2)",['living_in_same_place'],52
"[(0, 0), (1, 1), (2, 2), (3, 3), (4, 4), (5, 5), (6, 6), (2, 2), (1, 0), (0, 0), (1, 1), (2, 4), (3, 0), (5, 6), (2, 1), (2, 1), (4, 4), (2, 5), (1, 6), (1, 1), (3, 3), (4, 6), (0, 6), (2, 6), (4, 4), (3, 4)]","['is_person', 'is_person', 'is_person', 'is_person', 'is_person', 'is_person', 'is_place', 'is_underage', 'living_in_same_place', 'is_underage', 'is_male', 'living_in_same_place', 'living_in_same_place', 'living_in', 'living_in_same_place', 'daughter_in_law_of', 'is_male', 'living_in_same_place', 'living_in', 'no_brothers', 'is_underage', 'living_in', 'living_in', 'living_in', 'no_daughters', 'living_in_same_place']","(0, 5)",['living_in_same_place'],52
"[(0, 0), (1, 1), (2, 2), (3, 3), (4, 4), (5, 5), (6, 6), (2, 2), (1, 0), (0, 0), (1, 1), (2, 4), (3, 0), (5, 6), (2, 1), (2, 1), (4, 4), (2, 5), (1, 6), (1, 1), (3, 3), (4, 6), (0, 6), (2, 6), (4, 4), (3, 4)]","['is_person', 'is_person', 'is_person', 'is_person', 'is_person', 'is_person', 'is_place', 'is_underage', 'living_in_same_place', 'is_underage', 'is_male', 'living_in_same_place', 'living_in_same_place', 'living_in', 'living_in_same_place', 'daughter_in_law_of', 'is_male', 'living_in_same_place', 'living_in', 'no_brothers', 'is_underage', 'living_in', 'living_in', 'living_in', 'no_daughters', 'living_in_same_place']","(0, 3)",['living_in_same_place'],52
"[(0, 0), (1, 1), (2, 2), (3, 3), (4, 4), (5, 5), (6, 6), (2, 2), (1, 0), (0, 0), (1, 1), (2, 4), (3, 0), (5, 6), (2, 1), (2, 1), (4, 4), (2, 5), (1, 6), (1, 1), (3, 3), (4, 6), (0, 6), (2, 6), (4, 4), (3, 4)]","['is_person', 'is_person', 'is_person', 'is_person', 'is_person', 'is_person', 'is_place', 'is_underage', 'living_in_same_place', 'is_underage', 'is_male', 'living_in_same_place', 'living_in_same_place', 'living_in', 'living_in_same_place', 'daughter_in_law_of', 'is_male', 'living_in_same_place', 'living_in', 'no_brothers', 'is_underage', 'living_in', 'living_in', 'living_in', 'no_daughters', 'living_in_same_place']","(3, 1)",['living_in_same_place'],52
"[(0, 0), (1, 1), (2, 2), (3, 3), (4, 4), (5, 5), (6, 6), (2, 2), (1, 0), (0, 0), (1, 1), (2, 4), (3, 0), (5, 6), (2, 1), (2, 1), (4, 4), (2, 5), (1, 6), (1, 1), (3, 3), (4, 6), (0, 6), (2, 6), (4, 4), (3, 4)]","['is_person', 'is_person', 'is_person', 'is_person', 'is_person', 'is_person', 'is_place', 'is_underage', 'living_in_same_place', 'is_underage', 'is_male', 'living_in_same_place', 'living_in_same_place', 'living_in', 'living_in_same_place', 'daughter_in_law_of', 'is_male', 'living_in_same_place', 'living_in', 'no_brothers', 'is_underage', 'living_in', 'living_in', 'living_in', 'no_daughters', 'living_in_same_place']","(0, 1)",['living_in_same_place'],52
"[(0, 0), (1, 1), (2, 2), (3, 3), (4, 4), (5, 5), (6, 6), (2, 2), (1, 0), (0, 0), (1, 1), (2, 4), (3, 0), (5, 6), (2, 1), (2, 1), (4, 4), (2, 5), (1, 6), (1, 1), (3, 3), (4, 6), (0, 6), (2, 6), (4, 4), (3, 4)]","['is_person', 'is_person', 'is_person', 'is_person', 'is_person', 'is_person', 'is_place', 'is_underage', 'living_in_same_place', 'is_underage', 'is_male', 'living_in_same_place', 'living_in_same_place', 'living_in', 'living_in_same_place', 'daughter_in_law_of', 'is_male', 'living_in_same_place', 'living_in', 'no_brothers', 'is_underage', 'living_in', 'living_in', 'living_in', 'no_daughters', 'living_in_same_place']","(0, 4)",['living_in_same_place'],52
"[(0, 0), (1, 1), (2, 2), (3, 3), (4, 4), (5, 5), (6, 6), (2, 2), (1, 0), (0, 0), (1, 1), (2, 4), (3, 0), (5, 6), (2, 1), (2, 1), (4, 4), (2, 5), (1, 6), (1, 1), (3, 3), (4, 6), (0, 6), (2, 6), (4, 4), (3, 4)]","['is_person', 'is_person', 'is_person', 'is_person', 'is_person', 'is_person', 'is_place', 'is_underage', 'living_in_same_place', 'is_underage', 'is_male', 'living_in_same_place', 'living_in_same_place', 'living_in', 'living_in_same_place', 'daughter_in_law_of', 'is_male', 'living_in_same_place', 'living_in', 'no_brothers', 'is_underage', 'living_in', 'living_in', 'living_in', 'no_daughters', 'living_in_same_place']","(1, 5)",['living_in_same_place'],52
"[(0, 0), (1, 1), (2, 2), (3, 3), (4, 4), (5, 5), (6, 6), (2, 2), (1, 0), (0, 0), (1, 1), (2, 4), (3, 0), (5, 6), (2, 1), (2, 1), (4, 4), (2, 5), (1, 6), (1, 1), (3, 3), (4, 6), (0, 6), (2, 6), (4, 4), (3, 4)]","['is_person', 'is_person', 'is_person', 'is_person', 'is_person', 'is_person', 'is_place', 'is_underage', 'living_in_same_place', 'is_underage', 'is_male', 'living_in_same_place', 'living_in_same_place', 'living_in', 'living_in_same_place', 'daughter_in_law_of', 'is_male', 'living_in_same_place', 'living_in', 'no_brothers', 'is_underage', 'living_in', 'living_in', 'living_in', 'no_daughters', 'living_in_same_place']","(1, 3)",['living_in_same_place'],52
"[(0, 0), (1, 1), (2, 2), (3, 3), (4, 4), (5, 5), (6, 6), (2, 2), (1, 0), (0, 0), (1, 1), (2, 4), (3, 0), (5, 6), (2, 1), (2, 1), (4, 4), (2, 5), (1, 6), (1, 1), (3, 3), (4, 6), (0, 6), (2, 6), (4, 4), (3, 4)]","['is_person', 'is_person', 'is_person', 'is_person', 'is_person', 'is_person', 'is_place', 'is_underage', 'living_in_same_place', 'is_underage', 'is_male', 'living_in_same_place', 'living_in_same_place', 'living_in', 'living_in_same_place', 'daughter_in_law_of', 'is_male', 'living_in_same_place', 'living_in', 'no_brothers', 'is_underage', 'living_in', 'living_in', 'living_in', 'no_daughters', 'living_in_same_place']","(5, 2)",['living_in_same_place'],52
"[(0, 0), (1, 1), (2, 2), (3, 3), (4, 4), (5, 5), (6, 6), (2, 2), (1, 0), (0, 0), (1, 1), (2, 4), (3, 0), (5, 6), (2, 1), (2, 1), (4, 4), (2, 5), (1, 6), (1, 1), (3, 3), (4, 6), (0, 6), (2, 6), (4, 4), (3, 4)]","['is_person', 'is_person', 'is_person', 'is_person', 'is_person', 'is_person', 'is_place', 'is_underage', 'living_in_same_place', 'is_underage', 'is_male', 'living_in_same_place', 'living_in_same_place', 'living_in', 'living_in_same_place', 'daughter_in_law_of', 'is_male', 'living_in_same_place', 'living_in', 'no_brothers', 'is_underage', 'living_in', 'living_in', 'living_in', 'no_daughters', 'living_in_same_place']","(4, 0)",['living_in_same_place'],52
"[(0, 0), (1, 1), (2, 2), (3, 3), (4, 4), (5, 5), (6, 6), (2, 2), (1, 0), (0, 0), (1, 1), (2, 4), (3, 0), (5, 6), (2, 1), (2, 1), (4, 4), (2, 5), (1, 6), (1, 1), (3, 3), (4, 6), (0, 6), (2, 6), (4, 4), (3, 4)]","['is_person', 'is_person', 'is_person', 'is_person', 'is_person', 'is_person', 'is_place', 'is_underage', 'living_in_same_place', 'is_underage', 'is_male', 'living_in_same_place', 'living_in_same_place', 'living_in', 'living_in_same_place', 'daughter_in_law_of', 'is_male', 'living_in_same_place', 'living_in', 'no_brothers', 'is_underage', 'living_in', 'living_in', 'living_in', 'no_daughters', 'living_in_same_place']","(3, 6)",['living_in'],52
"[(0, 0), (1, 1), (2, 2), (3, 3), (4, 4), (5, 5), (6, 6), (2, 2), (1, 0), (0, 0), (1, 1), (2, 4), (3, 0), (5, 6), (2, 1), (2, 1), (4, 4), (2, 5), (1, 6), (1, 1), (3, 3), (4, 6), (0, 6), (2, 6), (4, 4), (3, 4)]","['is_person', 'is_person', 'is_person', 'is_person', 'is_person', 'is_person', 'is_place', 'is_underage', 'living_in_same_place', 'is_underage', 'is_male', 'living_in_same_place', 'living_in_same_place', 'living_in', 'living_in_same_place', 'daughter_in_law_of', 'is_male', 'living_in_same_place', 'living_in', 'no_brothers', 'is_underage', 'living_in', 'living_in', 'living_in', 'no_daughters', 'living_in_same_place']","(5, 1)",['living_in_same_place'],52
"[(0, 0), (1, 1), (2, 2), (3, 3), (4, 4), (5, 5), (6, 6), (2, 2), (1, 0), (0, 0), (1, 1), (2, 4), (3, 0), (5, 6), (2, 1), (2, 1), (4, 4), (2, 5), (1, 6), (1, 1), (3, 3), (4, 6), (0, 6), (2, 6), (4, 4), (3, 4)]","['is_person', 'is_person', 'is_person', 'is_person', 'is_person', 'is_person', 'is_place', 'is_underage', 'living_in_same_place', 'is_underage', 'is_male', 'living_in_same_place', 'living_in_same_place', 'living_in', 'living_in_same_place', 'daughter_in_law_of', 'is_male', 'living_in_same_place', 'living_in', 'no_brothers', 'is_underage', 'living_in', 'living_in', 'living_in', 'no_daughters', 'living_in_same_place']","(4, 3)",['living_in_same_place'],52
"[(0, 0), (1, 1), (2, 2), (3, 3), (4, 4), (5, 5), (6, 6), (2, 2), (1, 0), (0, 0), (1, 1), (2, 4), (3, 0), (5, 6), (2, 1), (2, 1), (4, 4), (2, 5), (1, 6), (1, 1), (3, 3), (4, 6), (0, 6), (2, 6), (4, 4), (3, 4)]","['is_person', 'is_person', 'is_person', 'is_person', 'is_person', 'is_person', 'is_place', 'is_underage', 'living_in_same_place', 'is_underage', 'is_male', 'living_in_same_place', 'living_in_same_place', 'living_in', 'living_in_same_place', 'daughter_in_law_of', 'is_male', 'living_in_same_place', 'living_in', 'no_brothers', 'is_underage', 'living_in', 'living_in', 'living_in', 'no_daughters', 'living_in_same_place']","(2, 3)",['living_in_same_place'],52
"[(0, 0), (1, 1), (2, 2), (3, 3), (4, 4), (5, 5), (6, 6), (2, 2), (1, 0), (0, 0), (1, 1), (2, 4), (3, 0), (5, 6), (2, 1), (2, 1), (4, 4), (2, 5), (1, 6), (1, 1), (3, 3), (4, 6), (0, 6), (2, 6), (4, 4), (3, 4)]","['is_person', 'is_person', 'is_person', 'is_person', 'is_person', 'is_person', 'is_place', 'is_underage', 'living_in_same_place', 'is_underage', 'is_male', 'living_in_same_place', 'living_in_same_place', 'living_in', 'living_in_same_place', 'daughter_in_law_of', 'is_male', 'living_in_same_place', 'living_in', 'no_brothers', 'is_underage', 'living_in', 'living_in', 'living_in', 'no_daughters', 'living_in_same_place']","(2, 2)","['is_underage', 'is_female']",52
"[(0, 0), (1, 1), (2, 2), (3, 3), (4, 4), (5, 5), (6, 6), (2, 2), (1, 0), (0, 0), (1, 1), (2, 4), (3, 0), (5, 6), (2, 1), (2, 1), (4, 4), (2, 5), (1, 6), (1, 1), (3, 3), (4, 6), (0, 6), (2, 6), (4, 4), (3, 4)]","['is_person', 'is_person', 'is_person', 'is_person', 'is_person', 'is_person', 'is_place', 'is_underage', 'living_in_same_place', 'is_underage', 'is_male', 'living_in_same_place', 'living_in_same_place', 'living_in', 'living_in_same_place', 'daughter_in_law_of', 'is_male', 'living_in_same_place', 'living_in', 'no_brothers', 'is_underage', 'living_in', 'living_in', 'living_in', 'no_daughters', 'living_in_same_place']","(2, 0)",['living_in_same_place'],52
"[(0, 0), (1, 1), (2, 2), (3, 3), (4, 4), (5, 5), (6, 6), (2, 2), (1, 0), (0, 0), (1, 1), (2, 4), (3, 0), (5, 6), (2, 1), (2, 1), (4, 4), (2, 5), (1, 6), (1, 1), (3, 3), (4, 6), (0, 6), (2, 6), (4, 4), (3, 4)]","['is_person', 'is_person', 'is_person', 'is_person', 'is_person', 'is_person', 'is_place', 'is_underage', 'living_in_same_place', 'is_underage', 'is_male', 'living_in_same_place', 'living_in_same_place', 'living_in', 'living_in_same_place', 'daughter_in_law_of', 'is_male', 'living_in_same_place', 'living_in', 'no_brothers', 'is_underage', 'living_in', 'living_in', 'living_in', 'no_daughters', 'living_in_same_place']","(4, 1)",['living_in_same_place'],52
"[(0, 0), (1, 1), (2, 2), (3, 3), (4, 4), (5, 5), (6, 6), (7, 7), (1, 7), (1, 3), (5, 5), (0, 7), (5, 7), (6, 7), (1, 0), (4, 0), (0, 1), (4, 3), (3, 7), (1, 0), (4, 7), (0, 0), (3, 2), (3, 6), (4, 4), (0, 0), (6, 6), (5, 5), (6, 6), (2, 7)]","['is_person', 'is_person', 'is_person', 'is_person', 'is_person', 'is_person', 'is_person', 'is_place', 'living_in', 'living_in_same_place', 'no_brothers', 'living_in', 'living_in', 'living_in', 'maternal_uncle_of', 'child_of', 'brother_in_law_of', 'living_in_same_place', 'living_in', 'paternal_grandparent_of', 'living_in', 'no_daughters', 'living_in_same_place', 'living_in_same_place', 'no_sisters', 'no_brothers', 'is_female', 'is_underage', 'is_underage', 'living_in']","(4, 2)",['living_in_same_place'],53
"[(0, 0), (1, 1), (2, 2), (3, 3), (4, 4), (5, 5), (6, 6), (7, 7), (1, 7), (1, 3), (5, 5), (0, 7), (5, 7), (6, 7), (1, 0), (4, 0), (0, 1), (4, 3), (3, 7), (1, 0), (4, 7), (0, 0), (3, 2), (3, 6), (4, 4), (0, 0), (6, 6), (5, 5), (6, 6), (2, 7)]","['is_person', 'is_person', 'is_person', 'is_person', 'is_person', 'is_person', 'is_person', 'is_place', 'living_in', 'living_in_same_place', 'no_brothers', 'living_in', 'living_in', 'living_in', 'maternal_uncle_of', 'child_of', 'brother_in_law_of', 'living_in_same_place', 'living_in', 'paternal_grandparent_of', 'living_in', 'no_daughters', 'living_in_same_place', 'living_in_same_place', 'no_sisters', 'no_brothers', 'is_female', 'is_underage', 'is_underage', 'living_in']","(6, 4)",['living_in_same_place'],53
"[(0, 0), (1, 1), (2, 2), (3, 3), (4, 4), (5, 5), (6, 6), (7, 7), (1, 7), (1, 3), (5, 5), (0, 7), (5, 7), (6, 7), (1, 0), (4, 0), (0, 1), (4, 3), (3, 7), (1, 0), (4, 7), (0, 0), (3, 2), (3, 6), (4, 4), (0, 0), (6, 6), (5, 5), (6, 6), (2, 7)]","['is_person', 'is_person', 'is_person', 'is_person', 'is_person', 'is_person', 'is_person', 'is_place', 'living_in', 'living_in_same_place', 'no_brothers', 'living_in', 'living_in', 'living_in', 'maternal_uncle_of', 'child_of', 'brother_in_law_of', 'living_in_same_place', 'living_in', 'paternal_grandparent_of', 'living_in', 'no_daughters', 'living_in_same_place', 'living_in_same_place', 'no_sisters', 'no_brothers', 'is_female', 'is_underage', 'is_underage', 'living_in']","(1, 4)","['living_in_same_place', 'aunt_or_uncle_of']",53
"[(0, 0), (1, 1), (2, 2), (3, 3), (4, 4), (5, 5), (6, 6), (7, 7), (1, 7), (1, 3), (5, 5), (0, 7), (5, 7), (6, 7), (1, 0), (4, 0), (0, 1), (4, 3), (3, 7), (1, 0), (4, 7), (0, 0), (3, 2), (3, 6), (4, 4), (0, 0), (6, 6), (5, 5), (6, 6), (2, 7)]","['is_person', 'is_person', 'is_person', 'is_person', 'is_person', 'is_person', 'is_person', 'is_place', 'living_in', 'living_in_same_place', 'no_brothers', 'living_in', 'living_in', 'living_in', 'maternal_uncle_of', 'child_of', 'brother_in_law_of', 'living_in_same_place', 'living_in', 'paternal_grandparent_of', 'living_in', 'no_daughters', 'living_in_same_place', 'living_in_same_place', 'no_sisters', 'no_brothers', 'is_female', 'is_underage', 'is_underage', 'living_in']","(1, 0)","['maternal_uncle_of', 'paternal_grandparent_of', 'sibling_in_law_of']",53
"[(0, 0), (1, 1), (2, 2), (3, 3), (4, 4), (5, 5), (6, 6), (7, 7), (1, 7), (1, 3), (5, 5), (0, 7), (5, 7), (6, 7), (1, 0), (4, 0), (0, 1), (4, 3), (3, 7), (1, 0), (4, 7), (0, 0), (3, 2), (3, 6), (4, 4), (0, 0), (6, 6), (5, 5), (6, 6), (2, 7)]","['is_person', 'is_person', 'is_person', 'is_person', 'is_person', 'is_person', 'is_person', 'is_place', 'living_in', 'living_in_same_place', 'no_brothers', 'living_in', 'living_in', 'living_in', 'maternal_uncle_of', 'child_of', 'brother_in_law_of', 'living_in_same_place', 'living_in', 'paternal_grandparent_of', 'living_in', 'no_daughters', 'living_in_same_place', 'living_in_same_place', 'no_sisters', 'no_brothers', 'is_female', 'is_underage', 'is_underage', 'living_in']","(6, 1)",['living_in_same_place'],53
"[(0, 0), (1, 1), (2, 2), (3, 3), (4, 4), (5, 5), (6, 6), (7, 7), (1, 7), (1, 3), (5, 5), (0, 7), (5, 7), (6, 7), (1, 0), (4, 0), (0, 1), (4, 3), (3, 7), (1, 0), (4, 7), (0, 0), (3, 2), (3, 6), (4, 4), (0, 0), (6, 6), (5, 5), (6, 6), (2, 7)]","['is_person', 'is_person', 'is_person', 'is_person', 'is_person', 'is_person', 'is_person', 'is_place', 'living_in', 'living_in_same_place', 'no_brothers', 'living_in', 'living_in', 'living_in', 'maternal_uncle_of', 'child_of', 'brother_in_law_of', 'living_in_same_place', 'living_in', 'paternal_grandparent_of', 'living_in', 'no_daughters', 'living_in_same_place', 'living_in_same_place', 'no_sisters', 'no_brothers', 'is_female', 'is_underage', 'is_underage', 'living_in']","(0, 0)","['no_daughters', 'no_brothers', 'is_male']",53
"[(0, 0), (1, 1), (2, 2), (3, 3), (4, 4), (5, 5), (6, 6), (7, 7), (1, 7), (1, 3), (5, 5), (0, 7), (5, 7), (6, 7), (1, 0), (4, 0), (0, 1), (4, 3), (3, 7), (1, 0), (4, 7), (0, 0), (3, 2), (3, 6), (4, 4), (0, 0), (6, 6), (5, 5), (6, 6), (2, 7)]","['is_person', 'is_person', 'is_person', 'is_person', 'is_person', 'is_person', 'is_person', 'is_place', 'living_in', 'living_in_same_place', 'no_brothers', 'living_in', 'living_in', 'living_in', 'maternal_uncle_of', 'child_of', 'brother_in_law_of', 'living_in_same_place', 'living_in', 'paternal_grandparent_of', 'living_in', 'no_daughters', 'living_in_same_place', 'living_in_same_place', 'no_sisters', 'no_brothers', 'is_female', 'is_underage', 'is_underage', 'living_in']","(6, 2)",['living_in_same_place'],53
"[(0, 0), (1, 1), (2, 2), (3, 3), (4, 4), (5, 5), (6, 6), (7, 7), (1, 7), (1, 3), (5, 5), (0, 7), (5, 7), (6, 7), (1, 0), (4, 0), (0, 1), (4, 3), (3, 7), (1, 0), (4, 7), (0, 0), (3, 2), (3, 6), (4, 4), (0, 0), (6, 6), (5, 5), (6, 6), (2, 7)]","['is_person', 'is_person', 'is_person', 'is_person', 'is_person', 'is_person', 'is_person', 'is_place', 'living_in', 'living_in_same_place', 'no_brothers', 'living_in', 'living_in', 'living_in', 'maternal_uncle_of', 'child_of', 'brother_in_law_of', 'living_in_same_place', 'living_in', 'paternal_grandparent_of', 'living_in', 'no_daughters', 'living_in_same_place', 'living_in_same_place', 'no_sisters', 'no_brothers', 'is_female', 'is_underage', 'is_underage', 'living_in']","(4, 1)","['nephew_of', 'nibling_of', 'living_in_same_place']",53
"[(0, 0), (1, 1), (2, 2), (3, 3), (4, 4), (5, 5), (6, 6), (7, 7), (1, 7), (1, 3), (5, 5), (0, 7), (5, 7), (6, 7), (1, 0), (4, 0), (0, 1), (4, 3), (3, 7), (1, 0), (4, 7), (0, 0), (3, 2), (3, 6), (4, 4), (0, 0), (6, 6), (5, 5), (6, 6), (2, 7)]","['is_person', 'is_person', 'is_person', 'is_person', 'is_person', 'is_person', 'is_person', 'is_place', 'living_in', 'living_in_same_place', 'no_brothers', 'living_in', 'living_in', 'living_in', 'maternal_uncle_of', 'child_of', 'brother_in_law_of', 'living_in_same_place', 'living_in', 'paternal_grandparent_of', 'living_in', 'no_daughters', 'living_in_same_place', 'living_in_same_place', 'no_sisters', 'no_brothers', 'is_female', 'is_underage', 'is_underage', 'living_in']","(0, 4)","['parent_of', 'father_of']",53
"[(0, 0), (1, 1), (2, 2), (3, 3), (4, 4), (5, 5), (6, 6), (7, 7), (1, 7), (1, 3), (5, 5), (0, 7), (5, 7), (6, 7), (1, 0), (4, 0), (0, 1), (4, 3), (3, 7), (1, 0), (4, 7), (0, 0), (3, 2), (3, 6), (4, 4), (0, 0), (6, 6), (5, 5), (6, 6), (2, 7)]","['is_person', 'is_person', 'is_person', 'is_person', 'is_person', 'is_person', 'is_person', 'is_place', 'living_in', 'living_in_same_place', 'no_brothers', 'living_in', 'living_in', 'living_in', 'maternal_uncle_of', 'child_of', 'brother_in_law_of', 'living_in_same_place', 'living_in', 'paternal_grandparent_of', 'living_in', 'no_daughters', 'living_in_same_place', 'living_in_same_place', 'no_sisters', 'no_brothers', 'is_female', 'is_underage', 'is_underage', 'living_in']","(0, 1)","['brother_in_law_of', 'sibling_in_law_of']",53
"[(0, 0), (1, 1), (2, 2), (3, 3), (4, 4), (5, 5), (6, 6), (7, 7), (1, 7), (1, 3), (5, 5), (0, 7), (5, 7), (6, 7), (1, 0), (4, 0), (0, 1), (4, 3), (3, 7), (1, 0), (4, 7), (0, 0), (3, 2), (3, 6), (4, 4), (0, 0), (6, 6), (5, 5), (6, 6), (2, 7)]","['is_person', 'is_person', 'is_person', 'is_person', 'is_person', 'is_person', 'is_person', 'is_place', 'living_in', 'living_in_same_place', 'no_brothers', 'living_in', 'living_in', 'living_in', 'maternal_uncle_of', 'child_of', 'brother_in_law_of', 'living_in_same_place', 'living_in', 'paternal_grandparent_of', 'living_in', 'no_daughters', 'living_in_same_place', 'living_in_same_place', 'no_sisters', 'no_brothers', 'is_female', 'is_underage', 'is_underage', 'living_in']","(4, 6)",['living_in_same_place'],53
"[(0, 0), (1, 1), (2, 2), (3, 3), (4, 4), (5, 5), (6, 6), (7, 7), (1, 7), (1, 3), (5, 5), (0, 7), (5, 7), (6, 7), (1, 0), (4, 0), (0, 1), (4, 3), (3, 7), (1, 0), (4, 7), (0, 0), (3, 2), (3, 6), (4, 4), (0, 0), (6, 6), (5, 5), (6, 6), (2, 7)]","['is_person', 'is_person', 'is_person', 'is_person', 'is_person', 'is_person', 'is_person', 'is_place', 'living_in', 'living_in_same_place', 'no_brothers', 'living_in', 'living_in', 'living_in', 'maternal_uncle_of', 'child_of', 'brother_in_law_of', 'living_in_same_place', 'living_in', 'paternal_grandparent_of', 'living_in', 'no_daughters', 'living_in_same_place', 'living_in_same_place', 'no_sisters', 'no_brothers', 'is_female', 'is_underage', 'is_underage', 'living_in']","(3, 4)",['living_in_same_place'],53
"[(0, 0), (1, 1), (2, 2), (3, 3), (4, 4), (5, 5), (6, 6), (7, 7), (1, 7), (1, 3), (5, 5), (0, 7), (5, 7), (6, 7), (1, 0), (4, 0), (0, 1), (4, 3), (3, 7), (1, 0), (4, 7), (0, 0), (3, 2), (3, 6), (4, 4), (0, 0), (6, 6), (5, 5), (6, 6), (2, 7)]","['is_person', 'is_person', 'is_person', 'is_person', 'is_person', 'is_person', 'is_person', 'is_place', 'living_in', 'living_in_same_place', 'no_brothers', 'living_in', 'living_in', 'living_in', 'maternal_uncle_of', 'child_of', 'brother_in_law_of', 'living_in_same_place', 'living_in', 'paternal_grandparent_of', 'living_in', 'no_daughters', 'living_in_same_place', 'living_in_same_place', 'no_sisters', 'no_brothers', 'is_female', 'is_underage', 'is_underage', 'living_in']","(4, 0)","['child_of', 'son_of']",53
"[(0, 0), (1, 1), (2, 2), (3, 3), (4, 4), (5, 5), (6, 6), (7, 7), (1, 7), (1, 3), (5, 5), (0, 7), (5, 7), (6, 7), (1, 0), (4, 0), (0, 1), (4, 3), (3, 7), (1, 0), (4, 7), (0, 0), (3, 2), (3, 6), (4, 4), (0, 0), (6, 6), (5, 5), (6, 6), (2, 7)]","['is_person', 'is_person', 'is_person', 'is_person', 'is_person', 'is_person', 'is_person', 'is_place', 'living_in', 'living_in_same_place', 'no_brothers', 'living_in', 'living_in', 'living_in', 'maternal_uncle_of', 'child_of', 'brother_in_law_of', 'living_in_same_place', 'living_in', 'paternal_grandparent_of', 'living_in', 'no_daughters', 'living_in_same_place', 'living_in_same_place', 'no_sisters', 'no_brothers', 'is_female', 'is_underage', 'is_underage', 'living_in']","(4, 4)","['no_sisters', 'is_male']",53
"[(0, 0), (1, 1), (2, 2), (3, 3), (4, 4), (5, 5), (6, 6), (7, 7), (1, 7), (1, 3), (5, 5), (0, 7), (5, 7), (6, 7), (1, 0), (4, 0), (0, 1), (4, 3), (3, 7), (1, 0), (4, 7), (0, 0), (3, 2), (3, 6), (4, 4), (0, 0), (6, 6), (5, 5), (6, 6), (2, 7)]","['is_person', 'is_person', 'is_person', 'is_person', 'is_person', 'is_person', 'is_person', 'is_place', 'living_in', 'living_in_same_place', 'no_brothers', 'living_in', 'living_in', 'living_in', 'maternal_uncle_of', 'child_of', 'brother_in_law_of', 'living_in_same_place', 'living_in', 'paternal_grandparent_of', 'living_in', 'no_daughters', 'living_in_same_place', 'living_in_same_place', 'no_sisters', 'no_brothers', 'is_female', 'is_underage', 'is_underage', 'living_in']","(3, 1)",['living_in_same_place'],53
"[(0, 0), (1, 1), (2, 2), (3, 3), (4, 4), (5, 5), (6, 6), (7, 7), (1, 7), (1, 3), (5, 5), (0, 7), (5, 7), (6, 7), (1, 0), (4, 0), (0, 1), (4, 3), (3, 7), (1, 0), (4, 7), (0, 0), (3, 2), (3, 6), (4, 4), (0, 0), (6, 6), (5, 5), (6, 6), (2, 7)]","['is_person', 'is_person', 'is_person', 'is_person', 'is_person', 'is_person', 'is_person', 'is_place', 'living_in', 'living_in_same_place', 'no_brothers', 'living_in', 'living_in', 'living_in', 'maternal_uncle_of', 'child_of', 'brother_in_law_of', 'living_in_same_place', 'living_in', 'paternal_grandparent_of', 'living_in', 'no_daughters', 'living_in_same_place', 'living_in_same_place', 'no_sisters', 'no_brothers', 'is_female', 'is_underage', 'is_underage', 'living_in']","(2, 1)",['living_in_same_place'],53
"[(0, 0), (1, 1), (2, 2), (3, 3), (4, 4), (5, 5), (6, 6), (7, 7), (1, 7), (1, 3), (5, 5), (0, 7), (5, 7), (6, 7), (1, 0), (4, 0), (0, 1), (4, 3), (3, 7), (1, 0), (4, 7), (0, 0), (3, 2), (3, 6), (4, 4), (0, 0), (6, 6), (5, 5), (6, 6), (2, 7)]","['is_person', 'is_person', 'is_person', 'is_person', 'is_person', 'is_person', 'is_person', 'is_place', 'living_in', 'living_in_same_place', 'no_brothers', 'living_in', 'living_in', 'living_in', 'maternal_uncle_of', 'child_of', 'brother_in_law_of', 'living_in_same_place', 'living_in', 'paternal_grandparent_of', 'living_in', 'no_daughters', 'living_in_same_place', 'living_in_same_place', 'no_sisters', 'no_brothers', 'is_female', 'is_underage', 'is_underage', 'living_in']","(6, 3)",['living_in_same_place'],53
"[(0, 0), (1, 1), (2, 2), (3, 3), (4, 4), (5, 5), (6, 6), (7, 7), (1, 7), (1, 3), (5, 5), (0, 7), (5, 7), (6, 7), (1, 0), (4, 0), (0, 1), (4, 3), (3, 7), (1, 0), (4, 7), (0, 0), (3, 2), (3, 6), (4, 4), (0, 0), (6, 6), (5, 5), (6, 6), (2, 7)]","['is_person', 'is_person', 'is_person', 'is_person', 'is_person', 'is_person', 'is_person', 'is_place', 'living_in', 'living_in_same_place', 'no_brothers', 'living_in', 'living_in', 'living_in', 'maternal_uncle_of', 'child_of', 'brother_in_law_of', 'living_in_same_place', 'living_in', 'paternal_grandparent_of', 'living_in', 'no_daughters', 'living_in_same_place', 'living_in_same_place', 'no_sisters', 'no_brothers', 'is_female', 'is_underage', 'is_underage', 'living_in']","(2, 3)",['living_in_same_place'],53
"[(0, 0), (1, 1), (2, 2), (3, 3), (4, 4), (5, 5), (6, 6), (7, 7), (1, 7), (1, 3), (5, 5), (0, 7), (5, 7), (6, 7), (1, 0), (4, 0), (0, 1), (4, 3), (3, 7), (1, 0), (4, 7), (0, 0), (3, 2), (3, 6), (4, 4), (0, 0), (6, 6), (5, 5), (6, 6), (2, 7)]","['is_person', 'is_person', 'is_person', 'is_person', 'is_person', 'is_person', 'is_person', 'is_place', 'living_in', 'living_in_same_place', 'no_brothers', 'living_in', 'living_in', 'living_in', 'maternal_uncle_of', 'child_of', 'brother_in_law_of', 'living_in_same_place', 'living_in', 'paternal_grandparent_of', 'living_in', 'no_daughters', 'living_in_same_place', 'living_in_same_place', 'no_sisters', 'no_brothers', 'is_female', 'is_underage', 'is_underage', 'living_in']","(2, 6)",['living_in_same_place'],53
"[(0, 0), (1, 1), (2, 2), (3, 3), (4, 4), (5, 5), (6, 6), (7, 7), (1, 7), (1, 3), (5, 5), (0, 7), (5, 7), (6, 7), (1, 0), (4, 0), (0, 1), (4, 3), (3, 7), (1, 0), (4, 7), (0, 0), (3, 2), (3, 6), (4, 4), (0, 0), (6, 6), (5, 5), (6, 6), (2, 7)]","['is_person', 'is_person', 'is_person', 'is_person', 'is_person', 'is_person', 'is_person', 'is_place', 'living_in', 'living_in_same_place', 'no_brothers', 'living_in', 'living_in', 'living_in', 'maternal_uncle_of', 'child_of', 'brother_in_law_of', 'living_in_same_place', 'living_in', 'paternal_grandparent_of', 'living_in', 'no_daughters', 'living_in_same_place', 'living_in_same_place', 'no_sisters', 'no_brothers', 'is_female', 'is_underage', 'is_underage', 'living_in']","(1, 2)",['living_in_same_place'],53
"[(0, 0), (1, 1), (2, 2), (3, 3), (4, 4), (5, 5), (6, 6), (7, 7), (1, 7), (1, 3), (5, 5), (0, 7), (5, 7), (6, 7), (1, 0), (4, 0), (0, 1), (4, 3), (3, 7), (1, 0), (4, 7), (0, 0), (3, 2), (3, 6), (4, 4), (0, 0), (6, 6), (5, 5), (6, 6), (2, 7)]","['is_person', 'is_person', 'is_person', 'is_person', 'is_person', 'is_person', 'is_person', 'is_place', 'living_in', 'living_in_same_place', 'no_brothers', 'living_in', 'living_in', 'living_in', 'maternal_uncle_of', 'child_of', 'brother_in_law_of', 'living_in_same_place', 'living_in', 'paternal_grandparent_of', 'living_in', 'no_daughters', 'living_in_same_place', 'living_in_same_place', 'no_sisters', 'no_brothers', 'is_female', 'is_underage', 'is_underage', 'living_in']","(2, 4)",['living_in_same_place'],53
"[(0, 0), (1, 1), (2, 2), (3, 3), (4, 4), (5, 5), (6, 6), (7, 7), (1, 7), (1, 3), (5, 5), (0, 7), (5, 7), (6, 7), (1, 0), (4, 0), (0, 1), (4, 3), (3, 7), (1, 0), (4, 7), (0, 0), (3, 2), (3, 6), (4, 4), (0, 0), (6, 6), (5, 5), (6, 6), (2, 7)]","['is_person', 'is_person', 'is_person', 'is_person', 'is_person', 'is_person', 'is_person', 'is_place', 'living_in', 'living_in_same_place', 'no_brothers', 'living_in', 'living_in', 'living_in', 'maternal_uncle_of', 'child_of', 'brother_in_law_of', 'living_in_same_place', 'living_in', 'paternal_grandparent_of', 'living_in', 'no_daughters', 'living_in_same_place', 'living_in_same_place', 'no_sisters', 'no_brothers', 'is_female', 'is_underage', 'is_underage', 'living_in']","(1, 6)",['living_in_same_place'],53
"[(0, 0), (1, 1), (2, 2), (3, 3), (4, 4), (5, 5), (6, 6), (7, 7), (5, 7), (5, 5), (2, 2), (0, 0), (2, 7), (4, 4), (1, 7), (6, 6), (5, 5), (4, 4), (3, 1), (6, 7), (5, 5), (3, 3), (0, 7), (1, 2), (1, 1), (0, 2), (5, 5), (5, 4), (1, 1), (1, 1), (6, 6)]","['is_person', 'is_person', 'is_person', 'is_person', 'is_person', 'is_person', 'is_person', 'is_place', 'living_in', 'no_sisters', 'is_underage', 'is_underage', 'living_in', 'is_underage', 'living_in', 'is_male', 'is_underage', 'no_sisters', 'living_in_same_place', 'maternal_grandfather_of', 'is_male', 'no_brothers', 'living_in', 'aunt_or_uncle_of', 'is_underage', 'living_in_same_place', 'no_daughters', 'living_in_same_place', 'is_male', 'no_sons', 'no_brothers']","(4, 5)",['living_in_same_place'],54
"[(0, 0), (1, 1), (2, 2), (3, 3), (4, 4), (5, 5), (6, 6), (7, 7), (5, 7), (5, 5), (2, 2), (0, 0), (2, 7), (4, 4), (1, 7), (6, 6), (5, 5), (4, 4), (3, 1), (6, 7), (5, 5), (3, 3), (0, 7), (1, 2), (1, 1), (0, 2), (5, 5), (5, 4), (1, 1), (1, 1), (6, 6)]","['is_person', 'is_person', 'is_person', 'is_person', 'is_person', 'is_person', 'is_person', 'is_place', 'living_in', 'no_sisters', 'is_underage', 'is_underage', 'living_in', 'is_underage', 'living_in', 'is_male', 'is_underage', 'no_sisters', 'living_in_same_place', 'maternal_grandfather_of', 'is_male', 'no_brothers', 'living_in', 'aunt_or_uncle_of', 'is_underage', 'living_in_same_place', 'no_daughters', 'living_in_same_place', 'is_male', 'no_sons', 'no_brothers']","(1, 3)",['living_in_same_place'],54
"[(0, 0), (1, 1), (2, 2), (3, 3), (4, 4), (5, 5), (6, 6), (7, 7), (5, 7), (5, 5), (2, 2), (0, 0), (2, 7), (4, 4), (1, 7), (6, 6), (5, 5), (4, 4), (3, 1), (6, 7), (5, 5), (3, 3), (0, 7), (1, 2), (1, 1), (0, 2), (5, 5), (5, 4), (1, 1), (1, 1), (6, 6)]","['is_person', 'is_person', 'is_person', 'is_person', 'is_person', 'is_person', 'is_person', 'is_place', 'living_in', 'no_sisters', 'is_underage', 'is_underage', 'living_in', 'is_underage', 'living_in', 'is_male', 'is_underage', 'no_sisters', 'living_in_same_place', 'maternal_grandfather_of', 'is_male', 'no_brothers', 'living_in', 'aunt_or_uncle_of', 'is_underage', 'living_in_same_place', 'no_daughters', 'living_in_same_place', 'is_male', 'no_sons', 'no_brothers']","(4, 7)",['living_in'],54
"[(0, 0), (1, 1), (2, 2), (3, 3), (4, 4), (5, 5), (6, 6), (7, 7), (5, 7), (5, 5), (2, 2), (0, 0), (2, 7), (4, 4), (1, 7), (6, 6), (5, 5), (4, 4), (3, 1), (6, 7), (5, 5), (3, 3), (0, 7), (1, 2), (1, 1), (0, 2), (5, 5), (5, 4), (1, 1), (1, 1), (6, 6)]","['is_person', 'is_person', 'is_person', 'is_person', 'is_person', 'is_person', 'is_person', 'is_place', 'living_in', 'no_sisters', 'is_underage', 'is_underage', 'living_in', 'is_underage', 'living_in', 'is_male', 'is_underage', 'no_sisters', 'living_in_same_place', 'maternal_grandfather_of', 'is_male', 'no_brothers', 'living_in', 'aunt_or_uncle_of', 'is_underage', 'living_in_same_place', 'no_daughters', 'living_in_same_place', 'is_male', 'no_sons', 'no_brothers']","(2, 1)",['nibling_of'],54
"[(0, 0), (1, 1), (2, 2), (3, 3), (4, 4), (5, 5), (6, 6), (7, 7), (5, 7), (5, 5), (2, 2), (0, 0), (2, 7), (4, 4), (1, 7), (6, 6), (5, 5), (4, 4), (3, 1), (6, 7), (5, 5), (3, 3), (0, 7), (1, 2), (1, 1), (0, 2), (5, 5), (5, 4), (1, 1), (1, 1), (6, 6)]","['is_person', 'is_person', 'is_person', 'is_person', 'is_person', 'is_person', 'is_person', 'is_place', 'living_in', 'no_sisters', 'is_underage', 'is_underage', 'living_in', 'is_underage', 'living_in', 'is_male', 'is_underage', 'no_sisters', 'living_in_same_place', 'maternal_grandfather_of', 'is_male', 'no_brothers', 'living_in', 'aunt_or_uncle_of', 'is_underage', 'living_in_same_place', 'no_daughters', 'living_in_same_place', 'is_male', 'no_sons', 'no_brothers']","(3, 7)",['living_in'],54
"[(0, 0), (1, 1), (2, 2), (3, 3), (4, 4), (5, 5), (6, 6), (7, 7), (5, 7), (5, 5), (2, 2), (0, 0), (2, 7), (4, 4), (1, 7), (6, 6), (5, 5), (4, 4), (3, 1), (6, 7), (5, 5), (3, 3), (0, 7), (1, 2), (1, 1), (0, 2), (5, 5), (5, 4), (1, 1), (1, 1), (6, 6)]","['is_person', 'is_person', 'is_person', 'is_person', 'is_person', 'is_person', 'is_person', 'is_place', 'living_in', 'no_sisters', 'is_underage', 'is_underage', 'living_in', 'is_underage', 'living_in', 'is_male', 'is_underage', 'no_sisters', 'living_in_same_place', 'maternal_grandfather_of', 'is_male', 'no_brothers', 'living_in', 'aunt_or_uncle_of', 'is_underage', 'living_in_same_place', 'no_daughters', 'living_in_same_place', 'is_male', 'no_sons', 'no_brothers']","(2, 0)",['living_in_same_place'],54
"[(0, 0), (1, 1), (2, 2), (3, 3), (4, 4), (5, 5), (6, 6), (7, 7), (5, 7), (5, 5), (2, 2), (0, 0), (2, 7), (4, 4), (1, 7), (6, 6), (5, 5), (4, 4), (3, 1), (6, 7), (5, 5), (3, 3), (0, 7), (1, 2), (1, 1), (0, 2), (5, 5), (5, 4), (1, 1), (1, 1), (6, 6)]","['is_person', 'is_person', 'is_person', 'is_person', 'is_person', 'is_person', 'is_person', 'is_place', 'living_in', 'no_sisters', 'is_underage', 'is_underage', 'living_in', 'is_underage', 'living_in', 'is_male', 'is_underage', 'no_sisters', 'living_in_same_place', 'maternal_grandfather_of', 'is_male', 'no_brothers', 'living_in', 'aunt_or_uncle_of', 'is_underage', 'living_in_same_place', 'no_daughters', 'living_in_same_place', 'is_male', 'no_sons', 'no_brothers']","(1, 2)","['aunt_or_uncle_of', 'uncle_of']",54
"[(0, 0), (1, 1), (2, 2), (3, 3), (4, 4), (3, 2), (2, 1), (0, 0), (3, 1), (3, 0), (2, 2), (0, 1), (0, 3), (1, 0), (1, 1), (2, 4), (3, 4)]","['is_person', 'is_person', 'is_person', 'is_person', 'is_place', 'living_in_same_place', 'living_in_same_place', 'is_underage', 'living_in_same_place', 'living_in_same_place', 'is_male', 'living_in_same_place', 'living_in_same_place', 'living_in_same_place', 'is_male', 'living_in', 'living_in']","(0, 2)",['living_in_same_place'],55
"[(0, 0), (1, 1), (2, 2), (3, 3), (4, 4), (3, 2), (2, 1), (0, 0), (3, 1), (3, 0), (2, 2), (0, 1), (0, 3), (1, 0), (1, 1), (2, 4), (3, 4)]","['is_person', 'is_person', 'is_person', 'is_person', 'is_place', 'living_in_same_place', 'living_in_same_place', 'is_underage', 'living_in_same_place', 'living_in_same_place', 'is_male', 'living_in_same_place', 'living_in_same_place', 'living_in_same_place', 'is_male', 'living_in', 'living_in']","(1, 3)",['living_in_same_place'],55
"[(0, 0), (1, 1), (2, 2), (3, 3), (4, 4), (3, 2), (2, 1), (0, 0), (3, 1), (3, 0), (2, 2), (0, 1), (0, 3), (1, 0), (1, 1), (2, 4), (3, 4)]","['is_person', 'is_person', 'is_person', 'is_person', 'is_place', 'living_in_same_place', 'living_in_same_place', 'is_underage', 'living_in_same_place', 'living_in_same_place', 'is_male', 'living_in_same_place', 'living_in_same_place', 'living_in_same_place', 'is_male', 'living_in', 'living_in']","(2, 3)",['living_in_same_place'],55
"[(0, 0), (1, 1), (2, 2), (3, 3), (4, 4), (3, 2), (2, 1), (0, 0), (3, 1), (3, 0), (2, 2), (0, 1), (0, 3), (1, 0), (1, 1), (2, 4), (3, 4)]","['is_person', 'is_person', 'is_person', 'is_person', 'is_place', 'living_in_same_place', 'living_in_same_place', 'is_underage', 'living_in_same_place', 'living_in_same_place', 'is_male', 'living_in_same_place', 'living_in_same_place', 'living_in_same_place', 'is_male', 'living_in', 'living_in']","(0, 4)",['living_in'],55
"[(0, 0), (1, 1), (2, 2), (3, 3), (4, 4), (3, 2), (2, 1), (0, 0), (3, 1), (3, 0), (2, 2), (0, 1), (0, 3), (1, 0), (1, 1), (2, 4), (3, 4)]","['is_person', 'is_person', 'is_person', 'is_person', 'is_place', 'living_in_same_place', 'living_in_same_place', 'is_underage', 'living_in_same_place', 'living_in_same_place', 'is_male', 'living_in_same_place', 'living_in_same_place', 'living_in_same_place', 'is_male', 'living_in', 'living_in']","(1, 2)",['living_in_same_place'],55
"[(0, 0), (1, 1), (2, 2), (3, 3), (4, 4), (3, 2), (2, 1), (0, 0), (3, 1), (3, 0), (2, 2), (0, 1), (0, 3), (1, 0), (1, 1), (2, 4), (3, 4)]","['is_person', 'is_person', 'is_person', 'is_person', 'is_place', 'living_in_same_place', 'living_in_same_place', 'is_underage', 'living_in_same_place', 'living_in_same_place', 'is_male', 'living_in_same_place', 'living_in_same_place', 'living_in_same_place', 'is_male', 'living_in', 'living_in']","(2, 0)",['living_in_same_place'],55
"[(0, 0), (1, 1), (2, 2), (3, 3), (4, 4), (3, 2), (2, 1), (0, 0), (3, 1), (3, 0), (2, 2), (0, 1), (0, 3), (1, 0), (1, 1), (2, 4), (3, 4)]","['is_person', 'is_person', 'is_person', 'is_person', 'is_place', 'living_in_same_place', 'living_in_same_place', 'is_underage', 'living_in_same_place', 'living_in_same_place', 'is_male', 'living_in_same_place', 'living_in_same_place', 'living_in_same_place', 'is_male', 'living_in', 'living_in']","(1, 4)",['living_in'],55
"[(0, 0), (1, 1), (2, 2), (3, 3), (4, 4), (5, 5), (6, 6), (7, 7), (3, 7), (3, 3), (2, 7), (6, 7), (4, 4), (4, 4), (2, 2), (2, 2), (4, 5), (4, 7), (0, 7), (5, 5), (6, 6), (2, 5), (2, 2), (1, 5), (5, 7), (3, 5), (6, 6), (1, 7), (1, 2), (3, 3), (4, 1)]","['is_person', 'is_person', 'is_person', 'is_person', 'is_person', 'is_person', 'is_person', 'is_place', 'living_in', 'is_underage', 'living_in', 'living_in', 'is_male', 'is_underage', 'is_male', 'is_underage', 'living_in_same_place', 'living_in', 'living_in', 'is_underage', 'is_female', 'living_in_same_place', 'no_sisters', 'living_in_same_place', 'living_in', 'mother_in_law_of', 'is_underage', 'living_in', 'father_of', 'no_sisters', 'living_in_same_place']","(4, 2)",['living_in_same_place'],56
"[(0, 0), (1, 1), (2, 2), (3, 3), (4, 4), (5, 5), (6, 6), (7, 7), (3, 7), (3, 3), (2, 7), (6, 7), (4, 4), (4, 4), (2, 2), (2, 2), (4, 5), (4, 7), (0, 7), (5, 5), (6, 6), (2, 5), (2, 2), (1, 5), (5, 7), (3, 5), (6, 6), (1, 7), (1, 2), (3, 3), (4, 1)]","['is_person', 'is_person', 'is_person', 'is_person', 'is_person', 'is_person', 'is_person', 'is_place', 'living_in', 'is_underage', 'living_in', 'living_in', 'is_male', 'is_underage', 'is_male', 'is_underage', 'living_in_same_place', 'living_in', 'living_in', 'is_underage', 'is_female', 'living_in_same_place', 'no_sisters', 'living_in_same_place', 'living_in', 'mother_in_law_of', 'is_underage', 'living_in', 'father_of', 'no_sisters', 'living_in_same_place']","(5, 1)",['living_in_same_place'],56
"[(0, 0), (1, 1), (2, 2), (3, 3), (4, 4), (5, 5), (6, 6), (7, 7), (3, 7), (3, 3), (2, 7), (6, 7), (4, 4), (4, 4), (2, 2), (2, 2), (4, 5), (4, 7), (0, 7), (5, 5), (6, 6), (2, 5), (2, 2), (1, 5), (5, 7), (3, 5), (6, 6), (1, 7), (1, 2), (3, 3), (4, 1)]","['is_person', 'is_person', 'is_person', 'is_person', 'is_person', 'is_person', 'is_person', 'is_place', 'living_in', 'is_underage', 'living_in', 'living_in', 'is_male', 'is_underage', 'is_male', 'is_underage', 'living_in_same_place', 'living_in', 'living_in', 'is_underage', 'is_female', 'living_in_same_place', 'no_sisters', 'living_in_same_place', 'living_in', 'mother_in_law_of', 'is_underage', 'living_in', 'father_of', 'no_sisters', 'living_in_same_place']","(3, 3)","['is_underage', 'no_sisters', 'is_female']",56
"[(0, 0), (1, 1), (2, 2), (3, 3), (4, 4), (5, 5), (6, 6), (7, 7), (3, 7), (3, 3), (2, 7), (6, 7), (4, 4), (4, 4), (2, 2), (2, 2), (4, 5), (4, 7), (0, 7), (5, 5), (6, 6), (2, 5), (2, 2), (1, 5), (5, 7), (3, 5), (6, 6), (1, 7), (1, 2), (3, 3), (4, 1)]","['is_person', 'is_person', 'is_person', 'is_person', 'is_person', 'is_person', 'is_person', 'is_place', 'living_in', 'is_underage', 'living_in', 'living_in', 'is_male', 'is_underage', 'is_male', 'is_underage', 'living_in_same_place', 'living_in', 'living_in', 'is_underage', 'is_female', 'living_in_same_place', 'no_sisters', 'living_in_same_place', 'living_in', 'mother_in_law_of', 'is_underage', 'living_in', 'father_of', 'no_sisters', 'living_in_same_place']","(1, 2)","['father_of', 'parent_of', 'living_in_same_place']",56
"[(0, 0), (1, 1), (2, 2), (3, 3), (4, 4), (5, 5), (6, 6), (7, 7), (3, 7), (3, 3), (2, 7), (6, 7), (4, 4), (4, 4), (2, 2), (2, 2), (4, 5), (4, 7), (0, 7), (5, 5), (6, 6), (2, 5), (2, 2), (1, 5), (5, 7), (3, 5), (6, 6), (1, 7), (1, 2), (3, 3), (4, 1)]","['is_person', 'is_person', 'is_person', 'is_person', 'is_person', 'is_person', 'is_person', 'is_place', 'living_in', 'is_underage', 'living_in', 'living_in', 'is_male', 'is_underage', 'is_male', 'is_underage', 'living_in_same_place', 'living_in', 'living_in', 'is_underage', 'is_female', 'living_in_same_place', 'no_sisters', 'living_in_same_place', 'living_in', 'mother_in_law_of', 'is_underage', 'living_in', 'father_of', 'no_sisters', 'living_in_same_place']","(3, 5)","['mother_in_law_of', 'parent_in_law_of']",56
"[(0, 0), (1, 1), (2, 2), (3, 3), (4, 4), (5, 5), (6, 6), (7, 7), (3, 7), (3, 3), (2, 7), (6, 7), (4, 4), (4, 4), (2, 2), (2, 2), (4, 5), (4, 7), (0, 7), (5, 5), (6, 6), (2, 5), (2, 2), (1, 5), (5, 7), (3, 5), (6, 6), (1, 7), (1, 2), (3, 3), (4, 1)]","['is_person', 'is_person', 'is_person', 'is_person', 'is_person', 'is_person', 'is_person', 'is_place', 'living_in', 'is_underage', 'living_in', 'living_in', 'is_male', 'is_underage', 'is_male', 'is_underage', 'living_in_same_place', 'living_in', 'living_in', 'is_underage', 'is_female', 'living_in_same_place', 'no_sisters', 'living_in_same_place', 'living_in', 'mother_in_law_of', 'is_underage', 'living_in', 'father_of', 'no_sisters', 'living_in_same_place']","(5, 3)",['child_in_law_of'],56
"[(0, 0), (1, 1), (2, 2), (3, 3), (4, 4), (5, 5), (6, 6), (7, 7), (3, 7), (3, 3), (2, 7), (6, 7), (4, 4), (4, 4), (2, 2), (2, 2), (4, 5), (4, 7), (0, 7), (5, 5), (6, 6), (2, 5), (2, 2), (1, 5), (5, 7), (3, 5), (6, 6), (1, 7), (1, 2), (3, 3), (4, 1)]","['is_person', 'is_person', 'is_person', 'is_person', 'is_person', 'is_person', 'is_person', 'is_place', 'living_in', 'is_underage', 'living_in', 'living_in', 'is_male', 'is_underage', 'is_male', 'is_underage', 'living_in_same_place', 'living_in', 'living_in', 'is_underage', 'is_female', 'living_in_same_place', 'no_sisters', 'living_in_same_place', 'living_in', 'mother_in_law_of', 'is_underage', 'living_in', 'father_of', 'no_sisters', 'living_in_same_place']","(1, 1)","['is_male', 'no_daughters']",56
"[(0, 0), (1, 1), (2, 2), (3, 3), (4, 4), (5, 5), (6, 6), (7, 7), (3, 7), (3, 3), (2, 7), (6, 7), (4, 4), (4, 4), (2, 2), (2, 2), (4, 5), (4, 7), (0, 7), (5, 5), (6, 6), (2, 5), (2, 2), (1, 5), (5, 7), (3, 5), (6, 6), (1, 7), (1, 2), (3, 3), (4, 1)]","['is_person', 'is_person', 'is_person', 'is_person', 'is_person', 'is_person', 'is_person', 'is_place', 'living_in', 'is_underage', 'living_in', 'living_in', 'is_male', 'is_underage', 'is_male', 'is_underage', 'living_in_same_place', 'living_in', 'living_in', 'is_underage', 'is_female', 'living_in_same_place', 'no_sisters', 'living_in_same_place', 'living_in', 'mother_in_law_of', 'is_underage', 'living_in', 'father_of', 'no_sisters', 'living_in_same_place']","(2, 1)","['son_of', 'child_of', 'living_in_same_place']",56
"[(0, 0), (1, 1), (2, 2), (3, 3), (4, 4), (5, 5), (6, 6), (7, 7), (3, 7), (3, 3), (2, 7), (6, 7), (4, 4), (4, 4), (2, 2), (2, 2), (4, 5), (4, 7), (0, 7), (5, 5), (6, 6), (2, 5), (2, 2), (1, 5), (5, 7), (3, 5), (6, 6), (1, 7), (1, 2), (3, 3), (4, 1)]","['is_person', 'is_person', 'is_person', 'is_person', 'is_person', 'is_person', 'is_person', 'is_place', 'living_in', 'is_underage', 'living_in', 'living_in', 'is_male', 'is_underage', 'is_male', 'is_underage', 'living_in_same_place', 'living_in', 'living_in', 'is_underage', 'is_female', 'living_in_same_place', 'no_sisters', 'living_in_same_place', 'living_in', 'mother_in_law_of', 'is_underage', 'living_in', 'father_of', 'no_sisters', 'living_in_same_place']","(1, 4)",['living_in_same_place'],56
"[(0, 0), (1, 1), (2, 2), (3, 3), (4, 4), (5, 5), (6, 6), (7, 7), (3, 7), (3, 3), (2, 7), (6, 7), (4, 4), (4, 4), (2, 2), (2, 2), (4, 5), (4, 7), (0, 7), (5, 5), (6, 6), (2, 5), (2, 2), (1, 5), (5, 7), (3, 5), (6, 6), (1, 7), (1, 2), (3, 3), (4, 1)]","['is_person', 'is_person', 'is_person', 'is_person', 'is_person', 'is_person', 'is_person', 'is_place', 'living_in', 'is_underage', 'living_in', 'living_in', 'is_male', 'is_underage', 'is_male', 'is_underage', 'living_in_same_place', 'living_in', 'living_in', 'is_underage', 'is_female', 'living_in_same_place', 'no_sisters', 'living_in_same_place', 'living_in', 'mother_in_law_of', 'is_underage', 'living_in', 'father_of', 'no_sisters', 'living_in_same_place']","(5, 4)",['living_in_same_place'],56
"[(0, 0), (1, 1), (2, 2), (3, 3), (4, 4), (5, 5), (6, 6), (7, 7), (3, 7), (3, 3), (2, 7), (6, 7), (4, 4), (4, 4), (2, 2), (2, 2), (4, 5), (4, 7), (0, 7), (5, 5), (6, 6), (2, 5), (2, 2), (1, 5), (5, 7), (3, 5), (6, 6), (1, 7), (1, 2), (3, 3), (4, 1)]","['is_person', 'is_person', 'is_person', 'is_person', 'is_person', 'is_person', 'is_person', 'is_place', 'living_in', 'is_underage', 'living_in', 'living_in', 'is_male', 'is_underage', 'is_male', 'is_underage', 'living_in_same_place', 'living_in', 'living_in', 'is_underage', 'is_female', 'living_in_same_place', 'no_sisters', 'living_in_same_place', 'living_in', 'mother_in_law_of', 'is_underage', 'living_in', 'father_of', 'no_sisters', 'living_in_same_place']","(5, 2)",['living_in_same_place'],56
"[(0, 0), (1, 1), (2, 2), (3, 3), (4, 4), (5, 5), (6, 6), (7, 7), (3, 7), (3, 3), (2, 7), (6, 7), (4, 4), (4, 4), (2, 2), (2, 2), (4, 5), (4, 7), (0, 7), (5, 5), (6, 6), (2, 5), (2, 2), (1, 5), (5, 7), (3, 5), (6, 6), (1, 7), (1, 2), (3, 3), (4, 1)]","['is_person', 'is_person', 'is_person', 'is_person', 'is_person', 'is_person', 'is_person', 'is_place', 'living_in', 'is_underage', 'living_in', 'living_in', 'is_male', 'is_underage', 'is_male', 'is_underage', 'living_in_same_place', 'living_in', 'living_in', 'is_underage', 'is_female', 'living_in_same_place', 'no_sisters', 'living_in_same_place', 'living_in', 'mother_in_law_of', 'is_underage', 'living_in', 'father_of', 'no_sisters', 'living_in_same_place']","(2, 4)",['living_in_same_place'],56
"[(0, 0), (1, 1), (2, 2), (3, 3), (4, 4), (5, 5), (1, 1), (0, 5), (2, 2), (1, 0), (1, 3), (1, 5), (3, 3), (2, 5), (3, 3), (3, 3), (1, 4), (2, 2), (3, 5), (4, 2), (1, 0), (2, 2)]","['is_person', 'is_person', 'is_person', 'is_person', 'is_person', 'is_place', 'is_male', 'living_in', 'no_sisters', 'living_in_same_place', 'father_of', 'living_in', 'no_sisters', 'living_in', 'no_daughters', 'is_underage', 'uncle_of', 'is_male', 'living_in', 'living_in_same_place', 'paternal_uncle_of', 'no_daughters']","(1, 4)","['uncle_of', 'aunt_or_uncle_of']",57
"[(0, 0), (1, 1), (2, 2), (3, 3), (4, 4), (5, 5), (1, 1), (0, 5), (2, 2), (1, 0), (1, 3), (1, 5), (3, 3), (2, 5), (3, 3), (3, 3), (1, 4), (2, 2), (3, 5), (4, 2), (1, 0), (2, 2)]","['is_person', 'is_person', 'is_person', 'is_person', 'is_person', 'is_place', 'is_male', 'living_in', 'no_sisters', 'living_in_same_place', 'father_of', 'living_in', 'no_sisters', 'living_in', 'no_daughters', 'is_underage', 'uncle_of', 'is_male', 'living_in', 'living_in_same_place', 'paternal_uncle_of', 'no_daughters']","(3, 1)","['child_of', 'living_in_same_place']",57
"[(0, 0), (1, 1), (2, 2), (3, 3), (4, 4), (5, 5), (1, 1), (0, 5), (2, 2), (1, 0), (1, 3), (1, 5), (3, 3), (2, 5), (3, 3), (3, 3), (1, 4), (2, 2), (3, 5), (4, 2), (1, 0), (2, 2)]","['is_person', 'is_person', 'is_person', 'is_person', 'is_person', 'is_place', 'is_male', 'living_in', 'no_sisters', 'living_in_same_place', 'father_of', 'living_in', 'no_sisters', 'living_in', 'no_daughters', 'is_underage', 'uncle_of', 'is_male', 'living_in', 'living_in_same_place', 'paternal_uncle_of', 'no_daughters']","(1, 3)","['father_of', 'parent_of', 'living_in_same_place']",57
"[(0, 0), (1, 1), (2, 2), (3, 3), (4, 4), (5, 5), (1, 1), (0, 5), (2, 2), (1, 0), (1, 3), (1, 5), (3, 3), (2, 5), (3, 3), (3, 3), (1, 4), (2, 2), (3, 5), (4, 2), (1, 0), (2, 2)]","['is_person', 'is_person', 'is_person', 'is_person', 'is_person', 'is_place', 'is_male', 'living_in', 'no_sisters', 'living_in_same_place', 'father_of', 'living_in', 'no_sisters', 'living_in', 'no_daughters', 'is_underage', 'uncle_of', 'is_male', 'living_in', 'living_in_same_place', 'paternal_uncle_of', 'no_daughters']","(0, 3)",['living_in_same_place'],57
"[(0, 0), (1, 1), (2, 2), (3, 3), (4, 4), (5, 5), (1, 1), (0, 5), (2, 2), (1, 0), (1, 3), (1, 5), (3, 3), (2, 5), (3, 3), (3, 3), (1, 4), (2, 2), (3, 5), (4, 2), (1, 0), (2, 2)]","['is_person', 'is_person', 'is_person', 'is_person', 'is_person', 'is_place', 'is_male', 'living_in', 'no_sisters', 'living_in_same_place', 'father_of', 'living_in', 'no_sisters', 'living_in', 'no_daughters', 'is_underage', 'uncle_of', 'is_male', 'living_in', 'living_in_same_place', 'paternal_uncle_of', 'no_daughters']","(4, 5)",['living_in'],57
"[(0, 0), (1, 1), (2, 2), (3, 3), (4, 4), (5, 5), (1, 1), (0, 5), (2, 2), (1, 0), (1, 3), (1, 5), (3, 3), (2, 5), (3, 3), (3, 3), (1, 4), (2, 2), (3, 5), (4, 2), (1, 0), (2, 2)]","['is_person', 'is_person', 'is_person', 'is_person', 'is_person', 'is_place', 'is_male', 'living_in', 'no_sisters', 'living_in_same_place', 'father_of', 'living_in', 'no_sisters', 'living_in', 'no_daughters', 'is_underage', 'uncle_of', 'is_male', 'living_in', 'living_in_same_place', 'paternal_uncle_of', 'no_daughters']","(0, 1)",['living_in_same_place'],57
"[(0, 0), (1, 1), (2, 2), (3, 3), (4, 4), (5, 5), (1, 1), (0, 5), (2, 2), (1, 0), (1, 3), (1, 5), (3, 3), (2, 5), (3, 3), (3, 3), (1, 4), (2, 2), (3, 5), (4, 2), (1, 0), (2, 2)]","['is_person', 'is_person', 'is_person', 'is_person', 'is_person', 'is_place', 'is_male', 'living_in', 'no_sisters', 'living_in_same_place', 'father_of', 'living_in', 'no_sisters', 'living_in', 'no_daughters', 'is_underage', 'uncle_of', 'is_male', 'living_in', 'living_in_same_place', 'paternal_uncle_of', 'no_daughters']","(2, 4)",['living_in_same_place'],57
"[(0, 0), (1, 1), (2, 2), (3, 3), (4, 4), (5, 5), (1, 1), (0, 5), (2, 2), (1, 0), (1, 3), (1, 5), (3, 3), (2, 5), (3, 3), (3, 3), (1, 4), (2, 2), (3, 5), (4, 2), (1, 0), (2, 2)]","['is_person', 'is_person', 'is_person', 'is_person', 'is_person', 'is_place', 'is_male', 'living_in', 'no_sisters', 'living_in_same_place', 'father_of', 'living_in', 'no_sisters', 'living_in', 'no_daughters', 'is_underage', 'uncle_of', 'is_male', 'living_in', 'living_in_same_place', 'paternal_uncle_of', 'no_daughters']","(3, 0)",['living_in_same_place'],57
"[(0, 0), (1, 1), (2, 2), (3, 3), (4, 4), (5, 5), (1, 1), (0, 5), (2, 2), (1, 0), (1, 3), (1, 5), (3, 3), (2, 5), (3, 3), (3, 3), (1, 4), (2, 2), (3, 5), (4, 2), (1, 0), (2, 2)]","['is_person', 'is_person', 'is_person', 'is_person', 'is_person', 'is_place', 'is_male', 'living_in', 'no_sisters', 'living_in_same_place', 'father_of', 'living_in', 'no_sisters', 'living_in', 'no_daughters', 'is_underage', 'uncle_of', 'is_male', 'living_in', 'living_in_same_place', 'paternal_uncle_of', 'no_daughters']","(4, 1)",['nibling_of'],57
"[(0, 0), (1, 1), (2, 2), (3, 3), (4, 4), (5, 5), (6, 6), (7, 7), (1, 0), (1, 7), (4, 4), (0, 0), (2, 1), (2, 7), (3, 2), (0, 7), (6, 6), (5, 7), (2, 3), (1, 1), (6, 0), (5, 5), (6, 7), (6, 4), (4, 2), (4, 7), (2, 2), (4, 4), (5, 5), (2, 0)]","['is_person', 'is_person', 'is_person', 'is_person', 'is_person', 'is_person', 'is_person', 'is_place', 'child_in_law_of', 'living_in', 'no_sisters', 'is_female', 'living_in_same_place', 'living_in', 'living_in_same_place', 'living_in', 'is_underage', 'living_in', 'living_in_same_place', 'is_underage', 'maternal_uncle_of', 'is_male', 'living_in', 'living_in_same_place', 'living_in_same_place', 'living_in', 'no_daughters', 'is_male', 'is_underage', 'living_in_same_place']","(0, 1)","['parent_in_law_of', 'mother_in_law_of', 'living_in_same_place']",58
"[(0, 0), (1, 1), (2, 2), (3, 3), (4, 4), (5, 5), (6, 6), (7, 7), (1, 0), (1, 7), (4, 4), (0, 0), (2, 1), (2, 7), (3, 2), (0, 7), (6, 6), (5, 7), (2, 3), (1, 1), (6, 0), (5, 5), (6, 7), (6, 4), (4, 2), (4, 7), (2, 2), (4, 4), (5, 5), (2, 0)]","['is_person', 'is_person', 'is_person', 'is_person', 'is_person', 'is_person', 'is_person', 'is_place', 'child_in_law_of', 'living_in', 'no_sisters', 'is_female', 'living_in_same_place', 'living_in', 'living_in_same_place', 'living_in', 'is_underage', 'living_in', 'living_in_same_place', 'is_underage', 'maternal_uncle_of', 'is_male', 'living_in', 'living_in_same_place', 'living_in_same_place', 'living_in', 'no_daughters', 'is_male', 'is_underage', 'living_in_same_place']","(1, 4)",['living_in_same_place'],58
"[(0, 0), (1, 1), (2, 2), (3, 3), (4, 4), (5, 5), (6, 6), (7, 7), (1, 0), (1, 7), (4, 4), (0, 0), (2, 1), (2, 7), (3, 2), (0, 7), (6, 6), (5, 7), (2, 3), (1, 1), (6, 0), (5, 5), (6, 7), (6, 4), (4, 2), (4, 7), (2, 2), (4, 4), (5, 5), (2, 0)]","['is_person', 'is_person', 'is_person', 'is_person', 'is_person', 'is_person', 'is_person', 'is_place', 'child_in_law_of', 'living_in', 'no_sisters', 'is_female', 'living_in_same_place', 'living_in', 'living_in_same_place', 'living_in', 'is_underage', 'living_in', 'living_in_same_place', 'is_underage', 'maternal_uncle_of', 'is_male', 'living_in', 'living_in_same_place', 'living_in_same_place', 'living_in', 'no_daughters', 'is_male', 'is_underage', 'living_in_same_place']","(6, 1)",['living_in_same_place'],58
"[(0, 0), (1, 1), (2, 2), (3, 3), (4, 4), (5, 5), (6, 6), (7, 7), (1, 0), (1, 7), (4, 4), (0, 0), (2, 1), (2, 7), (3, 2), (0, 7), (6, 6), (5, 7), (2, 3), (1, 1), (6, 0), (5, 5), (6, 7), (6, 4), (4, 2), (4, 7), (2, 2), (4, 4), (5, 5), (2, 0)]","['is_person', 'is_person', 'is_person', 'is_person', 'is_person', 'is_person', 'is_person', 'is_place', 'child_in_law_of', 'living_in', 'no_sisters', 'is_female', 'living_in_same_place', 'living_in', 'living_in_same_place', 'living_in', 'is_underage', 'living_in', 'living_in_same_place', 'is_underage', 'maternal_uncle_of', 'is_male', 'living_in', 'living_in_same_place', 'living_in_same_place', 'living_in', 'no_daughters', 'is_male', 'is_underage', 'living_in_same_place']","(0, 2)",['living_in_same_place'],58
"[(0, 0), (1, 1), (2, 2), (3, 3), (4, 4), (5, 5), (6, 6), (7, 7), (1, 0), (1, 7), (4, 4), (0, 0), (2, 1), (2, 7), (3, 2), (0, 7), (6, 6), (5, 7), (2, 3), (1, 1), (6, 0), (5, 5), (6, 7), (6, 4), (4, 2), (4, 7), (2, 2), (4, 4), (5, 5), (2, 0)]","['is_person', 'is_person', 'is_person', 'is_person', 'is_person', 'is_person', 'is_person', 'is_place', 'child_in_law_of', 'living_in', 'no_sisters', 'is_female', 'living_in_same_place', 'living_in', 'living_in_same_place', 'living_in', 'is_underage', 'living_in', 'living_in_same_place', 'is_underage', 'maternal_uncle_of', 'is_male', 'living_in', 'living_in_same_place', 'living_in_same_place', 'living_in', 'no_daughters', 'is_male', 'is_underage', 'living_in_same_place']","(6, 2)",['living_in_same_place'],58
"[(0, 0), (1, 1), (2, 2), (3, 3), (4, 4), (5, 5), (6, 6), (7, 7), (1, 0), (1, 7), (4, 4), (0, 0), (2, 1), (2, 7), (3, 2), (0, 7), (6, 6), (5, 7), (2, 3), (1, 1), (6, 0), (5, 5), (6, 7), (6, 4), (4, 2), (4, 7), (2, 2), (4, 4), (5, 5), (2, 0)]","['is_person', 'is_person', 'is_person', 'is_person', 'is_person', 'is_person', 'is_person', 'is_place', 'child_in_law_of', 'living_in', 'no_sisters', 'is_female', 'living_in_same_place', 'living_in', 'living_in_same_place', 'living_in', 'is_underage', 'living_in', 'living_in_same_place', 'is_underage', 'maternal_uncle_of', 'is_male', 'living_in', 'living_in_same_place', 'living_in_same_place', 'living_in', 'no_daughters', 'is_male', 'is_underage', 'living_in_same_place']","(4, 6)",['living_in_same_place'],58
"[(0, 0), (1, 1), (2, 2), (3, 3), (4, 4), (5, 5), (6, 6), (7, 7), (1, 0), (1, 7), (4, 4), (0, 0), (2, 1), (2, 7), (3, 2), (0, 7), (6, 6), (5, 7), (2, 3), (1, 1), (6, 0), (5, 5), (6, 7), (6, 4), (4, 2), (4, 7), (2, 2), (4, 4), (5, 5), (2, 0)]","['is_person', 'is_person', 'is_person', 'is_person', 'is_person', 'is_person', 'is_person', 'is_place', 'child_in_law_of', 'living_in', 'no_sisters', 'is_female', 'living_in_same_place', 'living_in', 'living_in_same_place', 'living_in', 'is_underage', 'living_in', 'living_in_same_place', 'is_underage', 'maternal_uncle_of', 'is_male', 'living_in', 'living_in_same_place', 'living_in_same_place', 'living_in', 'no_daughters', 'is_male', 'is_underage', 'living_in_same_place']","(3, 4)",['living_in_same_place'],58
"[(0, 0), (1, 1), (2, 2), (3, 3), (4, 4), (5, 5), (6, 6), (7, 7), (1, 0), (1, 7), (4, 4), (0, 0), (2, 1), (2, 7), (3, 2), (0, 7), (6, 6), (5, 7), (2, 3), (1, 1), (6, 0), (5, 5), (6, 7), (6, 4), (4, 2), (4, 7), (2, 2), (4, 4), (5, 5), (2, 0)]","['is_person', 'is_person', 'is_person', 'is_person', 'is_person', 'is_person', 'is_person', 'is_place', 'child_in_law_of', 'living_in', 'no_sisters', 'is_female', 'living_in_same_place', 'living_in', 'living_in_same_place', 'living_in', 'is_underage', 'living_in', 'living_in_same_place', 'is_underage', 'maternal_uncle_of', 'is_male', 'living_in', 'living_in_same_place', 'living_in_same_place', 'living_in', 'no_daughters', 'is_male', 'is_underage', 'living_in_same_place']","(0, 3)",['living_in_same_place'],58
"[(0, 0), (1, 1), (2, 2), (3, 3), (4, 4), (5, 5), (6, 6), (7, 7), (1, 0), (1, 7), (4, 4), (0, 0), (2, 1), (2, 7), (3, 2), (0, 7), (6, 6), (5, 7), (2, 3), (1, 1), (6, 0), (5, 5), (6, 7), (6, 4), (4, 2), (4, 7), (2, 2), (4, 4), (5, 5), (2, 0)]","['is_person', 'is_person', 'is_person', 'is_person', 'is_person', 'is_person', 'is_person', 'is_place', 'child_in_law_of', 'living_in', 'no_sisters', 'is_female', 'living_in_same_place', 'living_in', 'living_in_same_place', 'living_in', 'is_underage', 'living_in', 'living_in_same_place', 'is_underage', 'maternal_uncle_of', 'is_male', 'living_in', 'living_in_same_place', 'living_in_same_place', 'living_in', 'no_daughters', 'is_male', 'is_underage', 'living_in_same_place']","(3, 1)",['living_in_same_place'],58
"[(0, 0), (1, 1), (2, 2), (3, 3), (4, 4), (5, 5), (6, 6), (7, 7), (1, 0), (1, 7), (4, 4), (0, 0), (2, 1), (2, 7), (3, 2), (0, 7), (6, 6), (5, 7), (2, 3), (1, 1), (6, 0), (5, 5), (6, 7), (6, 4), (4, 2), (4, 7), (2, 2), (4, 4), (5, 5), (2, 0)]","['is_person', 'is_person', 'is_person', 'is_person', 'is_person', 'is_person', 'is_person', 'is_place', 'child_in_law_of', 'living_in', 'no_sisters', 'is_female', 'living_in_same_place', 'living_in', 'living_in_same_place', 'living_in', 'is_underage', 'living_in', 'living_in_same_place', 'is_underage', 'maternal_uncle_of', 'is_male', 'living_in', 'living_in_same_place', 'living_in_same_place', 'living_in', 'no_daughters', 'is_male', 'is_underage', 'living_in_same_place']","(0, 6)",['living_in_same_place'],58
"[(0, 0), (1, 1), (2, 2), (3, 3), (4, 4), (5, 5), (6, 6), (7, 7), (1, 0), (1, 7), (4, 4), (0, 0), (2, 1), (2, 7), (3, 2), (0, 7), (6, 6), (5, 7), (2, 3), (1, 1), (6, 0), (5, 5), (6, 7), (6, 4), (4, 2), (4, 7), (2, 2), (4, 4), (5, 5), (2, 0)]","['is_person', 'is_person', 'is_person', 'is_person', 'is_person', 'is_person', 'is_person', 'is_place', 'child_in_law_of', 'living_in', 'no_sisters', 'is_female', 'living_in_same_place', 'living_in', 'living_in_same_place', 'living_in', 'is_underage', 'living_in', 'living_in_same_place', 'is_underage', 'maternal_uncle_of', 'is_male', 'living_in', 'living_in_same_place', 'living_in_same_place', 'living_in', 'no_daughters', 'is_male', 'is_underage', 'living_in_same_place']","(0, 4)",['living_in_same_place'],58
"[(0, 0), (1, 1), (2, 2), (3, 3), (4, 4), (5, 5), (6, 6), (7, 7), (1, 0), (1, 7), (4, 4), (0, 0), (2, 1), (2, 7), (3, 2), (0, 7), (6, 6), (5, 7), (2, 3), (1, 1), (6, 0), (5, 5), (6, 7), (6, 4), (4, 2), (4, 7), (2, 2), (4, 4), (5, 5), (2, 0)]","['is_person', 'is_person', 'is_person', 'is_person', 'is_person', 'is_person', 'is_person', 'is_place', 'child_in_law_of', 'living_in', 'no_sisters', 'is_female', 'living_in_same_place', 'living_in', 'living_in_same_place', 'living_in', 'is_underage', 'living_in', 'living_in_same_place', 'is_underage', 'maternal_uncle_of', 'is_male', 'living_in', 'living_in_same_place', 'living_in_same_place', 'living_in', 'no_daughters', 'is_male', 'is_underage', 'living_in_same_place']","(1, 3)",['living_in_same_place'],58
"[(0, 0), (1, 1), (2, 2), (3, 3), (4, 4), (5, 5), (6, 6), (7, 7), (1, 0), (1, 7), (4, 4), (0, 0), (2, 1), (2, 7), (3, 2), (0, 7), (6, 6), (5, 7), (2, 3), (1, 1), (6, 0), (5, 5), (6, 7), (6, 4), (4, 2), (4, 7), (2, 2), (4, 4), (5, 5), (2, 0)]","['is_person', 'is_person', 'is_person', 'is_person', 'is_person', 'is_person', 'is_person', 'is_place', 'child_in_law_of', 'living_in', 'no_sisters', 'is_female', 'living_in_same_place', 'living_in', 'living_in_same_place', 'living_in', 'is_underage', 'living_in', 'living_in_same_place', 'is_underage', 'maternal_uncle_of', 'is_male', 'living_in', 'living_in_same_place', 'living_in_same_place', 'living_in', 'no_daughters', 'is_male', 'is_underage', 'living_in_same_place']","(6, 0)","['maternal_uncle_of', 'living_in_same_place']",58
"[(0, 0), (1, 1), (2, 2), (3, 3), (4, 4), (5, 5), (6, 6), (7, 7), (1, 0), (1, 7), (4, 4), (0, 0), (2, 1), (2, 7), (3, 2), (0, 7), (6, 6), (5, 7), (2, 3), (1, 1), (6, 0), (5, 5), (6, 7), (6, 4), (4, 2), (4, 7), (2, 2), (4, 4), (5, 5), (2, 0)]","['is_person', 'is_person', 'is_person', 'is_person', 'is_person', 'is_person', 'is_person', 'is_place', 'child_in_law_of', 'living_in', 'no_sisters', 'is_female', 'living_in_same_place', 'living_in', 'living_in_same_place', 'living_in', 'is_underage', 'living_in', 'living_in_same_place', 'is_underage', 'maternal_uncle_of', 'is_male', 'living_in', 'living_in_same_place', 'living_in_same_place', 'living_in', 'no_daughters', 'is_male', 'is_underage', 'living_in_same_place']","(3, 7)",['living_in'],58
"[(0, 0), (1, 1), (2, 2), (3, 3), (4, 4), (5, 5), (6, 6), (7, 7), (1, 0), (1, 7), (4, 4), (0, 0), (2, 1), (2, 7), (3, 2), (0, 7), (6, 6), (5, 7), (2, 3), (1, 1), (6, 0), (5, 5), (6, 7), (6, 4), (4, 2), (4, 7), (2, 2), (4, 4), (5, 5), (2, 0)]","['is_person', 'is_person', 'is_person', 'is_person', 'is_person', 'is_person', 'is_person', 'is_place', 'child_in_law_of', 'living_in', 'no_sisters', 'is_female', 'living_in_same_place', 'living_in', 'living_in_same_place', 'living_in', 'is_underage', 'living_in', 'living_in_same_place', 'is_underage', 'maternal_uncle_of', 'is_male', 'living_in', 'living_in_same_place', 'living_in_same_place', 'living_in', 'no_daughters', 'is_male', 'is_underage', 'living_in_same_place']","(4, 0)",['living_in_same_place'],58
"[(0, 0), (1, 1), (2, 2), (3, 3), (4, 4), (5, 5), (6, 6), (7, 7), (1, 0), (1, 7), (4, 4), (0, 0), (2, 1), (2, 7), (3, 2), (0, 7), (6, 6), (5, 7), (2, 3), (1, 1), (6, 0), (5, 5), (6, 7), (6, 4), (4, 2), (4, 7), (2, 2), (4, 4), (5, 5), (2, 0)]","['is_person', 'is_person', 'is_person', 'is_person', 'is_person', 'is_person', 'is_person', 'is_place', 'child_in_law_of', 'living_in', 'no_sisters', 'is_female', 'living_in_same_place', 'living_in', 'living_in_same_place', 'living_in', 'is_underage', 'living_in', 'living_in_same_place', 'is_underage', 'maternal_uncle_of', 'is_male', 'living_in', 'living_in_same_place', 'living_in_same_place', 'living_in', 'no_daughters', 'is_male', 'is_underage', 'living_in_same_place']","(3, 6)",['living_in_same_place'],58
"[(0, 0), (1, 1), (2, 2), (3, 3), (4, 4), (5, 5), (6, 6), (7, 7), (1, 0), (1, 7), (4, 4), (0, 0), (2, 1), (2, 7), (3, 2), (0, 7), (6, 6), (5, 7), (2, 3), (1, 1), (6, 0), (5, 5), (6, 7), (6, 4), (4, 2), (4, 7), (2, 2), (4, 4), (5, 5), (2, 0)]","['is_person', 'is_person', 'is_person', 'is_person', 'is_person', 'is_person', 'is_person', 'is_place', 'child_in_law_of', 'living_in', 'no_sisters', 'is_female', 'living_in_same_place', 'living_in', 'living_in_same_place', 'living_in', 'is_underage', 'living_in', 'living_in_same_place', 'is_underage', 'maternal_uncle_of', 'is_male', 'living_in', 'living_in_same_place', 'living_in_same_place', 'living_in', 'no_daughters', 'is_male', 'is_underage', 'living_in_same_place']","(1, 0)","['child_in_law_of', 'living_in_same_place']",58
"[(0, 0), (1, 1), (2, 2), (3, 3), (4, 4), (5, 5), (6, 6), (7, 7), (1, 0), (1, 7), (4, 4), (0, 0), (2, 1), (2, 7), (3, 2), (0, 7), (6, 6), (5, 7), (2, 3), (1, 1), (6, 0), (5, 5), (6, 7), (6, 4), (4, 2), (4, 7), (2, 2), (4, 4), (5, 5), (2, 0)]","['is_person', 'is_person', 'is_person', 'is_person', 'is_person', 'is_person', 'is_person', 'is_place', 'child_in_law_of', 'living_in', 'no_sisters', 'is_female', 'living_in_same_place', 'living_in', 'living_in_same_place', 'living_in', 'is_underage', 'living_in', 'living_in_same_place', 'is_underage', 'maternal_uncle_of', 'is_male', 'living_in', 'living_in_same_place', 'living_in_same_place', 'living_in', 'no_daughters', 'is_male', 'is_underage', 'living_in_same_place']","(4, 3)",['living_in_same_place'],58
"[(0, 0), (1, 1), (2, 2), (3, 3), (4, 4), (5, 5), (6, 6), (7, 7), (1, 0), (1, 7), (4, 4), (0, 0), (2, 1), (2, 7), (3, 2), (0, 7), (6, 6), (5, 7), (2, 3), (1, 1), (6, 0), (5, 5), (6, 7), (6, 4), (4, 2), (4, 7), (2, 2), (4, 4), (5, 5), (2, 0)]","['is_person', 'is_person', 'is_person', 'is_person', 'is_person', 'is_person', 'is_person', 'is_place', 'child_in_law_of', 'living_in', 'no_sisters', 'is_female', 'living_in_same_place', 'living_in', 'living_in_same_place', 'living_in', 'is_underage', 'living_in', 'living_in_same_place', 'is_underage', 'maternal_uncle_of', 'is_male', 'living_in', 'living_in_same_place', 'living_in_same_place', 'living_in', 'no_daughters', 'is_male', 'is_underage', 'living_in_same_place']","(6, 3)",['living_in_same_place'],58
"[(0, 0), (1, 1), (2, 2), (3, 3), (4, 4), (5, 5), (6, 6), (7, 7), (1, 0), (1, 7), (4, 4), (0, 0), (2, 1), (2, 7), (3, 2), (0, 7), (6, 6), (5, 7), (2, 3), (1, 1), (6, 0), (5, 5), (6, 7), (6, 4), (4, 2), (4, 7), (2, 2), (4, 4), (5, 5), (2, 0)]","['is_person', 'is_person', 'is_person', 'is_person', 'is_person', 'is_person', 'is_person', 'is_place', 'child_in_law_of', 'living_in', 'no_sisters', 'is_female', 'living_in_same_place', 'living_in', 'living_in_same_place', 'living_in', 'is_underage', 'living_in', 'living_in_same_place', 'is_underage', 'maternal_uncle_of', 'is_male', 'living_in', 'living_in_same_place', 'living_in_same_place', 'living_in', 'no_daughters', 'is_male', 'is_underage', 'living_in_same_place']","(2, 6)",['living_in_same_place'],58
"[(0, 0), (1, 1), (2, 2), (3, 3), (4, 4), (5, 5), (6, 6), (7, 7), (1, 0), (1, 7), (4, 4), (0, 0), (2, 1), (2, 7), (3, 2), (0, 7), (6, 6), (5, 7), (2, 3), (1, 1), (6, 0), (5, 5), (6, 7), (6, 4), (4, 2), (4, 7), (2, 2), (4, 4), (5, 5), (2, 0)]","['is_person', 'is_person', 'is_person', 'is_person', 'is_person', 'is_person', 'is_person', 'is_place', 'child_in_law_of', 'living_in', 'no_sisters', 'is_female', 'living_in_same_place', 'living_in', 'living_in_same_place', 'living_in', 'is_underage', 'living_in', 'living_in_same_place', 'is_underage', 'maternal_uncle_of', 'is_male', 'living_in', 'living_in_same_place', 'living_in_same_place', 'living_in', 'no_daughters', 'is_male', 'is_underage', 'living_in_same_place']","(1, 2)",['living_in_same_place'],58
"[(0, 0), (1, 1), (2, 2), (3, 3), (4, 4), (5, 5), (6, 6), (7, 7), (1, 0), (1, 7), (4, 4), (0, 0), (2, 1), (2, 7), (3, 2), (0, 7), (6, 6), (5, 7), (2, 3), (1, 1), (6, 0), (5, 5), (6, 7), (6, 4), (4, 2), (4, 7), (2, 2), (4, 4), (5, 5), (2, 0)]","['is_person', 'is_person', 'is_person', 'is_person', 'is_person', 'is_person', 'is_person', 'is_place', 'child_in_law_of', 'living_in', 'no_sisters', 'is_female', 'living_in_same_place', 'living_in', 'living_in_same_place', 'living_in', 'is_underage', 'living_in', 'living_in_same_place', 'is_underage', 'maternal_uncle_of', 'is_male', 'living_in', 'living_in_same_place', 'living_in_same_place', 'living_in', 'no_daughters', 'is_male', 'is_underage', 'living_in_same_place']","(2, 4)",['living_in_same_place'],58
"[(0, 0), (1, 1), (2, 2), (3, 3), (4, 4), (5, 5), (6, 6), (7, 7), (1, 0), (1, 7), (4, 4), (0, 0), (2, 1), (2, 7), (3, 2), (0, 7), (6, 6), (5, 7), (2, 3), (1, 1), (6, 0), (5, 5), (6, 7), (6, 4), (4, 2), (4, 7), (2, 2), (4, 4), (5, 5), (2, 0)]","['is_person', 'is_person', 'is_person', 'is_person', 'is_person', 'is_person', 'is_person', 'is_place', 'child_in_law_of', 'living_in', 'no_sisters', 'is_female', 'living_in_same_place', 'living_in', 'living_in_same_place', 'living_in', 'is_underage', 'living_in', 'living_in_same_place', 'is_underage', 'maternal_uncle_of', 'is_male', 'living_in', 'living_in_same_place', 'living_in_same_place', 'living_in', 'no_daughters', 'is_male', 'is_underage', 'living_in_same_place']","(1, 6)",['living_in_same_place'],58
"[(0, 0), (1, 1), (2, 2), (3, 3), (4, 4), (5, 5), (6, 6), (7, 7), (1, 0), (1, 7), (4, 4), (0, 0), (2, 1), (2, 7), (3, 2), (0, 7), (6, 6), (5, 7), (2, 3), (1, 1), (6, 0), (5, 5), (6, 7), (6, 4), (4, 2), (4, 7), (2, 2), (4, 4), (5, 5), (2, 0)]","['is_person', 'is_person', 'is_person', 'is_person', 'is_person', 'is_person', 'is_person', 'is_place', 'child_in_law_of', 'living_in', 'no_sisters', 'is_female', 'living_in_same_place', 'living_in', 'living_in_same_place', 'living_in', 'is_underage', 'living_in', 'living_in_same_place', 'is_underage', 'maternal_uncle_of', 'is_male', 'living_in', 'living_in_same_place', 'living_in_same_place', 'living_in', 'no_daughters', 'is_male', 'is_underage', 'living_in_same_place']","(3, 0)",['living_in_same_place'],58
"[(0, 0), (1, 1), (2, 2), (3, 3), (4, 4), (5, 5), (6, 6), (7, 7), (1, 0), (1, 7), (4, 4), (0, 0), (2, 1), (2, 7), (3, 2), (0, 7), (6, 6), (5, 7), (2, 3), (1, 1), (6, 0), (5, 5), (6, 7), (6, 4), (4, 2), (4, 7), (2, 2), (4, 4), (5, 5), (2, 0)]","['is_person', 'is_person', 'is_person', 'is_person', 'is_person', 'is_person', 'is_person', 'is_place', 'child_in_law_of', 'living_in', 'no_sisters', 'is_female', 'living_in_same_place', 'living_in', 'living_in_same_place', 'living_in', 'is_underage', 'living_in', 'living_in_same_place', 'is_underage', 'maternal_uncle_of', 'is_male', 'living_in', 'living_in_same_place', 'living_in_same_place', 'living_in', 'no_daughters', 'is_male', 'is_underage', 'living_in_same_place']","(4, 1)",['living_in_same_place'],58
"[(0, 0), (1, 1), (2, 2), (3, 3), (4, 4), (5, 5), (6, 6), (7, 7), (6, 6), (2, 4), (0, 1), (5, 5), (6, 7), (2, 4), (4, 7), (0, 7), (4, 1), (3, 3), (5, 5), (0, 0), (0, 0), (1, 4), (1, 1), (1, 7), (4, 4), (3, 1), (6, 3), (3, 7), (1, 5)]","['is_person', 'is_person', 'is_person', 'is_person', 'is_person', 'is_person', 'is_person', 'is_place', 'is_male', 'living_in_same_place', 'living_in_same_place', 'no_brothers', 'living_in', 'granddaughter_of', 'living_in', 'living_in', 'living_in_same_place', 'is_female', 'is_female', 'is_underage', 'is_male', 'daughter_of', 'is_underage', 'living_in', 'is_male', 'living_in_same_place', 'parent_of', 'living_in', 'living_in_same_place']","(4, 2)","['living_in_same_place', 'grandparent_of', 'grandfather_of']",59
"[(0, 0), (1, 1), (2, 2), (3, 3), (4, 4), (5, 5), (6, 6), (7, 7), (6, 6), (2, 4), (0, 1), (5, 5), (6, 7), (2, 4), (4, 7), (0, 7), (4, 1), (3, 3), (5, 5), (0, 0), (0, 0), (1, 4), (1, 1), (1, 7), (4, 4), (3, 1), (6, 3), (3, 7), (1, 5)]","['is_person', 'is_person', 'is_person', 'is_person', 'is_person', 'is_person', 'is_person', 'is_place', 'is_male', 'living_in_same_place', 'living_in_same_place', 'no_brothers', 'living_in', 'granddaughter_of', 'living_in', 'living_in', 'living_in_same_place', 'is_female', 'is_female', 'is_underage', 'is_male', 'daughter_of', 'is_underage', 'living_in', 'is_male', 'living_in_same_place', 'parent_of', 'living_in', 'living_in_same_place']","(2, 7)",['living_in'],59
"[(0, 0), (1, 1), (2, 2), (3, 3), (4, 4), (5, 5), (6, 6), (7, 7), (6, 6), (2, 4), (0, 1), (5, 5), (6, 7), (2, 4), (4, 7), (0, 7), (4, 1), (3, 3), (5, 5), (0, 0), (0, 0), (1, 4), (1, 1), (1, 7), (4, 4), (3, 1), (6, 3), (3, 7), (1, 5)]","['is_person', 'is_person', 'is_person', 'is_person', 'is_person', 'is_person', 'is_person', 'is_place', 'is_male', 'living_in_same_place', 'living_in_same_place', 'no_brothers', 'living_in', 'granddaughter_of', 'living_in', 'living_in', 'living_in_same_place', 'is_female', 'is_female', 'is_underage', 'is_male', 'daughter_of', 'is_underage', 'living_in', 'is_male', 'living_in_same_place', 'parent_of', 'living_in', 'living_in_same_place']","(4, 5)",['living_in_same_place'],59
"[(0, 0), (1, 1), (2, 2), (3, 3), (4, 4), (5, 5), (6, 6), (7, 7), (6, 6), (2, 4), (0, 1), (5, 5), (6, 7), (2, 4), (4, 7), (0, 7), (4, 1), (3, 3), (5, 5), (0, 0), (0, 0), (1, 4), (1, 1), (1, 7), (4, 4), (3, 1), (6, 3), (3, 7), (1, 5)]","['is_person', 'is_person', 'is_person', 'is_person', 'is_person', 'is_person', 'is_person', 'is_place', 'is_male', 'living_in_same_place', 'living_in_same_place', 'no_brothers', 'living_in', 'granddaughter_of', 'living_in', 'living_in', 'living_in_same_place', 'is_female', 'is_female', 'is_underage', 'is_male', 'daughter_of', 'is_underage', 'living_in', 'is_male', 'living_in_same_place', 'parent_of', 'living_in', 'living_in_same_place']","(3, 2)",['living_in_same_place'],59
"[(0, 0), (1, 1), (2, 2), (3, 3), (4, 4), (5, 5), (6, 6), (7, 7), (6, 6), (2, 4), (0, 1), (5, 5), (6, 7), (2, 4), (4, 7), (0, 7), (4, 1), (3, 3), (5, 5), (0, 0), (0, 0), (1, 4), (1, 1), (1, 7), (4, 4), (3, 1), (6, 3), (3, 7), (1, 5)]","['is_person', 'is_person', 'is_person', 'is_person', 'is_person', 'is_person', 'is_person', 'is_place', 'is_male', 'living_in_same_place', 'living_in_same_place', 'no_brothers', 'living_in', 'granddaughter_of', 'living_in', 'living_in', 'living_in_same_place', 'is_female', 'is_female', 'is_underage', 'is_male', 'daughter_of', 'is_underage', 'living_in', 'is_male', 'living_in_same_place', 'parent_of', 'living_in', 'living_in_same_place']","(5, 0)",['living_in_same_place'],59
"[(0, 0), (1, 1), (2, 2), (3, 3), (4, 4), (5, 5), (6, 6), (7, 7), (6, 6), (2, 4), (0, 1), (5, 5), (6, 7), (2, 4), (4, 7), (0, 7), (4, 1), (3, 3), (5, 5), (0, 0), (0, 0), (1, 4), (1, 1), (1, 7), (4, 4), (3, 1), (6, 3), (3, 7), (1, 5)]","['is_person', 'is_person', 'is_person', 'is_person', 'is_person', 'is_person', 'is_person', 'is_place', 'is_male', 'living_in_same_place', 'living_in_same_place', 'no_brothers', 'living_in', 'granddaughter_of', 'living_in', 'living_in', 'living_in_same_place', 'is_female', 'is_female', 'is_underage', 'is_male', 'daughter_of', 'is_underage', 'living_in', 'is_male', 'living_in_same_place', 'parent_of', 'living_in', 'living_in_same_place']","(4, 1)","['living_in_same_place', 'father_of', 'parent_of']",59
"[(0, 0), (1, 1), (2, 2), (3, 3), (4, 4), (5, 5), (6, 6), (7, 7), (6, 6), (2, 4), (0, 1), (5, 5), (6, 7), (2, 4), (4, 7), (0, 7), (4, 1), (3, 3), (5, 5), (0, 0), (0, 0), (1, 4), (1, 1), (1, 7), (4, 4), (3, 1), (6, 3), (3, 7), (1, 5)]","['is_person', 'is_person', 'is_person', 'is_person', 'is_person', 'is_person', 'is_person', 'is_place', 'is_male', 'living_in_same_place', 'living_in_same_place', 'no_brothers', 'living_in', 'granddaughter_of', 'living_in', 'living_in', 'living_in_same_place', 'is_female', 'is_female', 'is_underage', 'is_male', 'daughter_of', 'is_underage', 'living_in', 'is_male', 'living_in_same_place', 'parent_of', 'living_in', 'living_in_same_place']","(1, 4)","['daughter_of', 'living_in_same_place', 'child_of']",59
"[(0, 0), (1, 1), (2, 2), (3, 3), (4, 4), (5, 5), (6, 6), (7, 7), (6, 6), (2, 4), (0, 1), (5, 5), (6, 7), (2, 4), (4, 7), (0, 7), (4, 1), (3, 3), (5, 5), (0, 0), (0, 0), (1, 4), (1, 1), (1, 7), (4, 4), (3, 1), (6, 3), (3, 7), (1, 5)]","['is_person', 'is_person', 'is_person', 'is_person', 'is_person', 'is_person', 'is_person', 'is_place', 'is_male', 'living_in_same_place', 'living_in_same_place', 'no_brothers', 'living_in', 'granddaughter_of', 'living_in', 'living_in', 'living_in_same_place', 'is_female', 'is_female', 'is_underage', 'is_male', 'daughter_of', 'is_underage', 'living_in', 'is_male', 'living_in_same_place', 'parent_of', 'living_in', 'living_in_same_place']","(3, 5)",['living_in_same_place'],59
"[(0, 0), (1, 1), (2, 2), (3, 3), (4, 4), (5, 5), (6, 6), (7, 7), (6, 6), (2, 4), (0, 1), (5, 5), (6, 7), (2, 4), (4, 7), (0, 7), (4, 1), (3, 3), (5, 5), (0, 0), (0, 0), (1, 4), (1, 1), (1, 7), (4, 4), (3, 1), (6, 3), (3, 7), (1, 5)]","['is_person', 'is_person', 'is_person', 'is_person', 'is_person', 'is_person', 'is_person', 'is_place', 'is_male', 'living_in_same_place', 'living_in_same_place', 'no_brothers', 'living_in', 'granddaughter_of', 'living_in', 'living_in', 'living_in_same_place', 'is_female', 'is_female', 'is_underage', 'is_male', 'daughter_of', 'is_underage', 'living_in', 'is_male', 'living_in_same_place', 'parent_of', 'living_in', 'living_in_same_place']","(2, 5)",['living_in_same_place'],59
"[(0, 0), (1, 1), (2, 2), (3, 3), (4, 4), (5, 5), (6, 6), (7, 7), (6, 6), (2, 4), (0, 1), (5, 5), (6, 7), (2, 4), (4, 7), (0, 7), (4, 1), (3, 3), (5, 5), (0, 0), (0, 0), (1, 4), (1, 1), (1, 7), (4, 4), (3, 1), (6, 3), (3, 7), (1, 5)]","['is_person', 'is_person', 'is_person', 'is_person', 'is_person', 'is_person', 'is_person', 'is_place', 'is_male', 'living_in_same_place', 'living_in_same_place', 'no_brothers', 'living_in', 'granddaughter_of', 'living_in', 'living_in', 'living_in_same_place', 'is_female', 'is_female', 'is_underage', 'is_male', 'daughter_of', 'is_underage', 'living_in', 'is_male', 'living_in_same_place', 'parent_of', 'living_in', 'living_in_same_place']","(5, 3)",['living_in_same_place'],59
"[(0, 0), (1, 1), (2, 2), (3, 3), (4, 4), (5, 5), (6, 6), (7, 7), (6, 6), (2, 4), (0, 1), (5, 5), (6, 7), (2, 4), (4, 7), (0, 7), (4, 1), (3, 3), (5, 5), (0, 0), (0, 0), (1, 4), (1, 1), (1, 7), (4, 4), (3, 1), (6, 3), (3, 7), (1, 5)]","['is_person', 'is_person', 'is_person', 'is_person', 'is_person', 'is_person', 'is_person', 'is_place', 'is_male', 'living_in_same_place', 'living_in_same_place', 'no_brothers', 'living_in', 'granddaughter_of', 'living_in', 'living_in', 'living_in_same_place', 'is_female', 'is_female', 'is_underage', 'is_male', 'daughter_of', 'is_underage', 'living_in', 'is_male', 'living_in_same_place', 'parent_of', 'living_in', 'living_in_same_place']","(5, 4)",['living_in_same_place'],59
"[(0, 0), (1, 1), (2, 2), (3, 3), (4, 4), (5, 5), (6, 6), (7, 7), (6, 6), (2, 4), (0, 1), (5, 5), (6, 7), (2, 4), (4, 7), (0, 7), (4, 1), (3, 3), (5, 5), (0, 0), (0, 0), (1, 4), (1, 1), (1, 7), (4, 4), (3, 1), (6, 3), (3, 7), (1, 5)]","['is_person', 'is_person', 'is_person', 'is_person', 'is_person', 'is_person', 'is_person', 'is_place', 'is_male', 'living_in_same_place', 'living_in_same_place', 'no_brothers', 'living_in', 'granddaughter_of', 'living_in', 'living_in', 'living_in_same_place', 'is_female', 'is_female', 'is_underage', 'is_male', 'daughter_of', 'is_underage', 'living_in', 'is_male', 'living_in_same_place', 'parent_of', 'living_in', 'living_in_same_place']","(2, 4)","['living_in_same_place', 'granddaughter_of', 'grandchild_of']",59
"[(0, 0), (1, 1), (2, 2), (3, 3), (4, 4), (5, 5), (6, 6), (7, 7), (6, 6), (2, 4), (0, 1), (5, 5), (6, 7), (2, 4), (4, 7), (0, 7), (4, 1), (3, 3), (5, 5), (0, 0), (0, 0), (1, 4), (1, 1), (1, 7), (4, 4), (3, 1), (6, 3), (3, 7), (1, 5)]","['is_person', 'is_person', 'is_person', 'is_person', 'is_person', 'is_person', 'is_person', 'is_place', 'is_male', 'living_in_same_place', 'living_in_same_place', 'no_brothers', 'living_in', 'granddaughter_of', 'living_in', 'living_in', 'living_in_same_place', 'is_female', 'is_female', 'is_underage', 'is_male', 'daughter_of', 'is_underage', 'living_in', 'is_male', 'living_in_same_place', 'parent_of', 'living_in', 'living_in_same_place']","(1, 1)","['is_underage', 'is_female']",59
"[(0, 0), (1, 1), (2, 2), (3, 3), (4, 4), (5, 5), (6, 6), (7, 7), (6, 6), (2, 4), (0, 1), (5, 5), (6, 7), (2, 4), (4, 7), (0, 7), (4, 1), (3, 3), (5, 5), (0, 0), (0, 0), (1, 4), (1, 1), (1, 7), (4, 4), (3, 1), (6, 3), (3, 7), (1, 5)]","['is_person', 'is_person', 'is_person', 'is_person', 'is_person', 'is_person', 'is_person', 'is_place', 'is_male', 'living_in_same_place', 'living_in_same_place', 'no_brothers', 'living_in', 'granddaughter_of', 'living_in', 'living_in', 'living_in_same_place', 'is_female', 'is_female', 'is_underage', 'is_male', 'daughter_of', 'is_underage', 'living_in', 'is_male', 'living_in_same_place', 'parent_of', 'living_in', 'living_in_same_place']","(6, 3)","['parent_of', 'father_of']",59
"[(0, 0), (1, 1), (2, 2), (3, 3), (4, 4), (5, 5), (6, 6), (7, 7), (6, 6), (2, 4), (0, 1), (5, 5), (6, 7), (2, 4), (4, 7), (0, 7), (4, 1), (3, 3), (5, 5), (0, 0), (0, 0), (1, 4), (1, 1), (1, 7), (4, 4), (3, 1), (6, 3), (3, 7), (1, 5)]","['is_person', 'is_person', 'is_person', 'is_person', 'is_person', 'is_person', 'is_person', 'is_place', 'is_male', 'living_in_same_place', 'living_in_same_place', 'no_brothers', 'living_in', 'granddaughter_of', 'living_in', 'living_in', 'living_in_same_place', 'is_female', 'is_female', 'is_underage', 'is_male', 'daughter_of', 'is_underage', 'living_in', 'is_male', 'living_in_same_place', 'parent_of', 'living_in', 'living_in_same_place']","(0, 2)",['living_in_same_place'],59
"[(0, 0), (1, 1), (2, 2), (3, 3), (4, 4), (5, 5), (6, 6), (7, 7), (6, 6), (2, 4), (0, 1), (5, 5), (6, 7), (2, 4), (4, 7), (0, 7), (4, 1), (3, 3), (5, 5), (0, 0), (0, 0), (1, 4), (1, 1), (1, 7), (4, 4), (3, 1), (6, 3), (3, 7), (1, 5)]","['is_person', 'is_person', 'is_person', 'is_person', 'is_person', 'is_person', 'is_person', 'is_place', 'is_male', 'living_in_same_place', 'living_in_same_place', 'no_brothers', 'living_in', 'granddaughter_of', 'living_in', 'living_in', 'living_in_same_place', 'is_female', 'is_female', 'is_underage', 'is_male', 'daughter_of', 'is_underage', 'living_in', 'is_male', 'living_in_same_place', 'parent_of', 'living_in', 'living_in_same_place']","(0, 5)",['living_in_same_place'],59
"[(0, 0), (1, 1), (2, 2), (3, 3), (4, 4), (5, 5), (6, 6), (7, 7), (6, 6), (2, 4), (0, 1), (5, 5), (6, 7), (2, 4), (4, 7), (0, 7), (4, 1), (3, 3), (5, 5), (0, 0), (0, 0), (1, 4), (1, 1), (1, 7), (4, 4), (3, 1), (6, 3), (3, 7), (1, 5)]","['is_person', 'is_person', 'is_person', 'is_person', 'is_person', 'is_person', 'is_person', 'is_place', 'is_male', 'living_in_same_place', 'living_in_same_place', 'no_brothers', 'living_in', 'granddaughter_of', 'living_in', 'living_in', 'living_in_same_place', 'is_female', 'is_female', 'is_underage', 'is_male', 'daughter_of', 'is_underage', 'living_in', 'is_male', 'living_in_same_place', 'parent_of', 'living_in', 'living_in_same_place']","(3, 4)",['living_in_same_place'],59
"[(0, 0), (1, 1), (2, 2), (3, 3), (4, 4), (5, 5), (6, 6), (7, 7), (6, 6), (2, 4), (0, 1), (5, 5), (6, 7), (2, 4), (4, 7), (0, 7), (4, 1), (3, 3), (5, 5), (0, 0), (0, 0), (1, 4), (1, 1), (1, 7), (4, 4), (3, 1), (6, 3), (3, 7), (1, 5)]","['is_person', 'is_person', 'is_person', 'is_person', 'is_person', 'is_person', 'is_person', 'is_place', 'is_male', 'living_in_same_place', 'living_in_same_place', 'no_brothers', 'living_in', 'granddaughter_of', 'living_in', 'living_in', 'living_in_same_place', 'is_female', 'is_female', 'is_underage', 'is_male', 'daughter_of', 'is_underage', 'living_in', 'is_male', 'living_in_same_place', 'parent_of', 'living_in', 'living_in_same_place']","(0, 3)",['living_in_same_place'],59
"[(0, 0), (1, 1), (2, 2), (3, 3), (4, 4), (5, 5), (6, 6), (7, 7), (6, 6), (2, 4), (0, 1), (5, 5), (6, 7), (2, 4), (4, 7), (0, 7), (4, 1), (3, 3), (5, 5), (0, 0), (0, 0), (1, 4), (1, 1), (1, 7), (4, 4), (3, 1), (6, 3), (3, 7), (1, 5)]","['is_person', 'is_person', 'is_person', 'is_person', 'is_person', 'is_person', 'is_person', 'is_place', 'is_male', 'living_in_same_place', 'living_in_same_place', 'no_brothers', 'living_in', 'granddaughter_of', 'living_in', 'living_in', 'living_in_same_place', 'is_female', 'is_female', 'is_underage', 'is_male', 'daughter_of', 'is_underage', 'living_in', 'is_male', 'living_in_same_place', 'parent_of', 'living_in', 'living_in_same_place']","(0, 4)",['living_in_same_place'],59
"[(0, 0), (1, 1), (2, 2), (3, 3), (4, 4), (5, 5), (6, 6), (7, 7), (6, 6), (2, 4), (0, 1), (5, 5), (6, 7), (2, 4), (4, 7), (0, 7), (4, 1), (3, 3), (5, 5), (0, 0), (0, 0), (1, 4), (1, 1), (1, 7), (4, 4), (3, 1), (6, 3), (3, 7), (1, 5)]","['is_person', 'is_person', 'is_person', 'is_person', 'is_person', 'is_person', 'is_person', 'is_place', 'is_male', 'living_in_same_place', 'living_in_same_place', 'no_brothers', 'living_in', 'granddaughter_of', 'living_in', 'living_in', 'living_in_same_place', 'is_female', 'is_female', 'is_underage', 'is_male', 'daughter_of', 'is_underage', 'living_in', 'is_male', 'living_in_same_place', 'parent_of', 'living_in', 'living_in_same_place']","(2, 1)",['living_in_same_place'],59
"[(0, 0), (1, 1), (2, 2), (3, 3), (4, 4), (5, 5), (6, 6), (7, 7), (6, 6), (2, 4), (0, 1), (5, 5), (6, 7), (2, 4), (4, 7), (0, 7), (4, 1), (3, 3), (5, 5), (0, 0), (0, 0), (1, 4), (1, 1), (1, 7), (4, 4), (3, 1), (6, 3), (3, 7), (1, 5)]","['is_person', 'is_person', 'is_person', 'is_person', 'is_person', 'is_person', 'is_person', 'is_place', 'is_male', 'living_in_same_place', 'living_in_same_place', 'no_brothers', 'living_in', 'granddaughter_of', 'living_in', 'living_in', 'living_in_same_place', 'is_female', 'is_female', 'is_underage', 'is_male', 'daughter_of', 'is_underage', 'living_in', 'is_male', 'living_in_same_place', 'parent_of', 'living_in', 'living_in_same_place']","(1, 3)",['living_in_same_place'],59
"[(0, 0), (1, 1), (2, 2), (3, 3), (4, 4), (5, 5), (6, 6), (7, 7), (6, 6), (2, 4), (0, 1), (5, 5), (6, 7), (2, 4), (4, 7), (0, 7), (4, 1), (3, 3), (5, 5), (0, 0), (0, 0), (1, 4), (1, 1), (1, 7), (4, 4), (3, 1), (6, 3), (3, 7), (1, 5)]","['is_person', 'is_person', 'is_person', 'is_person', 'is_person', 'is_person', 'is_person', 'is_place', 'is_male', 'living_in_same_place', 'living_in_same_place', 'no_brothers', 'living_in', 'granddaughter_of', 'living_in', 'living_in', 'living_in_same_place', 'is_female', 'is_female', 'is_underage', 'is_male', 'daughter_of', 'is_underage', 'living_in', 'is_male', 'living_in_same_place', 'parent_of', 'living_in', 'living_in_same_place']","(5, 7)",['living_in'],59
"[(0, 0), (1, 1), (2, 2), (3, 3), (4, 4), (5, 5), (6, 6), (7, 7), (6, 6), (2, 4), (0, 1), (5, 5), (6, 7), (2, 4), (4, 7), (0, 7), (4, 1), (3, 3), (5, 5), (0, 0), (0, 0), (1, 4), (1, 1), (1, 7), (4, 4), (3, 1), (6, 3), (3, 7), (1, 5)]","['is_person', 'is_person', 'is_person', 'is_person', 'is_person', 'is_person', 'is_person', 'is_place', 'is_male', 'living_in_same_place', 'living_in_same_place', 'no_brothers', 'living_in', 'granddaughter_of', 'living_in', 'living_in', 'living_in_same_place', 'is_female', 'is_female', 'is_underage', 'is_male', 'daughter_of', 'is_underage', 'living_in', 'is_male', 'living_in_same_place', 'parent_of', 'living_in', 'living_in_same_place']","(5, 2)",['living_in_same_place'],59
"[(0, 0), (1, 1), (2, 2), (3, 3), (4, 4), (5, 5), (6, 6), (7, 7), (6, 6), (2, 4), (0, 1), (5, 5), (6, 7), (2, 4), (4, 7), (0, 7), (4, 1), (3, 3), (5, 5), (0, 0), (0, 0), (1, 4), (1, 1), (1, 7), (4, 4), (3, 1), (6, 3), (3, 7), (1, 5)]","['is_person', 'is_person', 'is_person', 'is_person', 'is_person', 'is_person', 'is_person', 'is_place', 'is_male', 'living_in_same_place', 'living_in_same_place', 'no_brothers', 'living_in', 'granddaughter_of', 'living_in', 'living_in', 'living_in_same_place', 'is_female', 'is_female', 'is_underage', 'is_male', 'daughter_of', 'is_underage', 'living_in', 'is_male', 'living_in_same_place', 'parent_of', 'living_in', 'living_in_same_place']","(4, 0)",['living_in_same_place'],59
"[(0, 0), (1, 1), (2, 2), (3, 3), (4, 4), (5, 5), (6, 6), (7, 7), (6, 6), (2, 4), (0, 1), (5, 5), (6, 7), (2, 4), (4, 7), (0, 7), (4, 1), (3, 3), (5, 5), (0, 0), (0, 0), (1, 4), (1, 1), (1, 7), (4, 4), (3, 1), (6, 3), (3, 7), (1, 5)]","['is_person', 'is_person', 'is_person', 'is_person', 'is_person', 'is_person', 'is_person', 'is_place', 'is_male', 'living_in_same_place', 'living_in_same_place', 'no_brothers', 'living_in', 'granddaughter_of', 'living_in', 'living_in', 'living_in_same_place', 'is_female', 'is_female', 'is_underage', 'is_male', 'daughter_of', 'is_underage', 'living_in', 'is_male', 'living_in_same_place', 'parent_of', 'living_in', 'living_in_same_place']","(1, 0)",['living_in_same_place'],59
"[(0, 0), (1, 1), (2, 2), (3, 3), (4, 4), (5, 5), (6, 6), (7, 7), (6, 6), (2, 4), (0, 1), (5, 5), (6, 7), (2, 4), (4, 7), (0, 7), (4, 1), (3, 3), (5, 5), (0, 0), (0, 0), (1, 4), (1, 1), (1, 7), (4, 4), (3, 1), (6, 3), (3, 7), (1, 5)]","['is_person', 'is_person', 'is_person', 'is_person', 'is_person', 'is_person', 'is_person', 'is_place', 'is_male', 'living_in_same_place', 'living_in_same_place', 'no_brothers', 'living_in', 'granddaughter_of', 'living_in', 'living_in', 'living_in_same_place', 'is_female', 'is_female', 'is_underage', 'is_male', 'daughter_of', 'is_underage', 'living_in', 'is_male', 'living_in_same_place', 'parent_of', 'living_in', 'living_in_same_place']","(5, 1)",['living_in_same_place'],59
"[(0, 0), (1, 1), (2, 2), (3, 3), (4, 4), (5, 5), (6, 6), (7, 7), (6, 6), (2, 4), (0, 1), (5, 5), (6, 7), (2, 4), (4, 7), (0, 7), (4, 1), (3, 3), (5, 5), (0, 0), (0, 0), (1, 4), (1, 1), (1, 7), (4, 4), (3, 1), (6, 3), (3, 7), (1, 5)]","['is_person', 'is_person', 'is_person', 'is_person', 'is_person', 'is_person', 'is_person', 'is_place', 'is_male', 'living_in_same_place', 'living_in_same_place', 'no_brothers', 'living_in', 'granddaughter_of', 'living_in', 'living_in', 'living_in_same_place', 'is_female', 'is_female', 'is_underage', 'is_male', 'daughter_of', 'is_underage', 'living_in', 'is_male', 'living_in_same_place', 'parent_of', 'living_in', 'living_in_same_place']","(4, 3)",['living_in_same_place'],59
"[(0, 0), (1, 1), (2, 2), (3, 3), (4, 4), (5, 5), (6, 6), (7, 7), (6, 6), (2, 4), (0, 1), (5, 5), (6, 7), (2, 4), (4, 7), (0, 7), (4, 1), (3, 3), (5, 5), (0, 0), (0, 0), (1, 4), (1, 1), (1, 7), (4, 4), (3, 1), (6, 3), (3, 7), (1, 5)]","['is_person', 'is_person', 'is_person', 'is_person', 'is_person', 'is_person', 'is_person', 'is_place', 'is_male', 'living_in_same_place', 'living_in_same_place', 'no_brothers', 'living_in', 'granddaughter_of', 'living_in', 'living_in', 'living_in_same_place', 'is_female', 'is_female', 'is_underage', 'is_male', 'daughter_of', 'is_underage', 'living_in', 'is_male', 'living_in_same_place', 'parent_of', 'living_in', 'living_in_same_place']","(3, 6)","['child_of', 'daughter_of']",59
"[(0, 0), (1, 1), (2, 2), (3, 3), (4, 4), (5, 5), (6, 6), (7, 7), (6, 6), (2, 4), (0, 1), (5, 5), (6, 7), (2, 4), (4, 7), (0, 7), (4, 1), (3, 3), (5, 5), (0, 0), (0, 0), (1, 4), (1, 1), (1, 7), (4, 4), (3, 1), (6, 3), (3, 7), (1, 5)]","['is_person', 'is_person', 'is_person', 'is_person', 'is_person', 'is_person', 'is_person', 'is_place', 'is_male', 'living_in_same_place', 'living_in_same_place', 'no_brothers', 'living_in', 'granddaughter_of', 'living_in', 'living_in', 'living_in_same_place', 'is_female', 'is_female', 'is_underage', 'is_male', 'daughter_of', 'is_underage', 'living_in', 'is_male', 'living_in_same_place', 'parent_of', 'living_in', 'living_in_same_place']","(2, 3)",['living_in_same_place'],59
"[(0, 0), (1, 1), (2, 2), (3, 3), (4, 4), (5, 5), (6, 6), (7, 7), (6, 6), (2, 4), (0, 1), (5, 5), (6, 7), (2, 4), (4, 7), (0, 7), (4, 1), (3, 3), (5, 5), (0, 0), (0, 0), (1, 4), (1, 1), (1, 7), (4, 4), (3, 1), (6, 3), (3, 7), (1, 5)]","['is_person', 'is_person', 'is_person', 'is_person', 'is_person', 'is_person', 'is_person', 'is_place', 'is_male', 'living_in_same_place', 'living_in_same_place', 'no_brothers', 'living_in', 'granddaughter_of', 'living_in', 'living_in', 'living_in_same_place', 'is_female', 'is_female', 'is_underage', 'is_male', 'daughter_of', 'is_underage', 'living_in', 'is_male', 'living_in_same_place', 'parent_of', 'living_in', 'living_in_same_place']","(2, 2)",['is_female'],59
"[(0, 0), (1, 1), (2, 2), (3, 3), (4, 4), (5, 5), (6, 6), (7, 7), (6, 6), (2, 4), (0, 1), (5, 5), (6, 7), (2, 4), (4, 7), (0, 7), (4, 1), (3, 3), (5, 5), (0, 0), (0, 0), (1, 4), (1, 1), (1, 7), (4, 4), (3, 1), (6, 3), (3, 7), (1, 5)]","['is_person', 'is_person', 'is_person', 'is_person', 'is_person', 'is_person', 'is_person', 'is_place', 'is_male', 'living_in_same_place', 'living_in_same_place', 'no_brothers', 'living_in', 'granddaughter_of', 'living_in', 'living_in', 'living_in_same_place', 'is_female', 'is_female', 'is_underage', 'is_male', 'daughter_of', 'is_underage', 'living_in', 'is_male', 'living_in_same_place', 'parent_of', 'living_in', 'living_in_same_place']","(1, 2)",['living_in_same_place'],59
"[(0, 0), (1, 1), (2, 2), (3, 3), (4, 4), (5, 5), (6, 6), (7, 7), (6, 6), (2, 4), (0, 1), (5, 5), (6, 7), (2, 4), (4, 7), (0, 7), (4, 1), (3, 3), (5, 5), (0, 0), (0, 0), (1, 4), (1, 1), (1, 7), (4, 4), (3, 1), (6, 3), (3, 7), (1, 5)]","['is_person', 'is_person', 'is_person', 'is_person', 'is_person', 'is_person', 'is_person', 'is_place', 'is_male', 'living_in_same_place', 'living_in_same_place', 'no_brothers', 'living_in', 'granddaughter_of', 'living_in', 'living_in', 'living_in_same_place', 'is_female', 'is_female', 'is_underage', 'is_male', 'daughter_of', 'is_underage', 'living_in', 'is_male', 'living_in_same_place', 'parent_of', 'living_in', 'living_in_same_place']","(2, 0)",['living_in_same_place'],59
"[(0, 0), (1, 1), (2, 2), (3, 3), (4, 4), (5, 5), (6, 6), (7, 7), (6, 6), (2, 4), (0, 1), (5, 5), (6, 7), (2, 4), (4, 7), (0, 7), (4, 1), (3, 3), (5, 5), (0, 0), (0, 0), (1, 4), (1, 1), (1, 7), (4, 4), (3, 1), (6, 3), (3, 7), (1, 5)]","['is_person', 'is_person', 'is_person', 'is_person', 'is_person', 'is_person', 'is_person', 'is_place', 'is_male', 'living_in_same_place', 'living_in_same_place', 'no_brothers', 'living_in', 'granddaughter_of', 'living_in', 'living_in', 'living_in_same_place', 'is_female', 'is_female', 'is_underage', 'is_male', 'daughter_of', 'is_underage', 'living_in', 'is_male', 'living_in_same_place', 'parent_of', 'living_in', 'living_in_same_place']","(3, 0)",['living_in_same_place'],59
